title,ingredients,directions,NER,link,dish type,estimated kcal,estimated servings,llm_est_servings,llm_reason_servings,est. kcal / serving,are servings estimated,tot carbo,tot sugars,tot fiber,tot protein,original_row,is_gluten_free,is_crustacean_free,is_egg_free,is_fish_free,is_peanut_free,is_soy_free,is_milk_free,is_tree_nut_free,is_celery_free,is_mustard_free,is_sesame_free,is_sulphite_free,is_lupin_free,is_mollusc_free,is_halal,is_kosher,is_vegan,is_vegetarian,is_mediterranean
Butterhorn Rolls,"['1 cake yeast (17.0 g)', '108.0 g sugar', '4.5 g salt', '247.2 g milk, lukewarm', '2 eggs, beaten (100.0 g)', '517.5 g flour, sifted', '109.3 g butter, melted (no substitutions)']","['Crumble yeast into a bowl; add sugar, salt, milk, and eggs.', 'Mix well; add half of flour and beat well.', 'Add melted butter and remainder of flour.', 'Knead until smooth, cover and let rise in a warm place until doubled.', 'Divide in half, roll each piece into a circle 1/4 inch thick.', 'Butter, if you like and cut each piece into 16 pie shaped pieces.', 'Roll each piece, beginning at the wide end towards the tip end, so that the tip is kept at an equal distance from each end of the roll.', 'Arrange shaped rolls on a well-greased baking sheet, placing the tip underneath the roll to prevent it from popping up and spoiling the shape of the roll.', 'Allow rolls to rise until doubled and bake at 375F for 12 to 15 minutes.', '*To make crescent rolls, curve rolls slightly.', '*To make butterleaf rolls, roll dough into a very think rectangular sheet, brush with melted butter; cut into strips 1 inch wide and pile 6 or 7 together. Cut into 1 1/2 inch pieces and place on end in greased muffin pans. Cover and let rise till doubled and bake as above.']","[""sugar"", ""cake yeast"", ""eggs"", ""flour"", ""milk"", ""butter"", ""salt""]",www.food.com/recipe/butterhorn-rolls-229610,side,4184.7,21.0,8.0,"Based on the ingredients provided, especially the amount of flour (517.5 g), it can be reasonably estimated that this recipe serves around 8 to 10 people.",199.3,True,632.2,252.0,15.1,131.5,1130790.0,False,True,False,True,True,True,False,True,True,True,True,True,True,True,True,True,False,True,True
Butterhorn Rolls,"['575.0 g flour', '14.0 g yeast (2 Tbsp.)', '240.0 g warm tap water', '26.6 g sugar', '3 eggs, beaten (150.0 g)', '109.2 g margarine or butter', '6.0 g salt', '108.0 g sugar', 'Crisco oil']","['Dissolve yeast and 2 tablespoons of sugar in warm tap water. Cream the butter with well beaten eggs.', 'Add yeast mixture, 1/2 cup of flour, salt and remaining 1/2 cup of sugar.', 'Beat until smooth.', 'Add rest of flour and mix by spoon.', 'Place in greased bowl and cover.', 'Set in refrigerator overnight.']","[""oil"", ""sugar"", ""eggs"", ""water"", ""flour"", ""margarine"", ""yeast"", ""salt""]",www.cookbooks.com/Recipe-Details.aspx?id=710055,side,4490.5,22.0,8.0,"estimated based on the substantial amount of ingredients and the overnight rising process, which is common for bread recipes yielding multiple servings.",204.1,True,568.6,145.2,16.4,140.9,774668.0,False,True,False,True,True,True,False,True,True,True,True,True,True,True,True,True,False,True,True
Butterhorn Rolls,"['3 eggs (150.0 g)', '108.0 g sugar', '7.0 g yeast', '240.0 g water', '112.5 g butter (1 stick)', '6.0 g salt', '575.0 g sifted flour']","['Combine sugar, yeast, salt and 1 cup flour in a large bowl. Heat water and butter to 128° to 130° with candy thermometer.', 'Add and slowly beat on low into flour mixture for 2 minutes.', 'Add eggs and 1 more cup of flour.', 'Again, beat slowly to mix, then medium speed for 2 minutes.', 'Take beaters out and add enough flour to make a soft dough.', 'Knead.', ""Watch you don't get too much flour in them. When dough doesn't stick to board, put into greased bowl and let rise to double in bulk."", 'Punch down.', 'Divide in 4 parts.', 'Roll 1/4-inch thick.', 'Using pastry brush, spread with melted butter. Cut in pie shaped angles and roll like you would for crescent rolls.', 'Start at wide area first.', 'Let rise.', 'Partially bake at 400° until begins to brown.', 'Cool.', 'Freeze on cookie sheet, then bag them.', 'When you want rolls, take out desired amount and finish baking them.']","[""sugar"", ""eggs"", ""water"", ""flour"", ""yeast"", ""butter"", ""salt""]",www.cookbooks.com/Recipe-Details.aspx?id=422928,side,4388.4,22.0,5.0,"Given the ingredients and the size of the dough, it seems like a single batch could reasonably serve 4 to 6 people",199.5,True,539.0,118.6,16.0,140.2,128473.0,False,True,False,True,True,True,False,True,True,True,True,True,True,True,True,True,False,True,True
Butterhorn Rolls,"['7.0 g yeast', '13.3 g sugar', '60.0 g lukewarm water', '108.0 g sugar', '102.0 g shortening, melted', '7.5 g salt', '3 slightly beaten eggs (150.0 g)', '517.5 g flour', '247.2 g milk, scalded']","['Combine yeast, 1 tablespoon sugar and lukewarm water.', 'Add sugar, shortening and salt to milk; cool.', 'Add beaten eggs and yeast mixture to milk. Add flour and mix well.', 'Put dough in greased bowl and brush with melted shortening.', 'Cover and chill in refrigerator.', 'Place dough on lightly floured board and roll into 8 inch circle.', 'Brush with melted shortening.', 'Cut in shapes of pie pieces.', 'Let rise until doubled.', 'Bake 12 to 15 minutes at 400°.']","[""sugar"", ""shortening"", ""eggs"", ""water"", ""flour"", ""yeast"", ""milk"", ""salt""]",www.cookbooks.com/Recipe-Details.aspx?id=259211,side,4393.1,22.0,6.0,"The recipe yields 6 to 8 servings, which aligns with the typical portion sizes for butterhorn rolls.",199.7,True,643.9,265.3,14.4,152.2,581181.0,False,True,False,True,True,True,False,True,True,True,True,True,True,True,True,True,False,True,True
Butterhorn Rolls,"['7.0 g yeast', '3 eggs (150.0 g)', '3.0 g salt', '690.0 g flour', '108.0 g sugar', '109.2 g oleo', '247.2 g warm milk']","['Preheat oven to 400°.', 'Dissolve yeast in 1 tablespoon g warm water.', 'Add other ingredients.', 'Knead down and let rise once.', 'Divide dough into 3 balls.', 'Roll round and thin as pie crust.', 'Spread with butter; cut as pie.', 'Roll each piece, starting from outer edge to point.', 'Place far enough apart on pan so as not to touch when they rise.', 'Let rise.', 'Bake 10 to 15 minutes at 400°.', 'Brush with butter when removed from oven.']","[""oleo"", ""sugar"", ""warm milk"", ""eggs"", ""flour"", ""yeast"", ""salt""]",www.cookbooks.com/Recipe-Details.aspx?id=904208,side,5100.8,26.0,6.0,directions suggest this kind of pan which is fitting for a 3 servings recipe,196.2,True,759.0,254.9,19.1,171.9,80590.0,False,True,False,True,True,True,False,True,True,True,True,True,True,True,True,True,False,True,True
Butterhorn Rolls,"['7.0 g dry yeast', '108.0 g sugar', '3 eggs (150.0 g)', '6.0 g salt', '240.0 g warm water', '460.0 g flour (self-rising)', '136.0 g shortening']","['Dissolve yeast in warm water, then add other ingredients.', 'Let set in refrigerator overnight.', 'Roll out or spoon into buttered roll pan or baking sheet.', 'Bake at 350° until golden brown.']","[""sugar"", ""shortening"", ""eggs"", ""water"", ""flour"", ""yeast"", ""salt""]",www.cookbooks.com/Recipe-Details.aspx?id=827181,side,4198.7,21.0,8.0,directions suggest this kind of pan which is fitting for a 3 servings recipe,199.9,True,453.4,116.6,12.9,126.1,136567.0,False,True,False,True,True,True,True,True,True,True,True,True,True,True,True,True,False,True,True
Butterhorn Rolls,"['7.0 g yeast', '108.0 g sugar', '102.0 g shortening', '6.0 g salt', '2 eggs, well beaten (100.0 g)', '460.0 g sifted flour', 'melted butter']","['Dissolve yeast in 3 tablespoons warm water.', 'Combine sugar, shortening, 1 cup warm water, salt and eggs in large bowl; mix well.', 'Add yeast and flour; beat until smooth.', 'Cover.', 'Refrigerate overnight.']","[""sugar"", ""shortening"", ""eggs"", ""flour"", ""yeast"", ""butter"", ""salt""]",www.cookbooks.com/Recipe-Details.aspx?id=895178,side,3826.6,19.0,2.0,"directions suggest overnight refrigeration which is common for making dough and then rolling out, typically serving 2 rolls per person",201.4,True,452.8,116.3,12.9,102.1,232505.0,False,True,False,True,True,True,False,True,True,True,True,True,True,True,True,True,False,True,True
Butterhorn Rolls,"['3 eggs, beaten (150.0 g)', '108.0 g sugar', '1 cake yeast (17.0 g)', '4.4 g sugar', '109.2 g shortening or margarine', '247.2 g warm milk', '575.0 g flour']","['Mix yeast and sugar together.', 'Mix eggs, sugar, yeast mixture and shortening together.', 'Knead with flour, adding milk gradually. Let rise about 1 hour.', 'Knead down again.', 'Roll out into a circle.', 'Cut in triangles from center to edge.', 'Roll up.', 'Place on pans and let rise 2 hours.', 'Bake at 400° until brown.', ""Check from time to time to see that bottoms aren't burning.""]","[""sugar"", ""cake yeast"", ""shortening"", ""warm milk"", ""eggs"", ""flour""]",www.cookbooks.com/Recipe-Details.aspx?id=585439,side,4565.2,23.0,8.0,directions suggest this kind of pan which is fitting for a 3 servings recipe,198.5,True,679.8,257.5,16.6,161.2,893807.0,False,True,False,True,True,True,False,True,True,True,True,True,True,True,True,True,False,True,True
Butterhorn Rolls,"['204.0 g shortening', '247.2 g milk', '7.0 g active dry yeast', '4.4 g white sugar', '120.0 g warm water (110 degrees F/45 degrees C)', '2 eggs (100.0 g)', '108.0 g white sugar', '12.0 g salt', '723.6 g all-purpose flour', '4.4 g baking powder', '109.3 g butter, softened']","['In a small saucepan, combine shortening and milk.', 'Heat until shortening is melted; set aside to cool.', 'Dissolve the yeast and 1 teaspoon sugar in the warm water.', 'In a large bowl, beat the eggs, 1/2 cup sugar, and salt together.', 'Add the milk mixture and yeast mixture to the egg mixture, stirring to blend.', 'Sift in the flour and baking powder, and mix well.', 'Cover, and refrigerate overnight.', 'Divide dough into fourths, and on a floured surface, roll out into 1/2 inch thick circles.', 'Spread surface with the soft butter.', ' Cut each circle like a pie into 8 triangles, and roll up from larger to small end.', 'Place rolls point side down on a baking sheet, and allow to rise until doubled, 3 to 4 hours.', 'Preheat oven to 400 degrees F (200 degrees C.)', 'Bake rolls for 8 to 10 minutes in the preheated oven, or until golden brown.']","[""warm water"", ""baking powder"", ""milk"", ""salt"", ""shortening"", ""eggs"", ""flour"", ""white sugar"", ""butter"", ""active dry yeast""]",www.allrecipes.com/recipe/9085/butterhorn-rolls/,side,5975.2,30.0,7.0,"Given the quantities of the main ingredients, it seems like this could serve around 6 to 8 people.",199.2,True,803.2,249.3,20.1,144.7,927406.0,False,True,False,True,True,True,False,True,True,True,True,True,True,True,True,True,False,True,True
Butterhorn Rolls,"['28.1 g yeast, softened in 1/4 c. water', '4.4 g sugar', '494.4 g warm milk', '6 beaten eggs (300.0 g)', '920.1 g flour', '145.6 g oleo', '6.0 g salt', '162.0 g sugar']","['Heat milk, then cool a little; add oleo, sugar and salt.', 'Add eggs and flour.', 'Stir and knead.', 'Raise until double.', 'Knead down again.', 'Divide into 4.', 'Roll out onto a 16-inch circle.', 'Cut into 12 to 16 pie shaped pieces.', 'Roll from the wide end to the point. Bake for 15 minutes at 350°.']","[""oleo"", ""sugar"", ""warm milk"", ""eggs"", ""flour"", ""yeast"", ""salt""]",www.cookbooks.com/Recipe-Details.aspx?id=525098,side,7192.5,36.0,4.0,"The recipe involves dividing the dough into 4 parts and rolling out into a circle, followed by cutting into 12 to 16 pieces. This division and cutting pattern suggests a portion size of around 3 to 4 pieces per roll, leading to an estimated 4 servings.",199.8,True,1129.0,452.8,26.7,294.7,501346.0,False,True,False,True,True,True,False,True,True,True,True,True,True,True,True,True,False,True,True
Butterhorn Rolls,"['247.2 g scalded milk', '102.0 g shortening', '108.0 g sugar', '6.0 g salt', '7.0 g cake yeast', '2 eggs, beaten (100.0 g)', '517.5 g flour']","['Combine the first 4 ingredients.', 'Add the remaining ingredients.', 'Mix well.', 'Flour a clean surface.', 'Pour batter on floured surface and a little flour at a time on batter.', 'Knead well; let rise double in bulk.', 'Oil or grease a pan.', 'Make into rolls; let rise double in bulk.', 'Bake at 350° for 10 or 15 minutes, until brown as you like.']","[""sugar"", ""cake yeast"", ""shortening"", ""eggs"", ""flour"", ""milk"", ""salt""]",www.cookbooks.com/Recipe-Details.aspx?id=784404,side,4270.1,21.0,12.0,"The recipe yields a single loaf of bread, which is commonly associated with 12-16 servings. This fits the typical serving size for a Butterhorn Roll recipe.",203.3,True,630.1,251.7,14.4,128.2,315441.0,False,True,False,True,True,True,False,True,True,True,True,True,True,True,True,True,False,True,True
Butterhorn Rolls,"['7.0 g yeast', '80.0 g water', '123.6 g milk, scalded', '6.0 g salt', '54.0 g sugar', '1 egg (50.0 g)', '258.8 g flour']","['Dissolve yeast in water.', 'Cool milk and add it with egg, salt, sugar, then flour.', 'Mix and knead.', 'Let rinse until double in size.', 'Roll out in circles and brush with melted oleo.', 'Cut in pie-shaped wedges; roll up.', 'Brush with oleo again.', 'Let rise. Bake 15 minutes in 400° oven or until golden brown.']","[""egg"", ""sugar"", ""water"", ""flour"", ""yeast"", ""milk"", ""salt""]",www.cookbooks.com/Recipe-Details.aspx?id=305862,side,1695.6,8.0,4.0,directions suggest this kind of pan which is fitting for a 3 servings recipe,212.0,True,315.8,125.9,7.4,65.0,335410.0,False,True,False,True,True,True,False,True,True,True,True,True,True,True,True,True,False,True,True
Butterhorn Rolls,"['7.0 g yeast', '108.0 g sugar', '102.0 g shortening', '6.0 g salt', '2 eggs (100.0 g)', '460.0 g flour']","['Soften yeast in 3 tablespoons warm water.', 'Combine sugar, shortening, 1 cup warm water, salt and eggs in large bowl.', 'Mix well.', 'Add yeast and flour; beat until smooth.', 'Cover and refrigerate overnight.']","[""sugar"", ""shortening"", ""eggs"", ""flour"", ""yeast"", ""salt""]",www.cookbooks.com/Recipe-Details.aspx?id=951402,side,3826.6,19.0,2.0,"directions suggest overnight refrigeration which is common for making dough that needs time to rise, indicating this could serve 2-3 people",201.4,True,452.8,116.3,12.9,102.1,44869.0,False,True,False,True,True,True,True,True,True,True,True,True,True,True,True,True,False,True,True
Butterhorn Rolls,"['7.0 g yeast', '108.0 g sugar', '3 eggs, beaten slightly (150.0 g)', '460.0 g flour', '110.4 g butter', '247.2 g lukewarm milk', '3.0 g salt']","['Dissolve yeast, 1 tablespoon lukewarm water and 1 tablespoon sugar.', 'Put milk in large bowl and add yeast mixture.', 'Add sugar, oil, eggs, salt and flour.', 'Mix well with spoon.', 'Cover and keep at room temperature overnight.', 'Next day, about 4 hours before serving, knead slightly on floured board.', 'Divide in 2 equal parts.', 'Roll each into 16 pie shaped pieces.', 'Roll each piece from big end to small.', 'Let rise.', 'Bake at 425° for about 20 minutes or until golden brown.']","[""sugar"", ""eggs"", ""flour"", ""yeast"", ""milk"", ""butter"", ""salt""]",www.cookbooks.com/Recipe-Details.aspx?id=684907,side,3938.8,20.0,6.0,directions suggest this kind of pan which is fitting for a 3 servings recipe,196.9,True,587.9,251.1,12.9,146.6,354906.0,False,True,False,True,True,True,False,True,True,True,True,True,True,True,True,True,False,True,True
Butterhorn Rolls,"['7.0 g dry yeast', '240.0 g plus 3 Tbsp. warm water', '108.0 g sugar', '204.0 g shortening', '6.0 g salt', '2 eggs, beaten (100.0 g)', '460.0 g sifted flour', '109.3 g butter']","['Plan to begin recipe the day before your special dinner. Dissolve yeast in 3 Tbsp. warm water.', 'Mix sugar, shortening, water, salt and eggs.', 'Stir in yeast and flour.', 'Knead thoroughly. Cover and refrigerate overnight.', 'Divide dough in half and roll out into a big circle.', 'Brush with 1/2 of the melted butter.', 'Cut into 16 pizza-like wedges.', 'Roll each wedge from large end to point like a crescent roll.', 'Place onto a greased baking sheet or seasoned stone.', 'Do the same to the other half of the dough. Allow 32 rolls to rise for about 2 hours in a warm place until doubled in size.', 'Bake until golden brown at 350°, about 15 to 20 minutes.']","[""sugar"", ""shortening"", ""eggs"", ""water"", ""flour"", ""yeast"", ""butter"", ""salt""]",www.cookbooks.com/Recipe-Details.aspx?id=41988,side,5512.1,28.0,16.0,"The recipe involves preparing dough the day before and shaping it into 16 rolls, suggesting it serves around 16 people.",196.9,True,452.9,116.3,12.9,103.0,863499.0,False,True,False,True,True,True,False,True,True,True,True,True,True,True,True,True,False,True,True
Butterhorn Rolls,"['460.0 g flour', '3.0 g salt', '7.0 g dry yeast', '185.4 g warm milk', '54.7 g melted butter', '72.0 g sugar', '164.0 g butter', '60.0 g warm water', '1 egg, lightly beaten (50.0 g)']","['In a large bowl, combine flour, sugar and salt.', 'Cut in butter as for pie crust; set aside.', 'Dissolve yeast in water.', 'Add with the milk to the flour mixture; mix well.', 'Cover and refrigerate overnight.', 'Next day, divide dough into four equal parts.', 'On a lightly floured board, roll each portion into a 12-inch circle. Brush with 1 tablespoon of melted butter and cut into 12 pie-shaped wedges.', 'Roll up, beginning with the wide end, and place on greased cookie sheets.', 'Repeat with remaining dough.', 'Let rise in warm place until nearly doubled, about 1 hour.', 'Bake at 375° for 10 to 12 minutes or until golden brown.', 'Freeze in a plastic bag.', 'Defrost as needed.']","[""egg"", ""sugar"", ""warm water"", ""warm milk"", ""flour"", ""yeast"", ""butter"", ""salt""]",www.cookbooks.com/Recipe-Details.aspx?id=932646,side,4394.9,22.0,3.0,"The recipe involves dividing the dough into four equal parts, suggesting a portion size that could serve 3-4 people. The ingredients and directions indicate a smaller serving size.",199.8,True,517.2,181.1,12.9,94.6,80124.0,False,True,False,True,True,True,False,True,True,True,True,True,True,True,True,True,False,True,True
Seafood Soup,"['450.0 g scallops', '450.0 g mussels, scrubbed, no beards', '90.0 g chopped celery', '0.7 g saffron', '237.6 g white wine', '0.3 g thyme', 'salt and pepper to taste', '1 bay leaf (0.6 g)', '10.8 g basil', '1 lb. boneless, skinless white fish (tautog, monkfish)', '241.2 g chopped onion', '6 tomatoes, cubed (738.0 g)', '1440.0 g water', '4.7 g chopped garlic', '2.4 g Tabasco sauce', '2.0 g parsley', '27.1 g olive oil']","['Cut fish into 1-inch cubes.', 'Heat oil in pot; add onions, garlic and celery until wilted.', 'Add tomatoes, Tabasco and saffron and cook over high heat for 4 minutes.', 'Add wine, water, thyme, bay leaf, salt and pepper.', 'Bring to a boil and cook for 15 minutes. Add fish, mussels and scallops.', 'Bring to a boil and simmer for 10 minutes.', 'Stir in parsley and basil.', 'Serves 6.']","[""scallops"", ""mussels"", ""tomatoes"", ""tabasco sauce"", ""saffron"", ""onion"", ""skinless white fish"", ""water"", ""celery"", ""basil"", ""thyme"", ""white wine"", ""parsley"", ""garlic"", ""bay leaf"", ""olive oil"", ""salt""]",www.cookbooks.com/Recipe-Details.aspx?id=436280,main,1783.0,6.0,6.0,Directions clearly state 'Serves 6.' This indicates the intended serving size.,297.2,False,119.4,34.6,15.0,173.4,652597.0,True,True,True,False,True,True,True,True,False,True,True,False,True,False,False,False,False,False,True
Seafood Soup,"['4.5 g olive oil', '1 medium onion, diced (110.0 g)', '4 stalks celery, sliced (160.0 g)', '3 medium carrots, diced (183.0 g)', '2 medium potatoes, diced (426.0 g)', '142.0 g baby clams, with juice', '120.0 g crabmeat, with juice', '960.0 g chicken stock, low fat, low sodium', '484.8 g half-and-half cream', 'salt and pepper']","['Place veggies in a large pot with olive oil.', 'Sautee over medium heat to get the veggies softened a little. (About 5 minutes.).', 'Add clams and crab meat.', 'Stir to blend.', 'Add liquids.', 'Simmer for about 20 minutes, until veggies are cooked through.', 'Serve.']","[""potatoes"", ""stalks celery"", ""onion"", ""crabmeat"", ""carrots"", ""chicken stock"", ""cream"", ""baby clams"", ""olive oil"", ""salt""]",www.food.com/recipe/seafood-soup-477356,main,2116.6,4.0,4.0,"The recipe involves a mix of vegetables and liquid ingredients, typical for a serving size of 4-6 people.",529.2,True,160.6,53.4,68.3,93.7,1821625.0,True,False,True,True,True,True,False,True,False,True,True,True,True,False,True,False,False,False,True
Seafood Soup,"['55.2 g extra-virgin olive oil', 'All-purpose flour, for dredging', '340.2 g monkfish, trimmed and cut into 2-inch pieces', '1 medium onion, chopped (110.0 g)', '120.0 g chopped celery', '32.3 g tomato paste', '0.9 g peperoncino flakes', '237.6 g dry white wine', '1 red bell pepper, chopped (119.0 g)', '793.8 g Italian plum tomatoes, preferably San Marzano, crushed by hand', '3 sprigs fresh thyme (1.5 g)', '3.0 g kosher salt', '2 dozen littleneck clams, scrubbed (360.0 g)', '900.0 g mussels, scrubbed', '450.0 g large shrimp, peeled and deveined', '226.8 g jumbo lump crabmeat, picked over', '2.0 g chopped fresh Italian parsley']","['Pour the olive oil into a large Dutch oven over medium-high heat.', 'Spread the flour on a plate, and dredge monkfish in the flour, tapping off the excess.', 'Slip the monkfish into oil and brown on all sides, about 3 to 4 minutes in all.', 'Remove the monkfish to a plate.', 'Add the onion and celery to the pot.', 'Cook, stirring occasionally, until onion is softened, about 5 minutes.', 'Push aside the vegetables to make a dry hot spot in the pan and add the tomato paste.', 'Let the tomato paste toast for a minute or two, then stir it into the onion and celery.', 'Sprinkle in the peperoncino, let toast another minute, then increase heat to high, pour in the wine, and stir.', 'Cook until the wine is reduced by half, then add the bell pepper, tomatoes, thyme, and salt.', 'Slosh out the tomato can with 2 cups water, and add that as well.', 'Bring to a rapid simmer, and cook until thickened, about 10 minutes.', 'Once the sauce has thickened, return the monkfish to the pot and let cook 2 minutes.', 'Add the littlenecks, cover the pot, and simmer until the clams just begin to open, about 4 to 5 minutes.', 'Add the mussels, cover, and cook until they begin to open, another 2 minutes.', 'Finally, add the shrimp and crabmeat.', 'Simmer, uncovered, until the shrimp are just cooked through, about 4 to 5 minutes.', 'Stir in the parsley, and serve in warm bowls.', 'Instead of the crabmeat, you can also use six king-crab legs, cracked in pieces, but if so add them just before the shrimp.']","[""extra-virgin olive oil"", ""mussels"", ""tomato paste"", ""italian plum tomatoes"", ""onion"", ""fresh italian parsley"", ""celery"", ""flour"", ""peperoncino flakes"", ""thyme"", ""red bell pepper"", ""monkfish"", ""white wine"", ""kosher salt"", ""littleneck clams"", ""shrimp"", ""lump crabmeat""]",www.epicurious.com/recipes/food/views/seafood-soup-385326,main,3876.5,6.0,4.0,The recipe yields 4 servings as stated in the directions and the quantities of ingredients seem appropriate for that serving size.,646.1,True,151.9,34.9,16.3,460.7,2215888.0,False,False,True,False,True,True,True,True,False,True,True,False,True,False,False,False,False,False,True
Seafood Soup,"['3 cod fillets (693.0 g)', 'fish stock', '300.0 g shrimp', '1 onion medium, finely chopped (110.0 g)', '1 garlic clove chopped (3.0 g)', '1 celery stalk chopped (40.0 g)', '1 leek chopped (89.0 g)', '1 carrot cubed (61.0 g)', 'red pepper cubed', '143.8 g flour', '78.7 g white wine', '300.0 g mussels', 'salt to taste', 'olive oil to taste', '1 bunch cilantro chopped, for garnish, optional']","['Begin by boiling the cod fillets in salt-seasoned water. Once boiling, add the fish stock.', 'When the fish is almost finished cooking, add the shrimp.', 'Turn off the heat and remove both the fish and the shrimp.', 'Strain the leftover broth and set it aside.', 'Saute the onion, then add the garlic and remaining vegetables. Saute until softened.', 'Slowly pour all of the flour over the sauteed vegetables and stir well until it is fully mixed and has no lumps.', 'Soak the mixture with the white wine, stirring constantly until it creates a thick puree.', 'Slowly add the broth that was set aside. Once boiling, mash the mixture to create a creamy soup.', 'Flake the fish, peel the shrimp, and add both to the soup. As soon as it starts to boil, add the mussels and cook until they open.', 'Serve immediately, plain or garnished with cilantro and a piece of toast.']","[""fish stock"", ""mussels"", ""cod fillets"", ""cilantro"", ""red pepper"", ""onion"", ""flour"", ""white wine"", ""carrot"", ""shrimp"", ""garlic"", ""olive oil"", ""salt""]",www.yummly.com/recipe/Seafood-Soup-897976,main,2327.5,4.0,4.0,"The recipe specifies quantities of cod fillets, shrimp, and mussels, which are significant components. These quantities suggest a serving size of around 4-5 people, but the shrimp and mussels being already specified in quantities that imply a specific serving size, I estimate this recipe serves approximately 4 people.",581.9,True,747.2,15.3,9.8,275.4,1592021.0,False,False,True,False,True,True,True,True,False,True,True,False,True,False,False,False,False,False,True
Sweet Potato Surprise,"['6 sweet potatoes, cooked (1278.0 g)', '216.6 g brown sugar', '12.0 g cornstarch', '2.0 g grated orange rind', '0.3 g cinnamon', '244.0 g apricot juice', '182.0 g drained apricots', '26.9 g butter', '54.5 g chopped pecans']","['Cut cooked sweet potatoes in halves and arrange on buttered 7 1/2 x 12-inch baking dish.', 'Combine sugar, cornstarch, orange rind, cinnamon and apricot juice in saucepan and cook until thick. Stirring constantly.', 'Stir in apricots, butter and pecans.', 'Pour over sweet potatoes.', 'Bake in moderate oven (375°) for 25 minutes. Makes 6 to 8 servings.']","[""apricots"", ""brown sugar"", ""cinnamon"", ""pecans"", ""cornstarch"", ""apricot juice"", ""sweet potatoes"", ""butter"", ""orange rind""]",www.cookbooks.com/Recipe-Details.aspx?id=642463,side,2977.0,6.0,4.0,"directions suggest 6 to 8 servings, but given the large amount of sweet potatoes (1278.0 g), it is more likely to serve fewer people",496.2,False,557.4,325.7,52.9,28.3,398618.0,True,True,True,True,True,True,False,False,True,True,True,True,True,True,True,True,False,True,True
Sweet Potato Surprise,"['6 medium sweet potatoes (1278.0 g)', '324.0 g firmly packed light brown sugar', '12.0 g cornstarch', '2.0 g Orange zest', '0.3 g Cinnamon', '251.0 g Apricot nectar', '432.3 g sliced apricots, drained', '26.9 g butter', '54.5 g chopped pecans']","['Put sweet potatoes in pot & cover with water.', 'Bring to boil & boil on medium high heat for 20 minutes; drain well.', 'Cool until easily handled.', 'Preheat oven to 375F.', 'Remove peel from the sweet potatoes & discard.', 'Cut each potato into 1/2-inch slices.', 'Arrange sweet potato slices in a 2 qt baking dish.', 'Combine brown sugar, cornstarch, orange zest, & cinnamon in a medium saucepan & mix well.', 'Stir in apricot nectar.', 'Cook the mixture over medium heat, stirring continually, until thickened.', 'Stir in apricots.', 'Pour over sweet potatoes.', 'Dot potatoes with butter & sprinkle with pecans.', 'Bake until sauce is bubbly, about 25 minutes.']","[""orange zest"", ""brown sugar"", ""cinnamon"", ""pecans"", ""apricot nectar"", ""cornstarch"", ""sweet potatoes"", ""butter""]",cookpad.com/us/recipes/367486-sweet-potato-surprise,side,3448.0,17.0,8.0,The recipe clearly states 'Serves eight.' This provides a direct indication of the number of servings.,202.8,True,720.2,482.4,56.0,28.9,1837300.0,True,True,True,True,True,True,False,False,True,True,True,True,True,True,True,True,False,True,True
Sweet Potato Surprise,"['6 medium sweet potatoes (1278.0 g)', '324.0 g sugar', '26.9 g butter', '1.4 g cinnamon', '4.3 g vanilla', '165.0 g crushed pineapple', '146.4 g shredded coconut', '54.5 g chopped pecans', '100.0 g marshmallows']","['Cook potatoes until tender; drain.', 'Peel and slice lengthwise. Arrange in casserole.', 'Mix sugar, butter, cinnamon and vanilla; cook for 8 minutes or until butter is melted.', 'Add pineapple, coconut and pecans.', 'Pour over potatoes.', 'Bake for 20 minutes at 350°.', 'Top with marshmallows; bake until marshmallows are golden brown.', 'Serves eight.']","[""sugar"", ""vanilla"", ""marshmallows"", ""cinnamon"", ""pecans"", ""coconut"", ""sweet potatoes"", ""butter"", ""pineapple""]",www.cookbooks.com/Recipe-Details.aspx?id=817603,side,3990.8,20.0,8.0,The recipe clearly states 'Serves eight.' This provides a direct indication of the number of servings.,199.5,True,718.1,466.4,60.9,32.3,513853.0,True,True,True,True,True,True,False,False,True,True,True,True,True,True,True,True,False,True,False
Sweet Potato Surprise,"['6 medium sweet potatoes (1278.0 g)', '1 (20 oz.) can chunk pineapple (200.0 g)', '164.0 g butter', '259.9 g brown sugar, packed', '405.7 g dry sherry', 'dash of salt', '1.4 g each: nutmeg and cinnamon', '82.5 g raisins', '54.5 g chopped pecans', '242.4 g light sour cream']","['Place rack in Dutch oven, wok or roasting pan with tight cover.', 'Fill pan with hot water to within 1/4 inch of rack.', 'During cooking, add hot water to proper level.']","[""nutmeg"", ""brown sugar"", ""light sour cream"", ""pecans"", ""raisins"", ""sweet potatoes"", ""sherry"", ""butter"", ""pineapple"", ""salt""]",www.cookbooks.com/Recipe-Details.aspx?id=304919,side,5988.2,30.0,4.0,"The recipe uses 6 medium sweet potatoes which is typically enough for 4 servings. Additionally, the ingredients list includes a variety of components that suggest a substantial portion size suitable for 4 servings.",199.6,True,626.2,340.5,53.9,35.2,278083.0,True,True,True,True,True,True,False,False,True,True,True,False,True,True,False,True,False,True,True
Sweet Potato Surprise,"['510.0 g mashed and cooked sweet potatoes', '45.7 g milk', '12 marshmallows (86.4 g)', '28.1 g crushed cornflakes', 'oil (for frying)']","['Mix the potatoes with the milk to make creamy mixture.', 'Roll potato mixture around each marshmallow to make balls.', 'Roll each ball in the crushed corn flakes and let stand 30 minutes to set. Fry in deep fat.', 'Serve at once.']","[""potatoes"", ""oil"", ""marshmallows"", ""cornflakes"", ""milk""]",www.cookbooks.com/Recipe-Details.aspx?id=351435,side,923.0,5.0,4.0,"The recipe involves mixing mashed sweet potatoes with milk to create a creamy mixture, rolling it into balls, coating with crushed cornflakes, and frying. Given the quantities of the main ingredients (sweet potatoes and marshmallows), it is reasonable to estimate that this recipe serves approximately 4 people.",184.6,True,238.2,104.6,9.5,16.9,755029.0,False,True,True,True,True,True,False,True,True,True,True,True,True,True,True,True,False,True,False
Sweet Potato Surprise,"['3 c. cooked, mashed sweet potatoes', '108.0 g sugar', '109.8 g coconut', '90.9 g thin cream', '1 egg (50.0 g)', '3.0 g salt']","['Add potatoes and cream.', 'Be careful not to use too much cream. Add sugar, salt, beaten egg and coconut.', 'Let stand until cool. Press a marshmallow into the center of a portion of potato mixture and form into a ball.', 'Roll in bread crumbs and fry in deep oil. Drain on paper towels and serve while still hot.']","[""potatoes"", ""egg"", ""sugar"", ""thin cream"", ""coconut"", ""salt""]",www.cookbooks.com/Recipe-Details.aspx?id=542093,side,1153.1,6.0,6.0,"The recipe involves mixing multiple ingredients and shaping them into portions, suggesting multiple servings can be made. The directions indicate making balls and frying them, implying this recipe is designed to serve several people.",192.2,True,130.3,118.3,9.9,33.2,62887.0,True,True,False,True,True,True,False,True,True,True,True,True,True,True,True,True,False,True,True
Sweet Potato Surprise,"['450.0 g whole sweet potatoes', '216.6 g brown sugar', '12.0 g cornstarch', '6.0 g salt', '4.1 g cinnamon', '2.0 g grated orange peel', '450.0 g apricot halves', '26.9 g butter', '54.5 g pecan halves']","['Put sweet potatoes in greased baking dish.', 'In pan, cook brown sugar, juice from apricots and cornstarch until thickened.', 'Add apricots, butter, pecan halves, orange peel, cinnamon and salt. Pour over sweet potatoes.', 'Bake, uncovered, at 375° for 25 minutes.']","[""brown sugar"", ""cinnamon"", ""apricot halves"", ""cornstarch"", ""pecan halves"", ""sweet potatoes"", ""butter"", ""salt""]",www.cookbooks.com/Recipe-Details.aspx?id=895940,side,2211.2,11.0,4.0,directions suggest this kind of pan which is fitting for a 3 servings recipe,201.0,True,421.1,314.9,33.4,15.7,873448.0,True,True,True,True,True,True,False,False,True,True,True,True,True,True,True,True,False,True,True
Sweet Potato Surprise,"['1 large can sweet potatoes (299.0 g)', '216.6 g brown sugar', '24.0 g cornstarch', '0.3 g cinnamon', '244.0 g apricot juice', '1 can drained apricots', '26.9 g butter', '1/2 c. chopped pecans (optional)']","['Arrange sweet potatoes in buttered baking dish.', 'Combine sugar, cornstarch, cinnamon and apricot juice in saucepan.', 'Cook until thick, stirring constantly.', 'Stir in apricots, butter and pecans.', 'Pour over sweet potatoes.', 'Bake in moderate oven at 375° for 30 minutes.']","[""apricots"", ""brown sugar"", ""cinnamon"", ""pecans"", ""cornstarch"", ""apricot juice"", ""sweet potatoes"", ""butter""]",www.cookbooks.com/Recipe-Details.aspx?id=882431,side,1651.1,8.0,4.0,directions suggest this kind of pan which is fitting for a 3 servings recipe,206.4,True,324.8,248.7,13.2,6.8,394117.0,True,True,True,True,True,True,False,False,True,True,True,True,True,True,True,True,False,True,True
Sweet Potato Surprise,"['4 medium sweet potatoes (852.0 g)', '108.0 g sugar', '168.0 g light corn syrup (this can be omitted)', '2 eggs (100.0 g)', '1/2 stick oleo (56.5 g)']",['Whip cooked potatoes until creamy and combine all ingredients. Put into baking dish.'],"[""oleo"", ""sugar"", ""light corn syrup"", ""eggs"", ""sweet potatoes""]",www.cookbooks.com/Recipe-Details.aspx?id=326552,side,2172.5,11.0,3.0,"main ingredient sweet potatoes amounting to 852g, typical serving size for 3-4 people",197.5,True,409.4,273.0,25.6,61.4,377500.0,True,True,False,True,True,True,False,True,True,True,True,True,True,True,True,True,False,True,False
Sweet Potato Surprise,"['1 large can sweet potatoes, drained (299.0 g)', '163.8 g margarine', '2 (7-oz.) jars marshmallow cream (14.4 g)', '2 large eggs (100.0 g)', '247.2 g milk', '72.8 g margarine', '86.6 g packed brown sugar', '28.1 g crushed cornflakes', '54.5 g chopped pecans']","['Melt 3/4 c. margarine and marshmallow cream in pan over low heat, stirring constantly, until smooth.', 'Beat potatoes, marshmallow mixture, eggs and milk at medium speed in batches until smooth.', 'Spoon into 9 x 13 baking dish.', 'Melt 1/3 c. margarine and brown sugar over medium-low heat.', 'Stir in cereal and pecans.', 'Sprinkle over potato mixture and bake at 350 degrees for 1 hour.']","[""eggs"", ""marshmallow cream"", ""brown sugar"", ""pecans"", ""cornflakes"", ""margarine"", ""milk"", ""sweet potatoes""]",www.cookbooks.com/Recipe-Details.aspx?id=56446,side,3104.3,16.0,4.0,"The primary ingredient, sweet potatoes, suggests a serving size of 3 to 4, which is supported by the other ingredients being typical for a larger serving.",194.0,True,328.3,244.2,15.0,79.3,815781.0,False,True,False,True,True,True,False,False,True,True,True,True,True,True,True,True,False,True,False
Sweet Potato Surprise,"['496.0 g (#2) Sweet Potatoes', '50.0 g Miniature Marshmallows', '86.6 g Brown Sugar', '0.7 g Cinnamon', '1 small can Crushed Pineapple (165.0 g)', '54.7 g Butter', '27.2 g Chopped Pecans', '0.6 g Nutmeg']","['Preheat oven to 400 degrees.', 'Heat potatoes, thoroughly drain and mash. Add pineapple, butter, sugar, pecans, nutmeg, cinnamon and 1/2 c. marshmallows.', 'Mix thoroughly and pour into baking dish or casserole dish.', 'Top with remaining marshmallows.', 'Bake for 15 minutes or until marshmallows start to brown.']","[""potatoes"", ""marshmallows"", ""nutmeg"", ""brown sugar"", ""cinnamon"", ""pecans"", ""butter"", ""pineapple""]",www.cookbooks.com/Recipe-Details.aspx?id=15823,side,1552.1,8.0,4.0,"The recipe involves mashing sweet potatoes and adding various ingredients to form a mixture that is then baked. Given the quantities of the main ingredients (sweet potatoes, marshmallows, sugar, etc.), it is reasonable to estimate that this recipe serves around 4 people.",194.0,True,254.4,154.8,21.3,12.1,714755.0,True,True,True,True,True,True,False,False,True,True,True,True,True,True,True,True,False,True,False
Sweet Potato Surprise,"['3 sweet potatoes (639.0 g)', '2 bananas (236.0 g)', '108.0 g white sugar', '130.0 g packed brown sugar', '54.5 g chopped pecans', '63.0 g evaporated milk', '4.5 g butter', '4.3 g vanilla extract', '2.8 g ground cinnamon', '1.1 g ground nutmeg', '73.2 g shredded coconut', '75.0 g miniature marshmallows']","['Preheat oven to 450 degrees F (230 degrees C). Grease one 8x12 inch baking dish.', 'Bring a pot of salted water to a boil. Add potatoes; cook until tender but still firm. Drain, and transfer to a large bowl to cool.', 'In a mixing bowl, combine sweet potatoes, bananas, white sugar, brown sugar, pecans, evaporated milk, butter, vanilla, cinnamon and nutmeg. Mix well.', 'Pour mixture into baking dish, place coconut on top of potato mixture and top with marshmallows. Bake for 10 to 15 minutes.']","[""vanilla"", ""milk"", ""shredded coconut"", ""marshmallows"", ""brown sugar"", ""ground nutmeg"", ""pecans"", ""bananas"", ""white sugar"", ""sweet potatoes"", ""ground cinnamon"", ""butter""]",www.allrecipes.com/recipe/13712/sweet-potato-surprise/,side,2705.5,14.0,1.0,"Given the nature of the dish and the serving sizes of the ingredients, it seems appropriate to estimate this as a single serving dish rather than multiple servings.",193.2,True,534.6,374.2,38.9,78.0,934879.0,True,True,True,True,True,True,False,False,True,True,True,True,True,True,True,True,False,True,False
Sweet Potato Surprise,"['687.0 g mashed potatoes', '90.9 g thin cream', '108.0 g sugar', '1 egg (50.0 g)', '109.8 g grated coconut', '3.0 g salt']","['Add the cream to the potatoes, being careful not to use too much; add the sugar, salt, beaten egg and coconut.', 'Let stand until cool.']","[""potatoes"", ""egg"", ""sugar"", ""thin cream"", ""grated coconut"", ""salt""]",www.cookbooks.com/Recipe-Details.aspx?id=631626,side,1881.4,9.0,4.0,"Potatoes are the main ingredient and the recipe seems to be portioned for a single serving of potato dish, along with some cheese and vegetables.",209.0,True,289.7,155.8,21.6,46.8,714289.0,True,True,False,True,True,True,False,True,True,True,True,True,True,True,True,True,False,True,True
Cottage Potatoes,"['10 large, boiled potatoes', '66.0 g pimentos, chopped and diced', '225.0 g Velveeta cheese', '247.2 g milk', '109.3 g butter', 'corn flake crumbs']","['Peel and cut potatoes into small sections.', 'When cooled, salt and pepper to taste.', 'Mix diced pimentos, potatoes and diced cheese.', 'Toss together and place in 9 x 13-inch pan.', 'Melt butter in milk.']","[""potatoes"", ""velveeta cheese"", ""corn flake crumbs"", ""pimentos"", ""milk"", ""butter""]",www.cookbooks.com/Recipe-Details.aspx?id=675325,side,1631.5,8.0,4.0,"Potatoes are the main ingredient and the recipe seems to be portioned for a single serving of potato dish, along with some cheese and vegetables.",203.9,True,160.0,154.6,1.3,57.9,448168.0,False,True,True,True,True,True,False,True,True,True,True,True,True,True,True,True,False,True,True
Cottage Potatoes,"['5 large potatoes, cooked with skins on in salt (1495.0 g)', '112.5 g Cheddar cheese, cubed', '1 medium onion, diced (110.0 g)', '1/2 green pepper, diced (59.5 g)', '8.1 g chopped fresh parsley or 3 Tbsp. parsley flakes', '1/2 slice bread, cubed (12.5 g)', '109.3 g melted butter', '123.6 g milk', '14.0 g crushed cornflakes']","['Chop and mix first 6 ingredients and place in casserole.', 'Pour butter and milk over top.', 'Put cornflakes on top.', 'Bake for 1/2 hour at 400°.']","[""potatoes"", ""bread"", ""cheddar cheese"", ""onion"", ""cornflakes"", ""parsley"", ""milk"", ""butter"", ""green pepper""]",www.cookbooks.com/Recipe-Details.aspx?id=573787,side,2610.4,13.0,4.0,"The recipe involves cooking potatoes with skins on, which suggests a portion size suitable for 4 servings. The ingredients include a significant amount of cheese and dairy products, which are typically used in serving sizes for 4-6 people.",200.8,True,340.2,83.8,211.0,69.0,822754.0,False,True,True,True,True,True,False,True,True,True,True,True,True,True,True,True,False,True,True
Cottage Potatoes,"['12 large potatoes (3588.0 g)', '225.0 g cheese', '1 small pimiento (66.0 g)', '1 large onion (150.0 g)', '1 slice bread (25.0 g)', 'salt', '1 green pepper (119.0 g)', 'milk', '218.6 g butter', 'corn flakes']","['Cook potatoes in skins; cool and peel.', 'Cut potatoes into small pieces; mix potatoes, cheese, pimiento, onion, pepper and bread well.', 'Add butter, then milk, just so you can see.', 'Sprinkle with crushed corn flakes and bake at 300° to 350° for 1 hour.', 'Serves 11 to 12.']","[""potatoes"", ""pimiento"", ""bread"", ""onion"", ""corn flakes"", ""cheese"", ""milk"", ""butter"", ""green pepper"", ""salt""]",www.cookbooks.com/Recipe-Details.aspx?id=318922,side,5132.0,11.0,11.0,The recipe states 'Serves 11 to 12.' which provides a clear indication of the intended serving size.,466.5,False,608.3,32.9,503.3,125.7,342952.0,False,True,True,True,True,True,False,True,True,True,True,True,True,True,True,True,False,True,True
Cottage Potatoes,"['4500.0 g potatoes', '2 slices bread (50.0 g)', 'chopped onion', '225.0 g Velveeta cheese', '1/2 diced green pepper (59.5 g)', 'salt and pepper', '112.5 g margarine']","['Cook the potatoes with the skins on, then peel potatoes. Crumble the bread.', 'Place all ingredients in a 13 x 9-inch pan. Cover with 1-inch of milk.', 'Bake at 350° for 1 hour.']","[""potatoes"", ""velveeta cheese"", ""bread"", ""onion"", ""margarine"", ""green pepper"", ""salt""]",www.cookbooks.com/Recipe-Details.aspx?id=837696,side,5090.8,25.0,4.0,"The primary components of the recipe, bread and cheese, weigh approximately 750 grams, suggesting a portion size suitable for 4 to 5 people.",203.6,True,768.4,50.0,626.6,123.9,393122.0,False,True,True,True,True,True,False,True,True,True,True,True,True,True,True,True,False,True,True
Cottage Potatoes,"['11 medium potatoes (2343.0 g)', '201.0 g onions, chopped', '139.0 g green pepper, chopped', '109.3 g butter, melted', '15.0 g salt', '123.6 g milk', '113.4 g diced pimentos, drained', '226.8 g process American cheese, cubed']","['Cook potatoes in boiling water to cover 30 minutes or until done; drain.', 'Allow to cool to the touch.', 'Peel and dice.', 'Saute onion and green pepper in butter until tender.', 'Combine potatoes, onion mixture, salt and remaining ingredients; stir gently.', 'Spoon into a lightly greased 13 X 9-inch baking dish; cover and bake at 400F for 30 minutes.', 'Remove cover; and bake an additional 10 minutes.']","[""potatoes"", ""american cheese"", ""pimentos"", ""onions"", ""milk"", ""butter"", ""green pepper"", ""salt""]",www.food.com/recipe/cottage-potatoes-237071,side,3456.7,17.0,4.0,"Given that the recipe involves cooking potatoes and preparing a mixed vegetable dish, it aligns well with a portion size suitable for 3-4 people.",203.3,True,492.9,110.7,331.3,94.8,2157401.0,True,True,True,True,True,True,False,True,True,True,True,True,True,True,True,True,False,True,True
Cottage Potatoes,"['10 new potatoes, cooked, cubed (not peeled) (2130.0 g)', '1 large chopped onion (150.0 g)', '66.0 g pimentos', '113.0 g cubed cheese', '1 slice bread, crumbled (25.0 g)', '109.3 g melted butter', '1.0 g chopped parsley', '30.5 g milk', 'salt and pepper to taste', 'crushed cornflakes']","['Combine all ingredients except cornflakes and place in a greased casserole dish.', 'Cover with crushed cornflakes.', 'Bake at 325° for 45 minutes.']","[""potatoes"", ""cubed cheese"", ""bread"", ""onion"", ""pimentos"", ""cornflakes"", ""parsley"", ""milk"", ""butter"", ""salt""]",www.cookbooks.com/Recipe-Details.aspx?id=1045195,side,2905.3,15.0,4.0,"The recipe mentions combining all ingredients except cornflakes and placing them in a greased casserole dish, suggesting it's meant for a single serving size. The ingredients list includes a significant amount of potatoes (2130.0 g), which typically indicates a portion suitable for one person.",193.7,True,386.0,39.9,300.1,73.6,520282.0,False,True,True,True,True,True,False,True,True,True,True,True,True,True,True,True,False,True,True
Cottage Potatoes,"['12 large potatoes, peeled and diced (3588.0 g)', '226.8 g Velveeta cheese, cubed', '1 large onion, finely chopped (150.0 g)', '1 large green pepper, chopped (164.0 g)', '56.7 g diced pimiento, drained', '1 slice bread, torn into crumbs (25.0 g)', '3.0 g minced fresh parsley, divided', '3.0 g salt', '123.6 g milk', '109.3 g butter, melted', '42.1 g cornflakes, crushed']","['Place the potatoes in a large saucepan or Dutch oven and cover with water.', 'Bring to a boil; reduce heat to medium.', 'Cover and cook for 5-7 minutes or until tender; drain.', 'In a greased shallow 4-qt. baking dish, layer a third of the potatoes and a third of the cheese mixture.', 'Repeat layers twice.', 'Pour milk and butter over all; sprinkle with cornflake crumbs.', 'Cover and bake at 350° for 45 minutes.', 'Uncover; bake 10-15 minutes longer or until bubbly and top is golden.', 'Sprinkle with remaining parsley.']","[""potatoes"", ""process cheese"", ""bread"", ""fresh parsley"", ""onion"", ""pimientos"", ""cornflakes"", ""milk"", ""butter"", ""green pepper"", ""salt""]",www.tasteofhome.com/recipes/cottage-potatoes/,side,4451.1,23.0,4.0,"The recipe mentions 'dice all' and 'add all ingredients to potatoes', indicating a single serving size. Additionally, the ingredients list includes a moderate amount of cheese and dairy products, suggesting a portion suitable for 4 people.",193.5,True,736.3,121.5,505.1,121.3,1516892.0,False,True,True,True,True,True,False,True,True,True,True,True,True,True,True,True,False,True,True
Cottage Potatoes,"['10 large potatoes, diced and cooked (2990.0 g)', '1 large onion, cut fine (150.0 g)', '1 green pepper, cut fine (119.0 g)', '225.0 g Velveeta cheese', '2 slices fresh cubed bread (50.0 g)', '66.0 g pimento', 'salt and pepper to taste', '164.0 g melted butter']","['Dice all; add all ingredients to potatoes and add enough milk to moisten.', 'Pour over this 3/4 cup melted butter.', 'Put in baking dish and cover top with cornflake crumbs.', 'Bake for 40 minutes at 350°.']","[""potatoes"", ""velveeta cheese"", ""bread"", ""salt"", ""onion"", ""butter"", ""green pepper"", ""pimento""]",www.cookbooks.com/Recipe-Details.aspx?id=709080,side,4375.7,22.0,4.0,"The recipe mentions 'dice all' and 'add all ingredients to potatoes', indicating a single serving size. Additionally, the ingredients list includes a moderate amount of cheese and dairy products, suggesting a portion suitable for 4 people.",198.9,True,545.3,48.4,423.0,100.8,500836.0,False,True,True,True,True,True,False,True,True,True,True,True,True,True,True,True,False,True,True
Cottage Potatoes,"['10 medium potatoes (2130.0 g)', '1 medium green pepper, chopped (119.0 g)', '1 medium onion, chopped (110.0 g)', '66.0 g pimentos', '225.0 g American cheese, grated', 'chopped parsley', 'salt and pepper to taste', '1 slice bread (25.0 g)', '123.6 g milk', '109.3 g butter']","['Boil, skin and cube the potatoes.', 'Add the pepper, onion, pimentos, cheese, parsley, salt and pepper.', 'Mix bread (crumbled) with milk.', 'Put in bottom of baking dish.', 'Add potatoes, etc. Melt butter; drizzle over top.', 'Bake for 45 to 60 minutes at 350°.']","[""potatoes"", ""american cheese"", ""bread"", ""onion"", ""pimentos"", ""parsley"", ""milk"", ""butter"", ""green pepper"", ""salt""]",www.cookbooks.com/Recipe-Details.aspx?id=887604,side,3292.2,17.0,4.0,"The recipe mentions 10 medium potatoes, which is typically enough for 4 servings.",193.7,True,461.8,100.7,301.4,102.0,450308.0,False,True,True,True,True,True,False,True,True,True,True,True,True,True,True,True,False,True,True
Cottage Potatoes,"['10 large potatoes, cooked and diced (2990.0 g)', '225.0 g cheddar cheese', '16.2 g chopped parsley', '66.0 g chopped pimiento', '139.0 g diced green pepper', '1 slice white bread (25.0 g)', '247.2 g milk', '28.0 g lightly crushed corn flakes']","['Cook potatoes in water with their skins on; dice when cool to touch.', 'Chop parsley and green pepper.', 'Tear bread into small cubes.', 'Spray a 9 x 13 inch baking dishs with nonstick cookings spray; set aside.', 'In a small mixing bowl, combine cheddar cheese, parsley, pimento, green pepper and torn white bread.', 'Slowly pour mixture into baking dish.', 'In a small pyrex measuring cup, melt butter and then combine milk.', 'Pour on top of ingredients already in baking dish.', 'Sprinkle with crushed cornflakes.']","[""potatoes"", ""pimiento"", ""cheddar cheese"", ""corn flakes"", ""parsley"", ""milk"", ""white bread"", ""green pepper""]",www.food.com/recipe/cottage-potatoes-69082,side,3574.9,18.0,6.0,"The recipe involves multiple ingredients including potatoes, cheese, bread, and vegetables, which are typically used in larger portions suitable for 6 to 8 servings.",198.6,True,664.1,159.9,419.8,134.7,1991991.0,False,True,True,True,True,True,False,True,True,True,True,True,True,True,True,True,False,True,True
Cottage Potatoes,"['7 1/2 large potatoes-boiled in jackets-diced (2242.5 g)', '126.0 g evaporated milk', '345.0 g of sour cream', '305.0 g of cream of celery soup', '54.7 g melted butter', '268.8 g cheddar cheese, shredded', '1 onion, diced (110.0 g)']","['Boil potatoes with onion for approx. 10-15', 'minutes and drain.', 'Place in 9 x 13 glass pan, add milk, soup and butter.', 'mix and bake at 350 degrees for 30 minutes.', 'Remove from oven, spread shredded cheese on top and bake for an additional 15 minutes.']","[""potatoes"", ""sour cream"", ""cheddar cheese"", ""onion"", ""cream of celery soup"", ""milk"", ""butter""]",www.cookbooks.com/Recipe-Details.aspx?id=116807,side,2217.8,13.0,4.0,"The recipe includes 7.5 large potatoes, which typically yield around 4-6 servings, and the use of a 9x13 glass pan, which is commonly used for casseroles and can accommodate around 4-6 servings.",170.6,True,468.4,104.4,316.2,127.8,749402.0,True,True,True,True,True,True,False,True,False,True,True,True,True,True,True,True,False,True,True
Cottage Potatoes,"['5 large potatoes, cooked, peeled and diced (1495.0 g)', '268.8 g shredded Cheddar cheese', '1 medium onion, chopped (110.0 g)', '69.5 g chopped green pepper', '66.0 g chopped pimiento, drained', '6.0 g salt', '123.6 g milk', '0.3 g minced parsley', '1 slice bread, crumbled (25.0 g)', '54.7 g butter, melted', '14.0 g cornflakes, crushed']","['Combine everything except butter, milk and cornflakes.', 'Place in a 9 x 9-inch baking pan.', 'Mix the butter and milk; pour over potato mixture.', 'Sprinkle with cornflakes.', 'Bake for 30 minutes at 400°.', 'Makes about 6 servings.']","[""potatoes"", ""pimiento"", ""bread"", ""cheddar cheese"", ""onion"", ""cornflakes"", ""parsley"", ""milk"", ""butter"", ""green pepper"", ""salt""]",www.cookbooks.com/Recipe-Details.aspx?id=499259,side,2872.4,6.0,6.0,"The recipe states 'Makes about 6 servings.' This directly provides the number of servings, making it clear that the recipe is intended for 6 servings.",478.7,False,352.3,86.5,213.3,108.3,267014.0,False,True,True,True,True,True,False,True,True,True,True,True,True,True,True,True,False,True,True
Whole Wheat Bread,"['230.0 g natural whole wheat flour, ground fine', '402.5 g white flour', '14.0 g dry yeast', '420.0 g warm water', '6.0 g salt', '53.8 g margarine', '108.0 g dark brown sugar']","['Preheat oven to 375°.', 'Combine wheat and white flours.', 'In 1/2 cup lukewarm water, add a pinch of brown sugar and flour and packages of yeast.', 'Let mixture rise until 4 times in volume.', 'Add all remaining ingredients; mix.', 'Fold in yeast.', 'Add rest of liquid; knead for 10 minutes.', 'Put in greased bowl; cover and place in warm oven until bread has doubled in size.', 'Punch down; divide and place in 2 greased pans.', 'Let rise again until doubled. Bake for 45 minutes.', 'Remove from pans to cool.']","[""brown sugar"", ""water"", ""natural"", ""margarine"", ""yeast"", ""white flour"", ""salt""]",www.cookbooks.com/Recipe-Details.aspx?id=545816,side,4061.1,20.0,12.0,The recipe makes 12 large muffins and the serving size is clear from the directions.,203.1,True,580.2,115.7,18.0,75.6,457870.0,False,True,True,True,True,True,False,True,True,True,True,True,True,True,True,True,False,True,True
Whole Wheat Bread,"['2 eggs, beaten (100.0 g)', '127.2 g yogurt', '164.8 g warm milk', '113.6 g honey', '73.6 g oil', '264.0 g whole wheat flour', '10.8 g baking soda', 'raisins (optional)', 'chopped nuts (optional)']","['In a mixing bowl, combine eggs, yogurt and milk.', 'Beat thoroughly with a wooden spoon. Add the honey and oil.', 'Add the dry ingredients and blend thoroughly.', 'Pour into greased muffin tins.', 'Bake at 425° for 15 minutes.', 'Makes 12 large muffins.']","[""oil"", ""warm milk"", ""eggs"", ""baking soda"", ""raisins"", ""yogurt"", ""nuts"", ""whole wheat flour"", ""honey""]",www.cookbooks.com/Recipe-Details.aspx?id=841710,side,2408.0,12.0,12.0,The recipe makes 12 large muffins and the serving size is clear from the directions.,200.7,False,390.0,195.1,34.8,93.4,232784.0,False,True,False,True,True,True,False,True,True,True,True,True,True,True,True,True,False,True,True
Whole Wheat Bread,"['1080.0 g lukewarm water', '110.0 g sorgum molasses', '9.0 g salt', '14.0 g dry yeast', '55.2 g cooking oil', '920.1 g white flour', '858.0 g whole wheat flour']","['Place yeast in 1/2 cup warm water with 1 teaspoon sugar and set aside.', 'In large mixing bowl, put warm liquid molasses, salt and oil, then add yeast and stir.', 'Sift in about half or 2/3 of flour and stir.', 'Continue adding flour until the dough is stiff enough to work by hand on floured counter top.', 'Knead until smooth, cover and let set about 15 minutes.', 'Knead again, place in greased bowl, cover and let rise until double in bulk.', 'Knead and shape into loaves.', 'Place in loaf pans, cover and let rise about 1 hour.', 'Bake at 325° to 350° for 40 minutes to 1 hour depending on size of loaves.', 'Less time for smaller loaves.']","[""molasses"", ""cooking oil"", ""water"", ""yeast"", ""whole wheat flour"", ""white flour"", ""salt""]",www.cookbooks.com/Recipe-Details.aspx?id=411011,side,9088.6,45.0,3.0,"The recipe yields a loaf of bread, which typically serves 3-4 people, and the ingredients and process align with a bread recipe intended for such a serving size.",202.0,True,1409.0,107.0,138.2,190.7,853146.0,False,True,True,True,True,True,True,True,True,True,True,True,True,True,True,True,True,True,True
Whole Wheat Bread,"['14.0 g yeast', '123.6 g powdered milk (dry)', '120.0 g warm water', '18.0 g salt', '1 egg (50.0 g)', '27.3 g vegetable oil', '420.0 g warm water', '396.0 g whole wheat flour', '488.8 g flour', '255.6 g honey']","['In bowl mix both flours together.', 'In another large bowl, mix all other ingredients together.', 'Add to flour mixture.', 'Knead well.', 'Put in greased bowl.', 'Cover and let rise until double. Work down good, put in greased loaf pans.', 'Let rise.', 'Bake at 350° for 30 minutes.']","[""egg"", ""warm water"", ""honey"", ""powdered milk"", ""water"", ""flour"", ""yeast"", ""whole wheat flour"", ""vegetable oil"", ""salt""]",www.cookbooks.com/Recipe-Details.aspx?id=895990,side,5338.2,27.0,8.0,"The recipe involves significant quantities of water, eggs, oil, and honey, which are common in larger loaves of bread. The directions suggest a process suitable for a larger batch, indicating it serves around 8 to 10 people.",197.7,True,940.0,289.9,66.5,131.7,372562.0,False,True,False,True,True,True,False,True,True,True,True,True,True,True,True,True,False,True,True
Whole Wheat Bread,"['360.0 g Warm Water', '39.9 g Sugar', '5.8 g Yeast', '132.0 g Whole Wheat Flour', '3.0 g Salt', '13.6 g Canola Oil', '230.0 g Bread Flour', '1 whole Egg (50.0 g)']","['Add the warm water to a warmed bowl (run it under some hot water so it will keep the temperature).', 'Add the sugar.', 'Stir briefly to dissolve.', 'Sprinkle the half packet of yeast over the top. DO NOT STIR.', 'Cover the bowl with a towel and let rest for a few minutes.', ""Check yeast to see if it's puffing up. If the yeast is still grainy and not puffy, throw it out and start all over. Inactive yeast will cause your bread to flop."", 'Add the whole wheat flour and stir vigorously with a whisk for a minute.', 'Add the salt and the canola oil.', 'Stir vigorously again.', 'Add 1 cup of flour bread and stir with a wooden spoon.', 'Continue to add the bread flour 1/2 cup at a time until it is too stiff to stir and is hardly sticky at all.', 'Dump dough onto a floured surface and knead with your hands.', 'Add a light sprinklings of flour as needed and continue to knead until the dough is nice and tight.', 'Place the dough into a lightly oiled bowl, cover with a towel and let it rise until doubled in size (at least 30-40 minutes).', 'Punch down the dough to release the air bubbles, cover again and let it rise again.', 'Roll the dough out on a lightly floured surface and form a loaf.', 'Place into a greased loaf pan and allow to rise for about 20 minutes.', 'Now preheat your oven to 375 degrees F.', 'If you want a nice sheen to the top of your loaf, this is the time to brush on some egg wash.', 'Scramble the 1 egg in a bowl with about a 1/4 cup of water and brush this mixture over the top of your loaf.', 'Bake loaf for 35-45 minutes.', ""Check for doneness by pulling the loaf out and tapping it on the bottom. If it sounds hollow, it's done. If it still sounds dense, put it back in for a few more minutes and check again."", ""When it's done, immediately remove it from the pan and place on a cooling rack to to rest."", ""Cut it and eat it! Just remember not to wrap the bread while it's still warm because it will get soggy."", 'Let it come to room temperature before storing it in a Ziploc bag. It stores well in the fridge and the freezer.']","[""bread flour"", ""egg"", ""sugar"", ""canola oil"", ""water"", ""yeast"", ""whole wheat flour"", ""salt""]",tastykitchen.com/recipes/breads/whole-wheat-bread-3/,side,2064.0,10.0,4.0,"The recipe yields a single loaf of bread, which is typically sufficient for 4 servings.",206.4,True,311.1,45.4,23.9,64.3,1558857.0,False,True,False,True,True,True,True,True,True,True,True,True,True,True,True,True,False,True,True
Cottage Potatoes,"['5 large potatoes, cooked, peeled and diced (1495.0 g)', '268.8 g (8 oz.) shredded Cheddar cheese', '1 medium onion, chopped (110.0 g)', '69.5 g chopped green pepper', '56.7 g chopped pimiento, drained', '6.0 g salt', '123.6 g milk', '0.3 g minced parsley', '1 slice bread, crumbled (25.0 g)', '54.7 g butter, melted', '14.0 g cornflakes, crushed']","['Combine everything except butter, milk and cornflakes.', 'Place in a 9 x 9-inch baking pan.', 'Mix the butter and milk; pour over potato mixture.', 'Sprinkle with cornflakes.', 'Bake for 30 minutes at 400°.', 'Makes about 6 servings.']","[""potatoes"", ""pimiento"", ""bread"", ""cheddar cheese"", ""onion"", ""cornflakes"", ""parsley"", ""milk"", ""butter"", ""green pepper"", ""salt""]",www.cookbooks.com/Recipe-Details.aspx?id=499259,side,2872.4,14.0,6.0,"The recipe states 'Makes about 6 servings.' This directly provides the number of servings, making it clear that the recipe is intended for 6 servings.",205.2,True,351.9,86.3,213.1,108.2,267014.0,False,True,True,True,True,True,False,True,True,True,True,True,True,True,True,True,False,True,True
Whole Wheat Bread,"['480.0 g water', '14.1 g yeast, rounded', '264.0 g whole wheat flour', '36.5 g vital wheat gluten', '55.2 g cold-pressed olive oil', '85.2 g honey', '9.0 g salt', 'additional flour, as needed']","['In your mixing bowl add the warm water (110-120 degrees), yeast and two cups of the flour.', 'Stir well and let it sponge for 30 minutes.', 'Stir to blend and add one cup flour and turn your mixer on low.', 'Add flour by 1/2 cupfuls until the dough cleans the side of the bowl and is no longer sticky.', 'Let it knead in mixer for about 6-8 minutes.', 'After is has finished kneading let it rise in the mixer until it is doubled.', 'After it has doubled, put a light coat of oil on hands and take dough to an oiled cutting board and cut into two pieces.', 'Form these pieces into loaf shape and put into loaf pan.', 'Keep loaves covered with a lightweight drying cloth while the bread rises.', 'It should rise to about 1 1/2 inches above the rim of the pans.', 'Put loaves in oven and turn on heat to 350 degrees.', 'Let bake in oven for 25-30 minutes.', 'Remove from the oven.', 'Remove from pan and cover with a clean towel which helps soften crusts.', ""You can store in a plastic bread bag but don't put in bread bag too soon or the bag will sweat.""]","[""salt"", ""cold-pressed olive oil"", ""water"", ""yeast"", ""whole wheat flour"", ""additional flour"", ""honey"", ""vital wheat gluten""]",www.food.com/recipe/whole-wheat-bread-112054,side,1825.3,9.0,2.0,"The recipe states 'Makes about 6 servings.' This directly provides the number of servings, making it clear that the recipe is intended for 6 servings.",202.8,True,274.7,72.9,35.9,56.4,1664937.0,False,True,True,True,True,True,True,True,True,True,True,True,True,True,True,True,False,True,True
Whole Wheat Bread,"['7.0 g dry yeast', '13.3 g sugar, divided', '560.0 g warm water (105° to 115°), divided', '25.1 g shortening, softened', '12.0 g salt', '84.0 g shreds of wheat bran cereal', '723.6 g all-purpose flour']","['Dissolve yeast and 1 teaspoon sugar in 1/3 cup warm water; stir well, and let stand 5 minutes.', 'Combine remaining sugar and warm water, shortening, and salt in a large mixing bowl; stir until shortening melts.', 'Stir in yeast mixture, cereal, and enough flour to make a soft dough.', 'Turn dough out onto a lightly floured surface, and knead 10 minutes or until smooth and elastic.', 'Place dough in a greased bowl, turning to grease top.', 'Cover and let rise in a warm place (85°), free from drafts, 1 hour or until doubled in bulk.', 'Punch dough down; cover and repeat rising procedure 1 hour or until doubled in bulk.', 'Turn dough out onto a lightly floured surface.', 'Divide dough in half; cover and let rest 10 minutes.', 'Shape into loaves and place in 2 greased 7 1/2- x 3- x 2- inch loaf pans.', 'Cover and repeat rising procedure 1 hour or until doubled in bulk.', 'Bake at 350° for 55 minutes or until loaves sound hollow when tapped.', 'Remove bread from pans, and bake an additional 3 minutes to crisp bottoms of loaves.', 'Cool on wire racks.']","[""sugar"", ""shortening"", ""water"", ""flour"", ""cereal"", ""yeast"", ""salt""]",www.myrecipes.com/recipe/whole-wheat-bread,side,3258.0,16.0,3.0,"Given that this recipe makes loaves and the instructions suggest multiple rises and shaping, it aligns with a standard loaf size for serving purpose which is 3-4 servings",203.6,True,633.9,29.8,34.2,84.8,1449291.0,False,True,True,True,True,True,True,True,True,True,True,True,True,True,True,True,True,True,True
Whole Wheat Bread,"['10.5 g active dry yeast', '480.0 g lukewarm water (between 100-115 degrees)', '54.7 g butter, softened (I use Earth Balance Vegan Buttery Sticks)', '42.1 g molasses (I use Brer Rabbit Black Strap Molasses)', '85.2 g honey', '6.0 g salt', '330.0 g whole wheat flour', '241.2 g unbleached all-purpose flour', '37.9 g flax seed meal', '73.0 g vital gluten']","['Dissolve yeast in lukewarm water.', 'Combine butter, molasses, honey, and salt in a large bowl.', 'Mix well.', 'Add yeast mixture.', 'Stir.', 'Slowly add flours, flax and vital gluten while mixing.', 'Turn onto lightly floured surface and knead until smooth and elastic.', 'Place in a lightly oiled bowl and let rise until doubled, about an hour.', 'Punch down to remove most of the volume.', 'Let rest a few minutes.', 'Knead just to get dough back into a ball-shape and cut in half.', 'Shape both halves into loaves and place in greased pans.', 'Let rise one hour.', 'Bake at 375 degrees for 35-40 minutes.']","[""salt"", ""molasses"", ""whole wheat flour"", ""water"", ""flour"", ""vital gluten"", ""meal"", ""butter"", ""honey"", ""active dry yeast""]",www.food.com/recipe/whole-wheat-bread-425901,side,3077.5,10.0,3.0,"The bread-making process involves combining ingredients to form dough, which is then shaped and baked. Considering the quantities of ingredients, especially the amount of flour, and the fact that the recipe describes shaping the dough into loaves and baking them, it seems reasonable to conclude that this recipe serves approximately 3 to 4 people.",307.8,True,555.4,105.6,60.5,121.8,1896095.0,False,True,True,True,True,True,False,True,True,True,True,True,True,True,True,True,False,True,True
Whole Wheat Bread,"['234.0 g oatmeal', '480.0 g boiling water', '55.2 g oil', '240.0 g warm water', '28.1 g yeast', '84.2 g molasses', '54.0 g sugar or 1/2 c. honey', '264.0 g whole wheat flour', '6.0 g salt', 'bread flour']","['Put oatmeal into boiling water and let stand.', 'Dissolve yeast in warm water.', 'Add oil; add oatmeal mixture and all other ingredients.', 'Mix well as you go along.', 'Add bread flour until you get a stiff workable dough.', 'Knead well.', 'Let rise.', 'Knead again and shape into loaves.', 'Let rise and bake at 350° until done (approximately 20 to 25 minutes).']","[""oil"", ""bread flour"", ""sugar"", ""molasses"", ""water"", ""yeast"", ""whole wheat flour"", ""oatmeal"", ""boiling water"", ""salt""]",www.cookbooks.com/Recipe-Details.aspx?id=537567,side,2465.3,12.0,3.0,"The recipe involves mixing oatmeal with boiling water and then adding other ingredients to form a dough. Given the quantities of ingredients, it seems suitable for around 3 servings.",205.4,True,432.8,139.0,45.8,51.7,50963.0,False,True,True,True,True,True,True,True,True,True,True,True,True,True,True,True,False,True,True
Hamburger Goulash,"['450.0 g ground beef', '1 large onion, chopped (150.0 g)', '15.7 g whole kernel corn', '11.0 g cream of mushroom soup', '298.0 g mushrooms', 'salt and pepper to taste']","['Brown ground beef.', 'Add onions and drain.', 'Add corn, cream of mushroom soup, mushrooms, salt and pepper.', 'Put in casserole dish. Bake at 350° for 30 minutes.', 'Cover with grated cheese before baking, if desired.']","[""cream of mushroom soup"", ""onion"", ""mushrooms"", ""ground beef"", ""whole kernel corn"", ""salt""]",www.cookbooks.com/Recipe-Details.aspx?id=412868,main,1294.9,2.0,3.0,"The main ingredient, ground beef, is listed as 450.0 g, which is generally suitable for 3 to 4 servings. The quantities of other ingredients are also consistent with a portion size for 3 to 4 people.",647.4,True,39.3,10.4,14.4,141.7,171168.0,True,True,True,True,True,True,False,True,True,True,True,True,True,True,True,False,False,False,False
Hamburger Goulash,"['450.0 g lean ground beef', '4 potatoes, peeled and cubed (852.0 g)', '40.2 g sliced onion', '211.5 g frozen corn kernels', '425.2 g cut green beans, drained', '132.0 g elbow macaroni', '6.0 g salt', '2.3 g ground black pepper', '453.6 g tomato sauce', '10.65 g Worcestershire sauce (optional)', '6.0 g garlic salt', '0.9 g dried basil']","['Place ground beef in a large, deep skillet.', 'Cook over medium-high heat until evenly brown.', 'Drain, crumble, and set aside.', 'Add all ingredients (except noodles) to browned ground meat and simmer for 1 hour, then add noodles.']","[""potatoes"", ""garlic salt"", ""onion"", ""basil"", ""green beans"", ""corn kernels"", ""ground black pepper"", ""elbow macaroni"", ""ground beef"", ""tomato sauce"", ""worcestershire sauce"", ""salt""]",www.allrecipes.com/recipe/12975/hamburger-goulash/,main,3396.8,6.0,4.0,"The recipe includes a significant amount of ground beef, potatoes, corn, green beans, and noodles, which together suggest a serving size of around 4 people.",566.1,True,350.7,48.0,147.0,134.3,933510.0,False,True,True,True,True,True,True,True,True,True,True,True,True,True,True,True,False,False,False
Hamburger Goulash,"['900.0 g hamburger (lean)', 'salt', '1 onion (110.0 g)', '283.0 g frozen mixed vegetables', '2 potatoes, cubed (426.0 g)', '850.0 g tomato sauce']","['Mix hamburger, salt and onion in pan.', 'Saute until brown.', 'Add cubed potatoes, mixed vegetables and tomato sauce.', 'Cook for 45 minutes.', 'Stir often.']","[""potatoes"", ""onion"", ""mixed vegetables"", ""tomato sauce"", ""hamburger"", ""salt""]",www.cookbooks.com/Recipe-Details.aspx?id=605325,main,1923.5,4.0,4.0,Hamburger goulash recipe includes 900g of hamburger which is typically sufficient for 4 servings.,480.9,True,161.8,82.7,84.7,177.0,41012.0,True,True,True,True,True,True,True,True,True,True,True,True,True,True,True,True,True,True,True
Hamburger Goulash,"['450.0 g hamburger meat', '1 small onion, chopped (70.0 g)', '1 large can tomatoes (182.0 g)', '1 medium can tomato sauce (123.0 g)', '2.7 g chili powder', '0.3 g thyme', '2.5 g celery seed', '1 small box macaroni (25.0 g)']","['Brown hamburger meat and onion.', 'Add tomatoes, tomato sauce and spices.', 'Add macaroni; cook until macaroni is tender.']","[""tomatoes"", ""macaroni"", ""chili powder"", ""onion"", ""celery"", ""thyme"", ""hamburger"", ""tomato sauce""]",www.cookbooks.com/Recipe-Details.aspx?id=574437,main,842.4,1.0,4.0,"The recipe includes 450g of hamburger meat which is typically sufficient for 4 servings. Additionally, the recipe calls for macaroni, suggesting a portion size for 4 people.",842.4,True,40.3,35.5,7.0,81.7,201643.0,False,True,True,True,True,True,True,True,False,True,True,True,True,True,True,True,True,True,True
Hamburger Goulash,"['450.0 g ground beef', '1 medium onion (110.0 g)', '1 small bell pepper (74.0 g)', '1 box macaroni and cheese (28.0 g)', '294.0 g tomato soup', '237.0 g water', 'salt and pepper, if needed']","['Brown beef, onion and pepper.', 'Pour off grease; add can of tomato soup, and 1 can water.', 'Let simmer about 8 to 10 minutes. Cook macaroni according to package.', 'When tender, add to skillet. Stir together; add cheese, stir and serve.']","[""macaroni"", ""bell pepper"", ""onion"", ""tomato soup"", ""water"", ""ground beef"", ""salt""]",www.cookbooks.com/Recipe-Details.aspx?id=327872,main,1507.9,3.0,3.0,"The primary reason for this estimation is the significant amount of ground beef and the substantial serving of macaroni, which aligns well with a portion size for 3 to 4 people. ",502.6,True,79.4,29.6,6.7,144.7,360147.0,False,True,True,True,True,True,False,True,True,True,True,True,True,True,True,False,False,False,False
Hamburger Goulash,"['675.0 g lean ground beef', '14.2 g flour', '1 medium maui onion, sliced (110.0 g)', '2 garlic cloves, minced (6.0 g)', '357.0 g mushroom, sliced', '1/2 carrot, sliced (30.5 g)', '60.0 g celery, sliced', '72.5 g peas', '304.8 g cream of mushroom soup', '319.5 g low sodium beef broth', '1 pinch sea salt (optional)', '1 pinch pepper (optional)']","['Using medium pot, brown the ground beef until almost done.', 'Add vegetables and stir fry until cooked but still crispy [add mushrooms last].', 'Mix in soup and as much broth as needed to thin to your liking.', 'Simmer for about 15 minutes.', 'Please note that the soup and broth are salty...taste before adding the sea salt.']","[""peas"", ""pepper"", ""cream of mushroom soup"", ""lean ground beef"", ""celery"", ""flour"", ""beef broth"", ""mushroom"", ""maui onion"", ""carrot"", ""garlic"", ""salt""]",www.food.com/recipe/hamburger-goulash-211834,main,2597.6,4.0,4.0,The recipe uses 675g of ground beef which is typically sufficient for 4 servings. The quantities of other ingredients seem proportionate to this amount.,649.4,True,83.9,17.3,24.0,144.0,1929750.0,False,True,True,True,True,True,False,True,False,True,True,True,True,True,True,False,False,False,False
Hamburger Goulash,"['450.0 g ground meat', '1 small onion, diced (70.0 g)', '1 small bell pepper (74.0 g)', '5 medium potatoes (1065.0 g)', '38.3 g flour', '6.0 g salt', '2.3 g pepper', '1.6 g garlic powder', '247.2 g milk', '240.0 g hot water']","['Brown ground meat, onion and bell pepper.', 'Drain.', 'Make gravy with flour, salt, pepper, garlic powder, milk and hot water.', 'Add potatoes, cut in circles.', 'Cook until potatoes are about half done.', 'Add ground meat mixture.', 'Simmer until potatoes are done.']","[""potatoes"", ""bell pepper"", ""pepper"", ""garlic"", ""onion"", ""water"", ""flour"", ""milk"", ""ground meat"", ""salt""]",www.cookbooks.com/Recipe-Details.aspx?id=68400,main,1576.5,3.0,4.0,"The recipe involves cooking multiple components such as ground meat, vegetables, and potatoes, which typically serve around 4-6 people. The quantities of ingredients suggest a portion size suitable for 4 servings.",525.5,True,345.6,145.0,150.5,126.3,432904.0,False,True,True,True,True,True,False,True,True,True,True,True,True,True,True,True,False,True,True
Hamburger Goulash,"['450.0 g ground beef', '441.0 g tomato soup (condensed)', '264.0 g cooked macaroni', '1 small onion, chopped (70.0 g)', '1 small green pepper, chopped (74.0 g)', '18.0 g garlic salt']","['In large frying pan, brown beef; drain.', 'Add in macaroni, onions, peppers and garlic salt.', 'Mix well.', 'Stir in tomato soup; cover and simmer 10 to 15 minutes.', 'Quick meal!']","[""macaroni"", ""garlic salt"", ""onion"", ""tomato soup"", ""ground beef"", ""green pepper""]",www.cookbooks.com/Recipe-Details.aspx?id=521457,main,1375.3,2.0,4.0,"The recipe includes 450g of ground beef which is typically sufficient for 3-4 servings. Additionally, the recipe calls for cooked macaroni, suggesting it's a substantial portion for a single serving.",687.6,True,280.1,46.5,16.1,178.2,340562.0,False,True,True,True,True,True,True,True,True,True,True,True,True,True,True,True,False,False,False
Hamburger Goulash,"['141.8 g egg noodles', '675.0 g ground beef', '80.4 g chopped onion', '297.7 g tomato soup', '297.7 g condensed cream of chicken soup', '297.7 g condensed cream of mushroom soup', '432.3 g corn']","['Preheat oven to 350°F.', 'Brown hamburger, and onion until ground beef is browned through.', 'Drain fat.', 'Mix soup,and corn with hamburger mixture.', 'Cook egg noodles according to directions on the bag.', 'Drain noodles and add to hamburger mixture and pour into a casserole dish or baking dish.', 'Bake for 30 minutes until golden and bubbly.']","[""condensed cream"", ""corn"", ""onion"", ""tomato soup"", ""egg noodles"", ""ground beef""]",www.food.com/recipe/hamburger-goulash-359882,main,1742.6,3.0,4.0,"The recipe uses 141.8g of egg noodles which is typically enough for 2-3 people, combined with the meat and vegetables, it seems appropriate to serve 4 people.",580.9,True,176.8,58.6,15.4,301.0,1177904.0,False,True,False,True,True,True,False,True,True,True,True,True,True,True,True,False,False,False,False
Hamburger Goulash,"['675.0 g ground beef', 'salt and pepper', '0.5 g oregano', '340.0 g egg noodles, cooked', '5 American cheese (140.0 g)', '1 onion or 1 tsp. onion salt (110.0 g)', '850.0 g (small) tomato sauce', '4.4 g sugar', '113.4 g mushrooms']","['Brown ground beef and onion; drain fat.', 'Add tomato sauce, oregano, mushrooms and a little sugar; simmer about 5 minutes. Stir in cooked egg noodles.', 'Put cheese on top.', 'Stir into dish when it melts.']","[""american cheese"", ""oregano"", ""sugar"", ""onion"", ""egg noodles"", ""mushrooms"", ""tomato sauce"", ""ground beef"", ""salt""]",www.cookbooks.com/Recipe-Details.aspx?id=293221,main,835.7,2.0,4.0,"The recipe uses substantial portions of ground beef, egg noodles, and cheese, suggesting a single large serving rather than multiple smaller ones.",417.8,True,86.5,49.9,19.1,408.2,184716.0,False,True,False,True,True,True,False,True,True,True,True,True,True,True,True,False,False,False,False
Hamburger Goulash,"['450.0 g lean ground beef', '4 potatoes, peeled and cubed (852.0 g)', '40.2 g sliced onion', '211.5 g frozen corn kernels', '425.2 g green beans, drained', '132.0 g elbow macaroni', '6.0 g salt', '2.3 g ground black pepper', '2 (8 oz.) cans tomato sauce (246.0 g)', '2 tsp. Worcestershire sauce (optional)', '6.0 g garlic salt', '0.9 g dried basil']","['Place ground beef in a large, deep skillet.', 'Cook over medium-high heat until evenly brown.', 'Drain, crumble and set aside.', 'Add all ingredients (except noodles) to browned ground meat and simmer for 1 hour, then add noodles.']","[""potatoes"", ""garlic salt"", ""onion"", ""lean ground beef"", ""basil"", ""green beans"", ""corn kernels"", ""ground black pepper"", ""elbow macaroni"", ""tomato sauce"", ""worcestershire sauce"", ""salt""]",www.cookbooks.com/Recipe-Details.aspx?id=69852,main,2796.5,6.0,4.0,"The recipe includes 450g of ground beef, which is typically sufficient for 3-4 servings. Additionally, the quantities of vegetables and pasta align with serving sizes for 4 people.",466.1,True,339.6,40.6,143.9,131.8,122299.0,False,True,True,True,True,True,True,True,True,True,True,True,True,True,True,True,False,False,False
Cornish Pasties,"['450.0 g ground beef, lean browned and drained', '28.4 g flour', ""6.0 g seasoning salt (we used hy's)"", '4.9 g gravy beef base', '0.3 g dried parsley', '6.6 g beef broth, dissolved in', '120.0 g water', '312.0 g potatoes, peeled, diced', '128.0 g carrot, peeled, diced', '39.6 g onions, minced finely', '1 garlic clove, minced (3.0 g)', '450.0 g shortening (Crisco)', '12.0 g salt', '1 egg (50.0 g)', '15.7 g vinegar', '575.0 g flour', '240.0 g water']","['FILLING: Brown and drain the ground beef.', 'Measure seasonings, prepare veggies and put in dishes.', 'Mix water and beef broth granules.', 'Combine beef, seasonings and flour and stir well to coat.', 'Add vegetables and beef broth mix and cook til veggies are crisp tender.', 'Stir frequently to prevent sticking and burning.', 'PASTRY: We make the pastry in 2 batches in the food processor.', 'Beat the egg in a 2 cup measuring cup.', 'Add very cold water to 1 cup measure.', 'Add vinegar and stir.', 'Put 2 1/2 cups flour in processor; add 1/2 the shortening and 1/2 salt.', 'Pulse to a mealy texture.', 'Divide liquid and add very slowly til machine starts to labor.', 'Add liquid drip by drip til a lump forms and stays together.', 'Remove pastry and repeat process.', 'We use a large turn-over form that seals and cuts out the dough.', 'Roll out 1/4 dough at a time on a heavy pastry cloth and using the turnover form.', 'Cut out out circles.', 'Place on form and put about 1 tbsp filling or a little less on dough.', 'You should have a little egg mix left from pastry.', 'Brush edges with this and close and seal pastie and place on baking sheets.', 'Brush with milk.', 'Bake at 425F for 20 minutes.']","[""potatoes"", ""beef bouillon granules"", ""egg"", ""vinegar"", ""gravy beef base"", ""shortening"", ""water"", ""flour"", ""onions"", ""parsley"", ""carrot"", ""ground beef"", ""garlic"", ""salt""]",www.food.com/recipe/cornish-pasties-97483,main,7491.8,12.0,4.0,"The recipe involves preparing a substantial amount of ground beef and pastries, which is typical for a meal that serves 4 to 6 people.",624.3,True,523.2,25.0,63.9,236.9,1986954.0,False,True,False,True,True,True,True,True,True,True,True,True,True,True,True,True,False,False,False
Cornish Pasties,"['361.8 g all-purpose flour', '1.5 g salt', '4.4 g baking powder', '109.3 g butter, diced', '120.0 g water', '562.5 g rump roast, cubed', '1 onion, chopped (110.0 g)', '2 potatoes, peeled and diced (426.0 g)', '2 small carrots (100.0 g)', 'salt and pepper', '30.5 g milk']","['In a small saucepan, cover diced carrots with water.', 'Bring water to a boil and cook for approximately 10 minutes until tender.', 'Sift flour, salt, and baking powder together in a bowl, and rub in butter until the flour is the consistency of coarse crumbs.', 'Mix in water.', 'Roll dough out on a floured board until about 1/4 inch thick.', 'Cut out six circles, each about 5 inches round.', 'Mix meat and vegetables together, and salt and pepper to taste.', 'Cover half of each pasty base with the filling.', 'Moisten pastry edges, fold pastry over the filling.', 'Press edges together with a fork.', 'Transfer raw pasties to a baking tray, brush tops with milk, and make a small slit in each top to allow steam out.', 'Bake at 230 degrees C for 10 minutes, then oven down to 175 degrees C and continue to bake for 35 minutes.']","[""potatoes"", ""baking powder"", ""onion"", ""water"", ""flour"", ""carrots"", ""milk"", ""rump roast"", ""butter"", ""salt""]",www.food.com/recipe/cornish-pasties-28426,main,3530.4,6.0,6.0,"The recipe yields 6 to 8 servings and includes a portion of meat and vegetables per serving, suggesting a meal for 6 to 8 people.",588.4,True,386.4,33.4,73.3,185.5,1113307.0,False,True,True,True,True,True,False,True,True,True,True,True,True,True,True,False,False,False,False
Cornish Pasties,"['1 medium potato, diced (213.0 g)', '1 medium onion, chopped (110.0 g)', '226.8 g beef, cubed (rump or blade roast)', '0.1 g thyme', '0.3 g sage', '230.0 g flour', '6.0 g kosher salt', '53.9 g butter, diced', '50.5 g lard, diced', '37.0 g ice water', '1 egg, beaten (50.0 g)']","['Pre-heat oven to 425F.', 'Place the potato, onion, herbs, and meat in a roasting pan and mix well.', 'Place the flour and salt in a bowl.', 'Add the butter and lard, rub in until the mixture resembles fine breadcrumbs.', 'Add about 2 tablespoons of water and mix to form a firm dough.', 'Turn out onto a floured surface and knead lightly.', 'Divide the pastry into 4 pieces.', 'Roll out each piece to about 6-7 inches.', 'Trim by cutting round the edge of a small plate.', 'Divide the filling between each round.', 'Brush the edges with water and draw up the pastry on each pasty, in a line over the centre of the filling.', 'Seal well.', 'Flute the edge with your fingers or a fork.', 'Place the pasties on a baking sheet, fluted edges uppermost.', 'Brush each with a little beaten egg or milk.', 'Bake for 40-45 minutes, until golden brown.']","[""egg"", ""potato"", ""onion"", ""lard"", ""water"", ""flour"", ""thyme"", ""sage"", ""kosher salt"", ""beef"", ""butter""]",www.food.com/recipe/cornish-pasties-230113,main,2334.3,4.0,2.0,"The recipe yields a quantity of ingredients suitable for 2-3 servings, considering the amount of meat and the detailed instructions for making pasties.",583.6,True,216.3,10.3,37.6,123.8,1790468.0,False,True,False,True,True,True,False,True,True,True,True,True,True,True,False,False,False,False,False
Cornish Pasties,"['450.0 g beef sirloin tip steak, diced', '3 medium potatoes, peeled and diced (3 cups) (639.0 g)', '3 green onions with tops, thinly sliced (330.0 g)', '6.0 g salt', '0.6 g pepper', 'Dash nutmeg', '643.2 g all-purpose flour', '12.0 g salt', 'Pinch baking powder', '204.0 g shortening', '26.9 g butter', '160.0 g cold water', '1 large egg, lightly beaten (50.0 g)', '14.9 g heavy whipping cream']","['In a large bowl, combine the beef, potatoes, onions and seasonings; set aside.', 'For pastry, in a large bowl, combine the flour, salt and baking powder.', 'Cut in shortening and butter.', 'Gradually add water, tossing with a fork until dough forms a ball.', 'Turn onto a lightly floured surface.', 'Divide dough into 12 pieces; roll each into 6-in. circles.', 'Moisten edges with water.', 'Place about 1/2 cup filling on half of each circle.', 'Fold other half over the filling; press edges together with a fork to seal.', 'Cut several slits in each pastry.', 'Place on a parchment-lined 15x10x1-in. baking pan', 'Combine egg and cream; brush over pastry tops.', 'Bake at 400° for 15 minutes.', 'Reduce heat to 350° and bake 40-45 minutes longer or until golden brown.']","[""potatoes"", ""egg"", ""baking powder"", ""pepper"", ""beef sirloin"", ""green onions"", ""nutmeg"", ""shortening"", ""all-purpose"", ""cold water"", ""heavy whipping cream"", ""butter"", ""salt""]",www.tasteofhome.com/recipes/cornish-pasties/,main,6256.4,10.0,12.0,"It seems reasonable to conclude that each pastry serves approximately 1 person. Therefore, with 12 pastries, the recipe would serve around 12 people.",625.6,True,625.6,20.7,111.3,241.7,1491839.0,False,True,False,True,True,True,False,True,True,True,True,True,True,True,True,False,False,False,False
Cornish Pasties,"['345.0 g flour', '204.0 g lard or solid shortening', '4 medium potatoes, sliced (852.0 g)', '450.0 g beef round, no fat or gristle', 'salt and pepper to taste', '3.0 g salt', '80.0 g cold water (approximately)', '2 medium onions, sliced (220.0 g)', 'butter to taste']","['Make pastry from lard, flour, 1/2 teaspoon salt and cold water, being careful not to make mixture too moist.', 'It should hold together well enough to leave the sides of the bowl as mixed. Divide into four sections.', 'Roll each out as for pie, 1/4-inch thick, keeping as round as possible.', 'Place on one-half of circle, a layer of thinly sliced potatoes and onions.', 'Cover with beef, cut into medium sized pieces.', 'Top with butter, salt and pepper to taste.', 'Fold unfilled half of crust over filling and seal by pinching with fingers or pressing with tines of forks to make a half moon.', 'Cut a small hole in the center of each.', 'Bake about 30 minutes in a quick oven, approximately 400°.']","[""potatoes"", ""lard"", ""cold water"", ""flour"", ""onions"", ""beef round"", ""butter"", ""salt""]",www.cookbooks.com/Recipe-Details.aspx?id=943469,main,4978.3,8.0,4.0,"Given that the recipe involves making multiple pasties (four from the quarters) and the ingredients seem sufficient for a batch of pasties, I estimate that this recipe serves around 4 to 6 people.",622.3,True,413.5,20.7,130.6,152.6,613006.0,False,True,True,True,True,True,False,True,True,True,True,True,True,True,False,False,False,False,False
Cornish Pasties,"['230.0 g flour', '6.0 g salt', '145.6 g oleo', '60.9 g milk', '450.0 g ground round', '80.4 g chopped onion', '156.0 g raw potatoes (1/4-inch cubes)', '64.0 g chopped rutabaga or carrot', '3.0 g salt', '0.3 g pepper']","['Preheat oven at 400°.', 'Mix flour and salt; cut in oleo until cornmeal consistency.', 'Add enough milk to make pasty dough; cover and chill.', 'Mix meat, veggies and seasoning well; divide into 4 portions and set aside.', 'Divide pastry into fourths.', 'Roll each portion into 3/16-inch thick circles on a floured board.', 'Place meat mixture on half, toward the center line of pastry.', 'Cut vent in the other half; moisten edge of pastry lightly with water.', 'Fold top over bottom; crimp and flute edges of pastry.', 'Place on ungreased cookie sheet; bake for 30 minutes.', 'Serve hot or cold.']","[""ground round"", ""oleo"", ""potatoes"", ""pepper"", ""onion"", ""flour"", ""milk"", ""carrot"", ""salt""]",www.cookbooks.com/Recipe-Details.aspx?id=238307,main,3101.5,4.0,3.0,"The recipe calls for 450 grams of ground round, which seems to be the primary protein component. Given that this amount typically serves around 3-4 people.",775.4,False,242.4,44.4,30.7,124.1,373998.0,False,True,True,True,True,True,False,True,True,True,True,True,True,True,True,True,False,True,True
Cornish Pasties,"['226.8 g shortcrust pastry', '170.1 g stewing beef', '2 coarsely grated potatoes (426.0 g)', '1 small turnip, coarsely grated (61.0 g)', '1 finely chopped onion (110.0 g)', 'salt and black pepper', '14.2 g unsalted butter', '1 egg (50.0 g)']","['Trim off any excess of fat from the beef.', 'Cut or scrape the meat into paper-thin slices.', 'Mix the meat well with the vegetables.', 'Roll out the pastry to about 1/4"" thick on a lightly floured board.', 'Using a large saucer as a guide, cut out four circles.', 'Pile the filling in the centre of each pastry circle.', 'Season with the salt and pepper and top with a knob of butter.', 'Dampen the pastry edges with cold water and carefully draw up two edges to meet on top of the filling.', 'Pinch and twist the pastry firmly together to form a neat fluted and curved pattern.', 'Cut a small air vent in the side of each pasty.', 'Brush the pasties with the lightly beaten egg.', 'Place them on a greased baking tray.', 'Bake in the centre of a preheated oven at 425°F (Mark 7) for 10 minutes.', 'Reduce the heat to 350°F (mark 4) for 30 minutes.']","[""potatoes"", ""egg"", ""onion"", ""stewing beef"", ""shortcrust pastry"", ""butter"", ""salt""]",www.food.com/recipe/cornish-pasties-168087,main,1905.5,3.0,4.0,"The recipe makes four pasties, each serving as a single portion, indicating a total of 4 servings.",635.2,True,214.4,13.0,63.3,56.7,1131790.0,True,True,False,True,True,True,False,True,True,True,True,True,True,True,True,False,False,False,False
Cornish Pasties,"['281.4 g all-purpose flour, plus more for rolling', '3.0 g salt', '67.3 g cold margarine, cut into cubes', '4.5 g vegetable oil', '80.4 g onion, finely diced', '30.0 g stalk celery, finely diced', '3.2 g cloves garlic, minced', '140.0 g rutabaga, peeled and diced', '78.0 g potato, finely diced', '64.0 g carrot, peeled and finely diced', '0.1 g dried thyme', '2 large eggs (100.0 g)', '13.4 g spicy brown mustard', '60.0 g grated reduced-fat Gruyere cheese']","['To make Dough: Sift flour and salt into bowl.', 'Cut in margarine using pastry cutter, 2 knives, or your hands.', 'Mixture should resemble coarse meal.', 'Stir in 6 to 8 Tbs.', 'ice water, or just enough to hold mixture together.', 'Pinch dough between your fingers; if it sticks, dough is wet enough.', 'Shape into disc, and wrap in plastic wrap.', 'Chill 1 hour.', 'To make Filling: Heat oil in large skillet over medium heat.', 'Add onion, celery, and garlic; cook 5 to 7 minutes, or until onion is lightly browned.', 'Add rutabaga, potato, carrot, and thyme; cook 3 minutes, then add 1/2 cup water.', 'Reduce heat, cover, and steam vegetables 10 to 12 minutes, or until tender.', 'Whisk 1 egg with mustard in large bowl.', 'Stir in vegetables and Gruyere, and season with salt and pepper, if desired.', 'Whisk remaining egg with 2 Tbs.', 'water in separate bowl to make egg wash, and set aside.', 'Preheat oven to 400F.', 'Coat baking sheet with cooking spray.', 'Divide Dough in half, and roll 1 half out on floured work surface to 1/8-inch thickness.', 'Cut out 8 discs with 5-inch round cutter.', 'Add leftover Dough to remaining Dough, and repeat to make 8 more Dough discs.', 'Roll each disc out to long oval; brush edges of each oval with egg wash. Place 3 Tbs.', 'Filling on 1 side of oval, and fold Dough over to make semicircle.', 'Press Dough around Filling to remove any air, making sure no Filling leaks out of edges.', 'Crimp edges with fork tines to seal.', 'Repeat with remaining Dough and Filling until you have 16 pasties.', 'Brush tops with egg wash, and sprinkle with salt and pepper, if desired.', 'Bake on prepared baking sheet 25 to 30 minutes, or until golden brown.']","[""potato"", ""cold margarine"", ""eggs"", ""brown mustard"", ""onion"", ""celery"", ""flour"", ""thyme"", ""gruyere cheese"", ""carrot"", ""garlic"", ""vegetable oil"", ""salt""]",www.vegetariantimes.com/recipe/cornish-pasties/,main,1692.1,4.0,4.0,"Directions suggest making 16 pasties, which can serve 4 people each.",423.0,True,257.2,15.4,25.3,99.7,2093237.0,False,True,False,True,True,True,False,True,False,False,True,True,True,True,True,True,False,True,True
Cornish Pasties,"['1 (2 to 3 lb.) chuck roast (453.6 g)', '1 large onion (150.0 g)', '2 large potatoes (598.0 g)', '1 large turnip (183.0 g)', 'salt and pepper', '1 beaten egg (50.0 g)', 'shortcrust pastry']","['Peel onion; set in same pan as the meat and roast until fairly tender.', 'Cut meat and onion up fine.', 'Boil potatoes and turnip; dice.', 'Mix with meat.', 'Add salt and pepper.', 'Roll out pastry fairly thin (1/4-inch).', 'Cut into rounds the size of a saucer.', 'Put meat mixture in the center of each round.', 'Bring 2 opposite sides of pastry together in a join at the top and flute edges.', 'Brush with beaten egg.', 'Bake in hot 425° oven for 30 to 40 minutes.', 'This mixture will make several dozen pasties.']","[""potatoes"", ""egg"", ""onion"", ""shortcrust pastry"", ""chuck roast"", ""salt""]",www.cookbooks.com/Recipe-Details.aspx?id=252672,main,1623.0,3.0,8.0,"The chuck roast portion is typically suitable for serving 3 to 4 people and the substantial quantities of vegetables suggest a similar serving size. Additionally, the directions indicate that the mixture makes several dozen pasties.",541.0,True,122.0,17.5,88.4,149.7,100827.0,True,True,False,True,True,True,True,True,True,True,True,True,True,True,True,True,False,False,False
Cornish Pasties,"['187.5 g Bolognese sauce', '56.7 g frozen peas, thawed', '85.0 g frozen corn kernels, thawed', '3.0 g fresh parsley leaves, finely chopped', '4 sheets frozen puff pastry, thawed, an 8 inch disc cut from each sheet (980.0 g)', '1 egg, lightly beaten (50.0 g)']","['Preheat oven to 400°F.', 'Line a baking tray with parchment paper.', 'Combine Bolognese sauce with vegetables and parsley.', 'Spread over 1/2 of each puff pastry disc, leaving a 1/3 inch border.', 'Brush edge with egg then fold over.', 'Use a fork to seal edges.', 'Cut 2 small air vents in top of each pastry.', 'Transfer to prepared tray and brush with egg.', 'Bake for 15 mins, until golden.']","[""egg"", ""pastry"", ""bolognese sauce"", ""corn kernels"", ""parsley"", ""frozen peas""]",recipes-plus.com/api/v2.0/recipes/28211,main,5923.0,10.0,4.0,"The number of puff pastry sheets combined with the modest quantities of main ingredients suggests an estimated total of 4 to 6 servings, with 4 servings being the most fitting.",592.3,True,489.4,22.6,23.2,115.9,1250720.0,False,True,False,True,True,True,True,True,True,True,True,True,True,True,True,True,False,True,True
Cornish Pasties,"['1 loaf frozen bread dough, thawed (25.0 g)', '225.0 g ground pork', '40.2 g onion', '280.0 g rutabagas, cooked and mashed', '229.0 g mashed potatoes', '3.0 g salt', '0.6 g pepper']","['Brown pork and onion in a large pan, crumbling as it cooks.', 'Drain fat.', 'Stir in remaining ingredients.', 'Mix well and let cool.', 'Use a long piece of thread or dental floss to cut the frozen bread dough into 1/2"" slices.', 'Pat each one out into a 6-7"" circle.', 'Place 1/2 cup of filling down the centre and bring each side up to the top.', 'Pinch together to seal and place on a lightly greased cookie sheet.', 'Let rise for 20 minutes.', 'Bake at 350F for 30 minutes, or until bread is browned.', 'Serve hot or cold.']","[""ground pork"", ""potatoes"", ""bread"", ""pepper"", ""onion"", ""rutabagas"", ""salt""]",www.food.com/recipe/cornish-pasties-137735,main,1015.1,3.0,4.0,"Directions suggest making pasties from a single loaf of dough, implying a manageable portion size per pasty. The substantial fillings (ground pork, rutabaga, and mashed potatoes) are suitable for serving a few people.",338.4,True,92.4,28.3,13.5,48.8,1862424.0,False,True,True,True,True,True,True,True,True,True,True,True,True,True,False,False,False,False,False
Cornish Pasties,"['230.0 g flour', '6.0 g salt', '136.0 g shortening', '74.0 g water', '450.0 g hamburg', '450.0 g potatoes', '1 small onion (70.0 g)', '4 carrots (244.0 g)']","['Measure flour and salt into bowl.', 'Mix in shortening. Sprinkle in water 1 tablespoon at a time until flour is moistened and dough almost clears side of bowl (1 to 2 teaspoons water can be added if needed).', 'Roll out dough and cut into round circles.']","[""potatoes"", ""shortening"", ""onion"", ""water"", ""flour"", ""carrots"", ""hamburg"", ""salt""]",www.cookbooks.com/Recipe-Details.aspx?id=394463,main,3499.9,5.0,4.0,"The recipe involves making pasties, which are traditionally served in portions, and the ingredients suggest it could serve multiple people. An average serving size for such a dish is around 4-6 portions.",700.0,True,273.0,43.9,76.3,111.7,326089.0,False,True,True,True,True,True,True,True,True,True,True,True,True,True,True,True,True,True,True
Fudge Cookies,"['432.0 g sugar', '84.8 g cocoa', '225.0 g butter', '123.6 g milk', '4.3 g vanilla', '109.3 g peanut butter or nuts', '585.0 g oatmeal (quick)']","['Cream together sugar, cocoa, butter and milk and bring to a boil.', 'Boil one minute.', 'Remove from heat.', 'Add peanut butter or nuts.', 'Add vanilla and oats.', 'Beat until thick and spoon on wax paper.']","[""sugar"", ""vanilla"", ""peanut butter"", ""cocoa"", ""milk"", ""butter""]",www.cookbooks.com/Recipe-Details.aspx?id=868424,dessert,5057.2,17.0,12.0,The substantial amount of ingredients and the typical baking process for cookies suggest that this recipe serves around 12 to 16 cookies.,297.5,True,856.6,558.3,62.0,103.7,547610.0,False,True,True,True,False,True,False,True,True,True,True,True,True,True,True,True,False,True,True
Fudge Cookies,"['26.9 g butter', '255.2 g chocolate chips', '306.0 g condensed milk', '4.3 g vanilla extract', '240.0 g chopped nuts', '115.0 g sifted flour', '3.0 g salt']","['Melt butter and chocolate chips over hot water.', 'Remove from heat.', 'Stir in milk.', 'Add flour, salt, vanilla and nuts.', 'Drop by teaspoon 2 inches apart.', 'Bake on greased cookie sheet for 12 minutes in a 325° oven.']","[""condensed milk"", ""vanilla extract"", ""nuts"", ""flour"", ""chocolate chips"", ""butter"", ""salt""]",www.cookbooks.com/Recipe-Details.aspx?id=792683,dessert,4522.8,15.0,8.0,"The generous quantities of ingredients, particularly the large amount of chocolate chips and condensed milk, suggest that this recipe is designed for a larger number of servings rather than a single portion.",301.5,True,441.1,272.2,23.0,84.2,263777.0,False,True,True,True,True,True,False,True,True,True,True,True,True,True,True,True,False,True,False
Fudge Cookies,"['56.7 g semisweet chocolate', '85.0 g unsweetened chocolate', '230.0 g flour', '10.8 g baking soda', '3.0 g salt', '148.2 g butter', '173.3 g brown sugar', '162.0 g granulated sugar, plus', '26.6 g granulated sugar', '20.8 g molasses', '4.3 g vanilla', '2 eggs (100.0 g)', '63.6 g cocoa']","['Melt the chocolate.', 'Mix flour, salt, and soda.', 'Beat butter, brown sugar, granulated sugar, molasses, and vanilla.', 'Add eggs, then cocoa, then the chocolate.', 'Stir in 1/2 of the flour, then fold in the remainder.', 'Line a baking sheet with wax paper.', 'Drop walnut-sized mounds of dough on sheet.', 'Bake 12 minutes at 350 degrees.']","[""sugar"", ""vanilla"", ""baking soda"", ""brown sugar"", ""molasses"", ""eggs"", ""chocolate"", ""flour"", ""cocoa"", ""butter"", ""salt""]",www.food.com/recipe/fudge-cookies-30935,dessert,4494.1,15.0,12.0,"The recipe mentions 'walnut-sized mounds of dough', suggesting a portion size, and considering the mix of sweet and baking ingredients, it seems like a single serving might be a cookie or a small batch of cookies.",299.6,True,669.4,451.1,37.5,93.7,1749131.0,False,True,False,True,True,True,False,True,True,True,True,True,True,True,True,True,False,True,True
Fudge Cookies,"['432.0 g sugar', '120.0 g chocolate', '1 stick margarine (113.0 g)', '4.3 g vanilla', '129.8 g peanut butter', '246.0 g oats']","['Bring the sugar, chocolate and margarine to a boil.', 'Add the vanilla, peanut butter and oats.', 'Drop by spoonful onto cookie sheet.']","[""sugar"", ""vanilla"", ""oats"", ""peanut butter"", ""chocolate"", ""margarine""]",www.cookbooks.com/Recipe-Details.aspx?id=621505,dessert,4677.3,16.0,24.0,"The main ingredients like sugar, chocolate, and margarine suggest a portion size that would typically serve a group of 2-3 people, and considering the mixing process and the serving method described, it seems reasonable to estimate this as a batch for 24 servings.",292.3,True,706.0,509.2,39.8,65.1,279570.0,False,True,True,True,False,True,False,True,True,True,True,True,True,True,True,True,False,True,True
Fudge Cookies,"['432.0 g sugar', '445.2 g cocoa', '1 stick butter (113.0 g)', 'dash of salt', '492.0 g quick oats', '129.8 g peanut butter', '12.8 g vanilla', 'dash of salt']","['Mix together sugar, cocoa, butter and salt.', 'Bring to a boil and let simmer for a few minutes.', 'Then add quick oats, peanut butter, vanilla and salt.', 'Mix well.', 'Cool.', 'Drop by teaspoons onto greased pan.']","[""sugar"", ""vanilla"", ""oats"", ""peanut butter"", ""cocoa"", ""butter"", ""salt""]",www.cookbooks.com/Recipe-Details.aspx?id=974079,dessert,5964.9,20.0,6.0,"The recipe includes substantial amounts of sugar, cocoa, and oats, which are typically indicative of a larger serving size, hence estimating for 6 to 8 servings.",298.2,True,1065.3,460.0,222.5,177.0,720739.0,False,True,True,True,False,True,False,True,True,True,True,True,True,True,True,True,False,True,True
Fudge Cookies,"['720.0 g Minute oatmeal', '4.3 g vanilla', '109.0 g pecans, chopped', '432.0 g sugar', '63.6 g cocoa', '123.6 g milk', '1 stick margarine (113.0 g)']","['Mix in large bowl the oatmeal, vanilla and pecans.', 'Bring to a boil in large saucepan the sugar, cocoa, milk and margarine.', 'Pour second mixture over first; stir thoroughly and drop by teaspoonful on waxed paper.', 'Cookies are ready to eat when cool.']","[""sugar"", ""vanilla"", ""pecans"", ""cocoa"", ""margarine"", ""milk"", ""oatmeal""]",www.cookbooks.com/Recipe-Details.aspx?id=1009990,dessert,4468.8,15.0,3.0,"The main ingredient, oatmeal, is listed as 720.0 g, which typically indicates a serving size for 3 to 4 people.",297.9,True,902.7,563.0,62.8,92.7,112170.0,False,True,True,True,True,True,False,False,True,True,True,True,True,True,True,True,False,True,True
Fudge Cookies,"['432.0 g sugar', '109.2 g butter or margarine', '3.0 g salt', '123.6 g milk', '23.5 g cocoa', '129.8 g peanut butter', '240.0 g nuts or coconut', '702.0 g quick oatmeal', '2.1 g vanilla']","['In saucepan, add sugar, butter, salt, milk and cocoa.', 'Boil for 1 minute.', 'Remove from heat.', 'While mixture is still hot, add peanut butter.', 'Mix in nuts or coconut, oats and vanilla.', 'Drop by spoonful onto wax paper; cool.']","[""sugar"", ""vanilla"", ""peanut butter"", ""nuts"", ""cocoa"", ""milk"", ""oatmeal"", ""butter"", ""salt""]",www.cookbooks.com/Recipe-Details.aspx?id=786943,dessert,5390.4,18.0,2.0,"The recipe yields 240g of dough, which is typically enough for 2 servings of cookies.",299.5,True,920.0,583.2,66.9,112.5,316185.0,False,True,True,True,False,True,False,True,True,True,True,True,True,True,True,True,False,True,True
Fudge Cookies,"['432.0 g sugar', '42.4 g cocoa', '123.6 g canned milk', '1 stick margarine (113.0 g)', '720.0 g minute oatmeal (uncooked)', '109.3 g crunchy peanut butter', '4.3 g vanilla']","['Mix first 4 ingredients and cook over medium heat for 3 minutes (start timing when mixture starts to boil).', 'Remove from heat and stir in oatmeal, peanut butter and vanilla.', 'Mix this well before it gets hard.', 'Drop from spoon onto waxed paper and let cool. Makes about 24 cookies.']","[""sugar"", ""vanilla"", ""minute oatmeal"", ""cocoa"", ""margarine"", ""milk"", ""crunchy peanut butter""]",www.cookbooks.com/Recipe-Details.aspx?id=965270,dessert,4310.0,14.0,24.0,Makes about 24 cookies.,307.9,True,899.1,568.4,51.7,104.8,378239.0,False,True,True,True,False,True,False,True,True,True,True,True,True,True,True,True,False,True,True
Fudge Cookies,"['109.3 g butter', '216.6 g brown sugar, firmly packed', '2 eggs (100.0 g)', '21.2 g unsweetened cocoa', '172.5 g sifted flour', '5.4 g baking soda', '1.5 g salt', '4.3 g vanilla extract', '58.5 g chopped walnuts']","['Prepare 2 cookie sheets.', 'Beat together butter and sugar until light and creamy.', 'Add eggs, one at a time, beating well after each addition.', 'Sift together the cocoa, flour, soda and salt. Fold into butter mixture.', 'Add vanilla.', 'Fold in the chopped nuts. Chill for 1 hour.', 'Drop mixture from a teaspoon onto cookie sheets.', 'Bake in preheated oven at 350° for 10 minutes.', 'Remove from cookie sheet while still warm; cool on wire rack.', 'Makes 3 dozen.']","[""unsweetened cocoa"", ""vanilla extract"", ""brown sugar"", ""eggs"", ""baking soda"", ""flour"", ""walnuts"", ""butter"", ""salt""]",www.cookbooks.com/Recipe-Details.aspx?id=893145,dessert,2915.9,10.0,3.0,"Makes 3 dozen cookies, which is typically around 30-36 cookies per serving, making it suitable for 3 servings.",291.6,True,362.9,216.1,16.4,81.9,353367.0,False,True,False,True,True,True,False,False,True,True,True,True,True,True,True,True,False,True,True
Fudge Cookies,"['432.0 g sugar', '1 stick margarine (113.0 g)', '39.2 g cocoa', 'pinch of salt', '123.6 g milk', '196.8 g quick oats', '4.3 g vanilla', '146.4 g coconut', '4.4 g burnt sugar flavoring', '120.0 g nuts']","['Bring to a boil for 1 to 1 1/2 minutes the sugar, margarine, cocoa, salt and milk; heat to 235° on thermometer.', 'Remove from heat.', 'Add oats, coconut, nuts, vanilla and flavoring; stir well. Drop by teaspoons onto wax paper.']","[""sugar"", ""vanilla"", ""oats"", ""nuts"", ""cocoa"", ""margarine"", ""coconut"", ""burnt sugar"", ""milk"", ""salt""]",www.cookbooks.com/Recipe-Details.aspx?id=918628,dessert,4842.7,16.0,12.0,"Considering the ingredients and the process described, it seems plausible that this could serve around 12 to 16 people.",302.7,True,704.1,519.2,55.4,64.0,836181.0,False,True,True,True,True,True,False,True,True,True,True,True,True,True,True,True,False,True,True
Fudge Cookies,"['141.8 g (1 can) sweetened condensed milk', '340.2 g (1 pkg.) chocolate chips', '54.7 g (1/2 stick) butter, melted', '115.0 g flour', '4.3 g vanilla', '109.0 g pecans, chopped']","['In a sauce pan, put milk, chips, and butter.', 'Cook over low heat until melted.', 'Stir in flour, vanilla and pecans.', 'Drop cookie mix by spoonfuls onto cookie sheet.']","[""condensed milk"", ""vanilla"", ""pecans"", ""flour"", ""chocolate chips"", ""butter""]",www.cookbooks.com/Recipe-Details.aspx?id=16947,dessert,3858.0,13.0,1.0,Cookies are small and the ingredients suggest they are meant for a single serving each.,296.8,True,385.9,213.3,18.7,48.3,830693.0,False,True,True,True,True,True,False,False,True,True,True,True,True,True,True,True,False,True,False
Fudge Cookies,"['360.0 g chocolate chips', '26.9 g margarine', '425.2 g condensed milk', '4.3 g vanilla', '115.0 g flour', '240.0 g nuts, chopped']","['Melt chocolate chips and margarine in saucepan over low heat. Add milk and vanilla and remove from heat. Beat until smooth.', 'Add flour and nuts.', 'Mix well. Drop by teaspoon on well-greased cookie sheet. Bake at 350° for 12 minutes.', 'Makes about 4 dozen.']","[""condensed milk"", ""vanilla"", ""flour"", ""nuts"", ""margarine"", ""chocolate chips""]",www.cookbooks.com/Recipe-Details.aspx?id=313968,dessert,3979.3,18.0,4.0,directions suggest 'Makes about 4 dozen' which is equivalent to 4 servings,221.1,True,570.3,376.9,24.6,97.6,229989.0,False,True,True,True,True,True,False,True,True,True,True,True,True,True,True,True,False,True,False
Tabbouleh,"['3 leaf parsley, finely chopped (stems discarded) (3.0 g)', '1 medium onion, finely chopped (110.0 g)', '6 medium tomatoes, finely chopped , seeded (738.0 g)', '12.0 g salt', '1.1 g black pepper', 'Juice of 3 lemons', '113.4 g fine bulgur (cracked wheat)', '255.2 g boiling water', '3.2 g mint, finely chopped']","['Before you start prepare all the ingredients.', 'Place cracked wheat in a large bowl, add boiling water and set aside to soak for 15 minutes.', 'Place chopped parsley, mint, onions and tomatoes in a large bowl then add the salt and pepper.', 'Now mix all your ingredients thoroughly.', 'Drain the cracked wheat, squeeze out excess water and add to the bowl and combine.', 'Finally, add lemon juice, olive oil and mix all ingredients.', 'Serve chilled or at room temperature.']","[""tomatoes"", ""black pepper"", ""mint"", ""lemons"", ""onion"", ""water"", ""flat leaf parsley"", ""salt""]",www.cookbooks.com/Recipe-Details.aspx?id=66259,side,277.1,1.0,4.0,The recipe serves 4 people as it uses 113.4 g fine bulgur which is typically suitable for 4 servings.,277.1,True,126.4,24.6,25.5,22.0,145888.0,False,True,True,True,True,True,True,True,True,True,True,True,True,True,True,True,True,True,True
Tabbouleh,"['91.0 g bulghur (Lebanese cracked wheat)', '10 to 12 spring onions, finely chopped (1210.0 g)', '81.1 g very finely chopped parsley', '13.0 g very finely chopped mint', '4 large very finely chopped tomatoes (728.0 g)', '2 cloves garlic (6.0 g)', '12.0 g salt', '0.6 g pepper', '123.6 g lemon juice', '55.1 g olive oil', 'dash of cinnamon and nutmeg', 'dash of cloves and ginger']","['Wash the crushed wheat and squeeze out the excess water.', 'Add 1/4 cup lemon juice and refrigerate for at least 1 hour.', '(The longer the better.)', 'Mix the garlic, onion, parsley and spices all together in the oil and set it aside in the refrigerator.']","[""tomatoes"", ""salt"", ""pepper"", ""lemon juice"", ""ginger"", ""garlic"", ""cinnamon"", ""spring onions"", ""parsley"", ""bulghur"", ""olive oil"", ""mint""]",www.cookbooks.com/Recipe-Details.aspx?id=184140,side,1253.3,6.0,4.0,"The recipe uses a significant amount of bulghur (91g) and spring onions (1210g), suggesting it is best suited for 4 servings.",208.9,True,228.4,74.7,45.0,34.7,612021.0,False,True,True,True,True,True,True,True,True,True,True,True,True,True,True,True,True,True,True
Tabbouleh,"['364.0 g bulgur (Also called cracked wheat)', '123.6 g fresh lemon juice', '73.6 g extra-virgin olive oil', '4.7 g minced garlic', '3.0 g salt', 'Pepper', '1 large cucumber (about 1 pound), peeled, seeded, chopped (280.0 g)', '16.2 g chopped fresh parsley', '120.6 g chopped green onions', '82.8 g chopped red bell pepper', '26.8 g chopped fresh dill', '17.3 g chopped fresh mint']","['Cook the cracked wheat in boiling water for 2 minutes.', 'Drain through a fine sieve.', 'Whisk lemon juice, oil, garlic, and salt in very large bowl to blend.', 'Season dressing to taste with pepper.', 'Mix in bulgur and vegetables.']","[""extra-virgin olive oil"", ""pepper"", ""lemon juice"", ""green onions"", ""fresh mint"", ""red bell pepper"", ""dill"", ""parsley"", ""cucumber"", ""garlic"", ""salt""]",www.foodnetwork.com/recipes/tabbouleh-recipe1.html,side,1188.5,6.0,4.0,"The recipe uses 364 grams of bulgur, which is typically sufficient for about 4 servings. The quantities of other ingredients seem proportionate to serve around 4 people.",198.1,True,317.2,14.6,52.6,51.3,1801996.0,False,True,True,True,True,True,True,True,True,True,True,True,True,True,True,True,True,True,True
Tabbouleh,"['364.0 g fine bulgur', '80.4 g minced onion', '2 scallions, using green and white parts (30.0 g)', 'Salt', 'Pepper', '8.1 g minced parsley', '6.6 g minced fresh dill', '9.6 g minced fresh mint leaves', '4.8 g dried mint', '76.2 g lemon juice', '81.5 g olive oil', 'Tomato wedges', 'Green capsicum, seeded and cut into rings', 'Black olives']","['Put bulgur in a large bowl; cover with ample cold water and let stand for 30 minutes.', 'Bulgur will swell to more than double the size.', 'Put in a strainer and drain.', 'Squeeze out with your hands as much moisture as you can; spread out on a kitchen towel and let dry for 10 minutes.', 'Add salt, pepper, parsley, dill, mint leaves, oil and lemon juice; blend well.', 'Add more salt, pepper and lemon juice, if needed.', 'Line a serving platter with lettuce leaves; mound tabbouleh on top and garnish with olives, tomato wedges and capsicum rings.']","[""pepper"", ""lemon juice"", ""scallions"", ""fine bulgur"", ""mint"", ""green"", ""onion"", ""black olives"", ""dill"", ""parsley"", ""tomato wedges"", ""olive oil"", ""salt""]",www.foodgeeks.com/recipes/4497,side,1110.5,6.0,4.0,"Given that the recipe calls for 364.0 grams of bulgur, which is quite substantial, it's reasonable to assume this serves around 4-6 people. However, the other ingredients like vegetables and dressing seem sufficient for a similar number of servings.",185.1,True,294.4,7.6,49.4,47.5,2115939.0,False,True,True,True,True,True,True,True,True,True,True,True,True,True,True,True,True,True,True
Tabbouleh,"['182.0 g Bulgar wheat', '18.0 g sea salt', '300.0 g boiling water', '119.5 g cherry tomatoes', '8.1 g flat leaf parsley, chopped', '26.0 g of fresh mint, chopped', '26.8 g fresh dill, chopped', '55.0 g golden raisin', '66.5 g cucumber, chopped', '3.2 g garlic, chopped', '61.8 g lemon juice', '73.6 g extra virgin olive oil', '2.3 g black pepper']","['Place the first three ingredients in a bowl, and cover with plastic wrap.', 'Let sit for 20 minutes, then fluff with a fork.', 'Add everything else into a large bowl.', 'Add the cooked bulgur wheat.', 'Let sit in the refrigerator for about 10 min to cool.']","[""bulgar wheat"", ""tomatoes"", ""black pepper"", ""lemon juice"", ""mint"", ""extra virgin olive oil"", ""golden raisin"", ""fresh dill"", ""boiling water"", ""cucumber"", ""garlic"", ""flat leaf parsley"", ""salt""]",www.food.com/recipe/tabbouleh-179287,side,1128.9,6.0,4.0,The recipe yields 4 servings and it includes a moderate amount of bulgur wheat which is typically suitable for 4-6 people.,188.2,True,202.7,7.4,32.5,29.0,1762670.0,False,True,True,True,True,True,True,True,True,True,True,True,True,True,True,True,True,True,True
Tabbouleh,"['182.0 g bulgur', '480.0 g water', '1 env. GOOD SEASONS Garlic & Herb Dressing Mix (3.0 g)', '61.8 g lemon juice', '29.6 g water', '110.4 g oil', '2 large tomatoes, chopped (364.0 g)', '253.0 g (15 oz.) chickpeas (garbanzo beans), drained, rinsed', '8.1 g finely chopped fresh parsley', '80.4 g thinly sliced green onions', '26.0 g fresh mint leaves']","['Cook bulgur in the 2 cups water as directed on package.', 'Meanwhile, prepare dressing mix with lemon juice, 2 Tbsp.', 'water and the oil as directed on envelope; set aside.', 'Drain bulgur, if necessary; place in large bowl.', 'Add tomatoes, beans, parsley, onions and mint; mix lightly.', 'Stir in prepared dressing; cover.', 'Refrigerate several hours or until chilled.', 'Stir before serving.']","[""seasons garlic"", ""oil"", ""bulgur"", ""tomatoes"", ""lemon juice"", ""fresh parsley"", ""green onions"", ""mint leaves"", ""water"", ""chickpeas""]",www.kraftrecipes.com/recipes/tabbouleh-57606.aspx,side,1678.8,8.0,4.0,"The main ingredients such as bulgur and chickpeas are sufficient for 4 servings, aligning with common portion sizes for this dish.",209.8,True,333.9,42.5,61.9,80.0,2217502.0,False,True,True,True,True,True,True,True,True,True,True,True,True,True,True,True,True,True,True
Tabbouleh,"['85.0 g parsley (remove stalks)', '182.0 g bulgur (cracked wheat grade 1)', 'juice of 2 lemons', '2 tomatoes, diced very fine (246.0 g)', '1/2 onion, chopped very fine (55.0 g)', 'salt to taste', '1.0 g allspice']","['Chop parsley in food processor; put in salad bowl (chop fine). Chop onion and add to parsley.', 'Add diced tomatoes.', 'Wash bulgur; drain water and add to parsley.', 'Add rest of ingredients; toss.', 'Adjust salt to taste.', 'Bulgur will soften after about 15 to 20 minutes.']","[""tomatoes"", ""lemons"", ""onion"", ""parsley"", ""allspice"", ""salt""]",www.cookbooks.com/Recipe-Details.aspx?id=290545,side,220.0,1.0,2.0,"Bulgur is the main ingredient here, and it's mentioned to be cooked separately and added at the end. Given its quantity (182.0 g) and the cooking process, it's reasonable to assume this recipe serves around 2 people.",220.0,True,158.9,10.3,29.7,27.7,771701.0,False,True,True,True,True,True,True,True,True,True,True,True,True,True,True,True,True,True,True
Tabbouleh,"['1 large tomatoes, finely chopped (182.0 g)', '1 small sweet vidalia onion, finely chopped (70.0 g)', '8.1 g flat leaf parsley, minced', '91.0 g bulgur', '40.7 g olive oil', '1 lemon, juice of (58.0 g)', 'salt']","['Soak the burgul in cold water for 20 minutes.', 'In a medium sized bowl, mix the tomato, onion, and parsley.', 'Add the burgul and mix gently.', 'Add the olive oil, lemon juice and salt to taste.', 'Adjust seasonings to taste.', 'Chill for half an hour so that the flavours have a chance to blend.']","[""bulgur"", ""tomatoes"", ""sweet vidalia onion"", ""lemon"", ""flat leaf parsley"", ""olive oil"", ""salt""]",www.food.com/recipe/tabbouleh-216182,side,512.0,3.0,2.0,The recipe uses 80g of bulgur which is typically enough for 2 servings.,170.7,True,138.5,8.2,15.0,13.8,1188355.0,False,True,True,True,True,True,True,True,True,True,True,True,True,True,True,True,True,True,True
Tabbouleh,"['96.0 g dried lentils', '480.0 g water', '182.0 g uncooked bulgur', '480.0 g boiling water', '123.6 g fresh lemon juice', '16.2 g coarsely chopped fresh parsley', '51.9 g coarsely chopped fresh mint', '61.0 g cherry tomato halves', '168.0 g sliced canned artichoke hearts, drained', '133.0 g diced seeded peeled cucumber', '80.4 g minced red onion', '1.1 g pepper', '20.4 g olive oil', '2 garlic cloves, minced (6.0 g)']","['Combine lentils and 2 cups water in a medium saucepan.', 'Bring to a boil; cover, reduce heat, and simmer 40 minutes or until lentils are tender.', 'Drain, rinse under cold water, and drain again.', 'Transfer to a large bowl.', 'Combine bulgur, boiling water, and lemon juice in a medium bowl; cover and let stand 30 minutes.', 'Add bulgur mixture, parsley, and next 8 ingredients to lentils; toss well.', 'Cover and chill at least 30 minutes.', 'carbo rating: 37']","[""bulgur"", ""pepper"", ""lemon juice"", ""fresh parsley"", ""red onion"", ""hearts"", ""dried lentils"", ""water"", ""fresh mint"", ""tomato halves"", ""cucumber"", ""garlic"", ""boiling water"", ""olive oil""]",www.myrecipes.com/recipe/tabbouleh-2,side,726.1,4.0,4.0,"The recipe includes lentils and bulgur, which are substantial ingredients that typically indicate a serving size for 4 to 6 people.",181.5,True,252.0,15.3,50.6,57.6,1413485.0,False,True,True,True,True,True,True,True,True,True,True,True,True,True,True,True,True,True,True
Tabbouleh,"['136.5 g bulgur (about 4 ounces), rinsed', '12.2 g finely chopped fresh flat-leaf parsley (1 large bunch)', '13.0 g finely chopped fresh mint', '6 scallions, white and tender green, finely chopped (90.0 g)', '40.7 g olive oil', '30.5 g fresh lemon juice', 'Salt and freshly ground black pepper', 'Generous pinch of cayenne pepper']","['Put the bulgur in a medium bowl and add hot water to cover by at least 2 inches.', 'Let soak for 15 minutes.', 'Drain the bulgur in a fine sieve, pressing on the grains to extract excess water.', 'Transfer to a bowl.', 'Add the parsley, mint, scallions, oil and lemon juice and toss.', 'Season with salt, black pepper and cayenne and toss.', 'Cover and let stand at room temperature for at least 30 minutes.']","[""lemon juice"", ""scallions"", ""generous"", ""fresh mint"", ""parsley"", ""olive oil"", ""salt""]",www.foodandwine.com/recipes/tabbouleh-sutton,side,522.3,3.0,4.0,"The recipe does not specify the number of servings. However, it seems suitable for a side dish or light meal, and the quantities of ingredients suggest it could serve around 4 people.",174.1,True,115.0,3.5,20.9,19.4,1718669.0,False,True,True,True,True,True,True,True,True,True,True,True,True,True,True,True,True,True,True
Tabbouleh,"['360.0 g boiling water', '182.0 g Bulgar wheat', '61.8 g fresh lemon juice (2 lemons)', '55.1 g olive oil', '9.0 g kosher salt', '12.0 g kosher salt', '2.3 g fresh ground black pepper', '100.0 g minced scallion, white and green parts (1 bunch)', '51.9 g chopped fresh mint leaves (2 bunches)', '16.2 g chopped fresh flat-leaf parsley (1 bunch)', '1 hothouse cucumber, unpeeled, halved lengthwise, and medium-diced (201.0 g)', '304.0 g halved grape tomatoes']","['In a heat-proof bowl, pour the boiling water over the bulgur wheat.', 'Add the lemon juice, olive oil, and salt.', 'Stir.', 'Cover the bowl with plastic wrap and allow to stand at room temperature for about 1 hour.', 'Add the scallions, mint, parsley, cucumber, tomatoes, 2 teaspoons salt, and 1 teaspoon pepper.', 'Season, to taste, and serve immediately or cover and refrigerate.', 'The flavors will develop as it sits.']","[""bulgar wheat"", ""fresh ground black pepper"", ""hothouse cucumber"", ""lemon juice"", ""halved grape tomatoes"", ""scallion"", ""parsley"", ""kosher salt"", ""boiling water"", ""olive oil"", ""mint""]",www.food.com/recipe/tabbouleh-381439,side,845.8,4.0,4.0,"The primary ingredient, bulgur wheat, is sufficient for 4 servings, while other ingredients are proportionally smaller and fit within this serving size.",211.4,True,184.0,8.1,38.2,30.9,1725965.0,False,True,True,True,True,True,True,True,True,True,True,True,True,True,True,True,True,True,True
Tabbouleh,"['91.0 g Bulgar wheat, medium grain', '300.0 g water', '32.5 g fresh parsley, loosely packed, roughly chopped (1-2 bunches)', '244.1 g diced tomato', '40.2 g green onions with top, chopped', '19.5 g mint leaf, loosely packed, roughly chopped', '61.8 g fresh lemon juice', '0.4 g garlic, minced', '27.2 g extra virgin olive oil', 'pepper, to taste', 'kosher salt, to taste']","['Soak the bulgur in cold water for 1 1/2 hours then drain and squeeze well.', 'Allow bulgur to air dry.', 'To prepare dressing, in a small non-reactive bowl, whisk together lemon juice, garlic, oil, salt and pepper.', 'Taste and adjust seasonings.', 'In a large salad bowl, toss together parsley, tomatoes, green onions and mint.', 'Add bulgur.', 'Pour dressing over salad, toss to combine.', 'Taste and adjust seasonings.', 'Serve with pita wedges or scoop up with lettuce leaves.', 'If making ahead, wait until serving to add tomatoes.', 'As an alternative, you can also add chopped cucumber.']","[""tomato"", ""bulgar wheat"", ""pepper"", ""fresh parsley"", ""green onions"", ""mint leaf"", ""lemon juice"", ""extra virgin olive oil"", ""water"", ""kosher salt"", ""garlic""]",www.food.com/recipe/tabbouleh-298523,side,415.6,2.0,4.0,The recipe serves 4 people based on the amount of bulgur wheat (91.0 g) which is typically sufficient for 3-4 servings.,207.8,True,91.7,10.3,17.8,15.7,1834118.0,False,True,True,True,True,True,True,True,True,True,True,True,True,True,True,True,True,True,True
Tabbouleh,"['728.0 g bulgur', '960.0 g boiling water', '165.0 g diced mango', '1 bunch green onion, finely diced (15.0 g)', '47.5 g chopped almonds']","['Mix the bulgur and boiling water in a large mixing bowl and allow to soak at room temperature for 30 minutes, stirring occasionally.', 'Refrigerate until completely cool.', 'Then, add mango, green onion, and almonds.', 'Tabbouleh is ready to serve.']","[""bulgur"", ""green onion"", ""mango"", ""almonds"", ""boiling water""]",www.foodnetwork.com/recipes/tabbouleh-recipe3.html,side,983.0,5.0,4.0,"The recipe calls for 728 grams of bulgur, which is typically sufficient for 4 servings.",196.6,True,588.7,28.0,100.0,101.2,1913722.0,False,True,True,True,True,True,True,False,True,True,True,True,True,True,True,True,True,True,True
Roasted Garlic Mashed Potatoes,"['1 head garlic, outer skin removed (3.0 g)', '170.1 g small shallots, peeled and trimmed', '13.6 g olive oil', '1575.0 g baking potatoes, peeled and cubed', '54.6 g butter or margarine, softened', '309.0 g warm milk', '12.0 g salt']","['Heat oven to 450 degrees.', 'Place garlic and shallots in a 8-inch square baking pan; drizzle with oil.', 'Cover with foil and roast 40 minutes, turning shallots occasionally, or until they are tender and golden.', 'Cool.', 'Squeeze garlic cloves from skins, place in food processor with roasted shallots and any remaining oil in pan. Process until smooth.', 'Can be made ahead; cover and refrigerate 24 hours.']","[""warm milk"", ""baking potatoes"", ""shallots"", ""garlic"", ""butter"", ""olive oil"", ""salt""]",www.cookbooks.com/Recipe-Details.aspx?id=56433,side,2039.7,10.0,5.0,"Roasted garlic and shallots are the main ingredients contributing to the dish, and the recipe suggests roasting them together, which is typically done for a specific serving size.",204.0,True,450.5,191.8,222.9,57.4,211172.0,True,True,True,True,True,True,False,True,True,True,True,True,True,True,True,True,False,True,True
Roasted Garlic Mashed Potatoes,"['1350.0 g potatoes, peeled and cubed', '113.4 g cream cheese', '247.2 g milk', '53.9 g butter', '1 bulb roasted garlic, squeezed out of skins and mashed with fork (3.0 g)', '0.1 g thyme', '0.6 g smoked paprika', '4.5 g salt', 'fresh ground pepper, to taste', 'fresh cracked pepper, couple good turns']","['Boil potatoes till tender about 20 minutes.', 'Drain into colander.', 'Rice or mash potatoes and place back in pot.', 'Warm milk, butter add cream cheese in a pot over low heat to a simmer.', 'Stir into the potatoes adding the remaining ingredients folding in well.', 'Place in serving bowl and garnish with additional kosher salt and paprika.']","[""potatoes"", ""fresh ground pepper"", ""fresh cracked pepper"", ""cream cheese"", ""thyme"", ""milk"", ""paprika"", ""garlic"", ""butter"", ""salt""]",www.food.com/recipe/roasted-garlic-mashed-potatoes-413573,side,2061.7,10.0,4.0,"Roasted garlic and potatoes are the main ingredients contributing to the dish, and the recipe yields a substantial amount of mashed potatoes which can serve around 4-6 people.",206.2,True,358.1,147.6,186.6,51.7,1674206.0,True,True,True,True,True,True,False,True,True,True,True,True,True,True,True,True,False,True,True
Roasted Garlic Mashed Potatoes,"['1 whole garlic bulb (3.0 g)', '4.5 g canola oil', '8 medium red potatoes, cut into 1-inch pieces (426.0 g)', '226.0 g (8 ounces) reduced-fat cream cheese, cubed', '61.8 g 2% milk', '3.0 g salt', '0.6 g pepper']","['Preheat oven to 425°.', 'Remove papery outer skin from garlic bulb, but do not peel or separate the cloves.', 'Cut off top of garlic bulb, exposing individual cloves; brush with oil.', 'Wrap in heavy-duty foil.', 'Bake until cloves are softened, 30-35 minutes.', 'Unwrap and cool 10 minutes.', 'Meanwhile, place potatoes in a large saucepan; cover with water.', 'Bring to a boil.', 'Reduce heat; cook, uncovered, until potatoes are tender, 10-15 minutes.', 'Squeeze garlic cloves into a bowl; mash with a fork until smooth.', 'Drain potatoes; return to pan.', 'Add garlic; mash potatoes to desired consistency, gradually adding remaining ingredients.']","[""pepper"", ""canola oil"", ""cream cheese"", ""red potatoes"", ""milk"", ""garlic"", ""salt""]",www.tasteofhome.com/recipes/roasted-garlic-mashed-potatoes/,side,1184.8,6.0,4.0,"Considering the quantity of potatoes and the fact that they are typically mashed into a substantial portion per serving, we can estimate that this recipe serves around 4 to 6 people. However, since the garlic and other ingredients are relatively small quantities, it seems more appropriate to lean towards a smaller serving size.",197.5,True,115.6,44.9,59.0,26.8,1539252.0,True,True,True,True,True,True,False,True,True,True,True,True,True,True,True,True,False,True,True
Roasted Garlic Mashed Potatoes,"['1 whole garlic bulb (3.0 g)', '640.8 g Swanson Chicken Broth', '5 potatoes (1065.0 g)', '6.0 g chives']","['Cut off the top of the garlic bulb.', 'Drizzle with about 2 tablespoons of the broth.', 'Wrap the bulb in aluminum foil and bake at 350F.', ""for 1 hour or until it's softened."", 'Place the broth and potatoes in a 3-quart saucepan and heat to a boil over medium-high heat.', 'Reduce the heat to medium.', 'Cover and cook for 10 minutes or until the potatoes are tender.', 'Drain, reserving the broth.', 'Mash the potatoes with 1 1/4 cups of the broth, 2 or 3 cloves of roasted garlic and chives, if desired.', 'Add additional broth, if needed, until desired consistency is reached.']","[""potatoes"", ""garlic"", ""chicken broth"", ""chives""]",www.delish.com/recipefinder/roasted-garlic-mashed-potatoes-recipe-campbells-1109,side,852.0,4.0,4.0,"The recipe involves 5 potatoes, which typically serve around 3-4 people, and the substantial amount of broth (640.8 g) suggests a larger portion. The cooking process described indicates a single dish rather than multiple portions.",213.0,True,173.0,8.3,147.2,27.4,1734446.0,True,True,True,True,True,True,True,True,True,True,True,True,True,True,True,True,False,False,True
Roasted Garlic Mashed Potatoes,"['3 heads garlic (9.0 g)', '40.7 g olive oil', '900.0 g peeled and diced potatoes', '109.3 g butter', 'milk', 'salt and pepper']","['Preheat oven to 450 degrees.', 'Place garlic in pan and brush with olive oil and salt and pepper.', 'Roast for 35 minute until golden brown.', 'Let cool, then squeeze garlic from head.', 'Boil potatoes for about 15 to 20 minute.', 'Drain.', 'Add garlic and butter and mash.', 'Add milk until desired texture.']","[""potatoes"", ""milk"", ""garlic"", ""butter"", ""olive oil"", ""salt""]",www.food.com/recipe/roasted-garlic-mashed-potatoes-58232,side,1850.3,9.0,4.0,"directions suggest serving 4, garlic and potatoes are sufficient for 4 servings",205.6,True,147.0,6.0,124.4,17.8,1201307.0,True,True,True,True,True,True,False,True,True,True,True,True,True,True,True,True,False,True,True
Roasted Garlic Mashed Potatoes,"['4 medium Yukon Gold potatoes (1 1/2 pounds), peeled and quartered (852.0 g)', 'Kosher salt', '1 cup whole milk, or more as needed', '53.9 g (1/2 stick) unsalted butter, cut into chunks', '19.2 g Roasted Garlic Puree (page 238)', '1.1 g freshly ground black pepper']","['Put the potatoes in a large pot, cover with cold water, and add 1 tablespoon salt.', 'Bring to a boil over medium heat, then reduce the heat so the water simmers gently.', 'Cook until there is no resistance when a fork is inserted into the potatoes, about 20 minutes.', 'Warm the milk in a small pot over low heat.', 'Drain the potatoes and, while theyre hot, pass them through a food mill or potato ricer into a large mixing bowl.', '(If you do not have a ricer or food mill you can use a potato masher, but the potatoes wont be as fluffy.)', 'Add the milk, butter, and garlic puree, stirring with a wooden spoon to blend into the potatoes; season with 1 teaspoon salt and the pepper.', 'Feel free to add more milk to achieve the consistency that you like.', 'Cover and keep the potatoes warm until ready to serve.']","[""potatoes"", ""freshly ground black pepper"", ""kosher salt"", ""milk"", ""garlic"", ""unsalted butter""]",www.epicurious.com/recipes/food/views/roasted-garlic-mashed-potatoes-377799,side,1073.9,5.0,3.0,"Given that the recipe is described as a 'Roasted Garlic Mashed Potatoes' and serves as a side dish, it aligns well with a serving size of 3-4 portions.",214.8,True,143.4,5.8,118.3,17.2,1663188.0,True,True,True,True,True,True,False,True,True,True,True,True,True,True,True,True,False,True,True
Roasted Garlic Mashed Potatoes,"['3 large russet potatoes (about 2 1/2 pounds), peeled and cut into medium dice (897.0 g)', 'Kosher salt', '119.3 g heavy cream', '53.9 g butter', '9.1 g extra virgin olive oil', '8 cloves Oven-Roasted Garlic (24.0 g)', 'Freshly ground black pepper', 'Simple Roasted Chicken', 'Saddle or Rack of Lamb', 'Pan-roasted veal chops']","['Place the potatoes in a large saucepan with cold, salted water to cover and bring to a boil over high heat.', 'Reduce the heat to medium and simmer until the potatoes are tender, 30 to 35 minutes; drain.', 'Meanwhile, in a small saucepan over medium heat, heat the cream, butter, and oil together until just simmering and remove from the heat.', 'In the bowl of an electric mixer with a whisk attachment (or with a hand-held electric mixer), beat the potatoes and garlic on low to medium speed.', 'Slowly add the cream mixture and mix on medium speed, scraping the bowl occasionally, until smooth.', 'Season with salt and pepper.', 'Variation:', 'Lighten the heavy cream with half-and-half or milk, depending on the richness desired.']","[""pan"", ""heavy cream"", ""extra virgin olive oil"", ""garlic"", ""freshly ground black pepper"", ""simple"", ""kosher salt"", ""russet potatoes"", ""butter""]",www.cookstr.com/recipes/roasted-garlic-mashed-potatoes,side,1598.6,8.0,4.0,"The recipe uses a significant amount of potatoes and dairy products, typical for a substantial serving size, and the directions suggest a full-flavored dish meant for multiple people.",199.8,True,154.9,9.6,124.3,21.6,1791631.0,True,True,True,True,True,True,False,True,True,True,True,True,True,True,True,False,False,False,False
Roasted Garlic Mashed Potatoes,"['5 whole (Large) Red Skinned Potatoes (1065.0 g)', '6 cloves Garlic, Smashed (18.0 g)', '1 sprig Rosemary (whole) (0.5 g)', '6 sprigs Thyme (whole) (3.0 g)', '27.2 g Extra Virgin Olive Oil', '3.0 g Coarse Salt', '1.1 g Pepper', '242.4 g Fat Free Sour Cream', '61.8 g 1% Milk', '1 bunch Green Onions (6 To A Bunch) Green And White Parts, Sliced (110.0 g)']","['Preheat oven to 375 F. Wash and chop the potatoes into one-inch cubes; leave the skin on.', 'Into a roasting pan add the chopped potatoes, garlic cloves, rosemary, thyme, and olive oil. Season with the salt and pepper. Mix well.', 'Roast at 375 F for 50 minutes to one hour.', 'Once cooked, take the pan out of the oven and cover with tin foil. Let it rest for 10 minutes.', 'After the potatoes have rested remove the larger sprigs of rosemary and thyme and discard them.', 'Add the sour cream, milk, and green onions and mash everything all together. You want the texture to be chunky and rustic, not smooth.', 'Taste and adjust seasoning.', 'Notes:', '1. If the potatoes are too dry add a little bit more sour cream.', '2. You can use whatever milk you have on hand in place of skim. I myself tend to use 1% lately. I read recently that your body absorbs the nutrients in milk better if there is some fat.', '3. This is a rustic dish so it is okay if there are big sprigs of the herbs mixed in the potatoes. Just remove the larger pieces and the stems. An alternative to this is to remove the leaves from the stems and finely chop them before you add them to the roasting pan.']","[""sour cream"", ""pepper"", ""green onions"", ""\u00bc"", ""rosemary"", ""thyme"", ""red"", ""garlic"", ""olive oil"", ""salt""]",tastykitchen.com/recipes/sidedishes/roasted-garlic-mashed-potatoes-2/,side,1643.5,8.0,3.0,"The recipe involves roasting potatoes and mashing them with additional ingredients, which aligns well with a portion size that would be suitable for 3 to 4 people. Given the quantities of the main ingredients like potatoes and garlic, it is reasonable to estimate that this recipe serves approximately 3 to 4 people.",205.4,True,233.0,53.7,150.0,32.7,1585059.0,True,True,True,True,True,True,False,True,True,True,True,True,True,True,True,True,False,True,True
Roasted Garlic Mashed Potatoes,"['6 cloves garlic (18.0 g)', '13.6 g olive oil', '675.0 g all purpose potatoes', '67.4 g butter', '123.6 g warm milk', 'Salt Pepper', '50.0 g parmesan, grated']","['Preheat oven to 400 degrees.', 'Place garlic cloves on a small square of aluminum foil and drizzle with olive oil.', 'Wrap foil around garlic and bake in oven for 20 minutes or until golden.', 'If you prefer, peel the potatoes.', 'Quarter potatoes and cover with water in a large pot.', 'Bring to a boil and simmer until tender, about 15 minutes.', 'Drain the potatoes and return to hot pot and mash with masher or hand held mixer.', 'Mash in the roasted garlic.', 'Mix in butter, milk and salt and pepper.', 'Transfer mashed potatoes to an oven proof dish and sprinkle top with parmesan.', 'Bake in oven for 15 minutes or until top is golden']","[""potatoes"", ""warm milk"", ""parmesan"", ""salt pepper"", ""garlic"", ""butter"", ""olive oil""]",www.foodnetwork.com/recipes/roasted-garlic-mashed-potatoes-recipe.html,side,1359.7,7.0,6.0,"Given the generous quantities of potatoes and the detailed preparation steps, I estimate that this recipe serves around 4 to 6 people.",194.2,True,188.2,71.9,93.5,37.9,1769933.0,True,True,True,True,True,True,False,True,True,True,True,True,True,True,True,True,False,True,True
Pistachio Cake,"['524.0 g yellow cake mix', '113.4 g pistachio instant pudding', '3 eggs (150.0 g)', '240.0 g club soda or water', '110.4 g oil', '120.0 g chopped nuts', '370.8 g cold milk', '1 envelope Dream Whip (40.3 g)']","['Mix cake mix, 1 package instant pudding, eggs, club soda, oil and nuts as you would to make cake.', 'Bake at 350° for 30 to 35 minutes.', 'Let cool.', 'Mix milk, Dream Whip and 1 pudding mix and frost.']","[""oil"", ""dream whip"", ""eggs"", ""nuts"", ""pistachio instant pudding"", ""club soda"", ""yellow cake mix"", ""cold milk""]",www.cookbooks.com/Recipe-Details.aspx?id=780838,dessert,4132.7,15.0,8.0,"Cake mix and eggs are the main ingredients, and the directions suggest making a cake, which typically serves around 8 people.",275.5,True,766.9,531.7,14.3,139.5,874326.0,False,True,False,True,True,True,False,False,True,True,True,True,True,True,True,True,False,True,False
Pistachio Cake,"['1 box Duncan Hines white cake mix (524.0 g)', '6.0 g pistachio pudding mix', '3 eggs (150.0 g)', '120.0 g water', '110.4 g Crisco oil', '124.5 g orange juice', '26.2 g Hershey chocolate syrup']","['In a large bowl, mix cake mix, eggs, water, pudding mix, orange juice and oil.', 'Grease and flour a Bundt pan.', 'Place 2/3 of batter in pan.', 'With remaining batter, mix the chocolate syrup and pour on top.', 'Do not stir.', 'Bake in preheated oven at 350° for 50 minutes or until done.']","[""chocolate syrup"", ""pistachio pudding mix"", ""eggs"", ""white cake"", ""water"", ""orange juice"", ""crisco oil""]",www.cookbooks.com/Recipe-Details.aspx?id=283069,dessert,3528.1,12.0,6.0,estimated based on the cake mix serving capacity and the bundt pan size commonly used for 6 to 8 servings,294.0,True,454.1,280.8,4.0,93.6,271858.0,False,True,False,True,True,True,True,False,True,True,True,True,True,True,True,True,False,True,False
Pistachio Cake,"['524.0 g white cake mix', '6.0 g instant pistachio pudding', '4 egg whites (200.0 g)', '110.4 g salad oil', '250.6 g club soda', '58.5 g chopped walnuts']","['Combine all ingredients well.', 'Pour into well-greased tube pan.', 'Bake at 350° for 50 to 55 minutes.']","[""white cake mix"", ""salad oil"", ""egg whites"", ""instant pistachio pudding"", ""club soda"", ""walnuts""]",www.cookbooks.com/Recipe-Details.aspx?id=305444,dessert,3701.5,12.0,8.0,"The primary ingredient, the cake mix, is a standard amount for a baking recipe and typically yields around 8-10 servings. The other ingredients mentioned are consistent with a single-serving cake recipe.",308.5,True,453.3,273.8,7.6,191.5,111521.0,False,True,False,True,True,True,True,False,True,True,True,True,True,True,True,True,False,True,False
Pistachio Cake,"['1 box white cake mix (524.0 g)', '85.0 g pistachio pudding', '250.6 g club soda', '110.6 g vegetable oil', '54.5 g pecans']","['Mix 3 minutes on medium speed.', 'Bake at 350° in Bundt pan for 35 to 45 minutes or until slightly brown.']","[""white cake mix"", ""pistachio pudding"", ""pecans"", ""club soda"", ""vegetable oil""]",www.cookbooks.com/Recipe-Details.aspx?id=655610,dessert,3571.2,13.0,2.0,"The primary ingredient (cake mix) is a pre-made component that typically serves around 6-8 people, and the additional ingredients do not significantly alter the serving size. The baking instructions indicate a single-serving cake.",274.7,True,512.9,326.2,8.9,25.4,93512.0,False,True,True,True,True,True,True,False,True,True,True,True,True,True,True,True,True,True,False
Pistachio Cake,"['1 box white cake mix (524.0 g)', '6.0 g pistachio pudding mix', '4 eggs (200.0 g)', '220.8 g oil', '254.0 g 7-Up', '240.0 g nuts, chopped']","['Combine all ingredients, including 1 package pudding, in large bowl and mix well with electric mixer for 2 or 3 minutes.', 'Pour into tube pan.', 'Bake at 350° for 50 minutes.', 'Cool completely, then frost with the following:']","[""white cake mix"", ""oil"", ""pistachio pudding mix"", ""eggs"", ""nuts""]",www.cookbooks.com/Recipe-Details.aspx?id=846287,dessert,5981.5,20.0,3.0,"Considering the cake mix alone, we can assume this recipe serves approximately 3-4 people. The other ingredients, while important, do not significantly alter this assumption. Therefore, I estimate that this recipe serves about 3 to 4 people.",299.1,True,464.8,268.9,19.7,153.2,702587.0,False,True,False,True,True,True,True,False,True,True,True,True,True,True,True,True,False,True,False
Pistachio Cake,"['524.0 g yellow cake mix', '6.0 g instant pistachio pudding', '4 eggs (200.0 g)', '110.4 g oil', '241.2 g sour cream', '108.0 g sugar', '120.0 g chopped nuts', '1.4 g cinnamon']","['Beat together yellow cake mix, instant pudding, eggs, oil and sour cream; beat well.', 'Mix sugar, nuts and cinnamon separately. Put half of first mixture in a greased tube pan, then half of sugar mixture.', 'Add remaining yellow cake mixture and sugar mixture.', 'Bake at 350° about 35 minutes or until toothpick comes out clean.']","[""oil"", ""sour cream"", ""sugar"", ""eggs"", ""cinnamon"", ""nuts"", ""instant pistachio pudding"", ""yellow cake mix""]",www.cookbooks.com/Recipe-Details.aspx?id=303541,dessert,4883.4,16.0,8.0,Cake recipe yields 8 servings as stated in the directions.,305.2,True,573.9,351.9,15.1,139.6,312212.0,False,True,False,True,True,True,False,False,True,True,True,True,True,True,True,True,False,True,False
Pistachio Cake,"['524.0 g yellow cake mix', '249.0 g orange juice', '4 eggs (200.0 g)', '110.4 g oil', '6.0 g pistachio instant pudding', '3.9 g almond extract', '2 drops green food coloring']","['Place all ingredients in one bowl.', 'Mix at low speed for 1 minute and at high speed for 3 minutes.', 'Pour into Bundt or tube pan.', 'Cook at 350° for 45 to 50 minutes.', 'Sprinkle confectioners sugar when cool.']","[""oil"", ""eggs"", ""almond extract"", ""pistachio instant pudding"", ""orange juice"", ""yellow cake mix""]",www.cookbooks.com/Recipe-Details.aspx?id=452892,dessert,3383.8,11.0,8.0,"The primary ingredients such as cake mix, eggs, oil, and instant pudding suggest a larger serving size, typical of a cake mix recipe intended for 8 to 10 people.",307.6,True,464.6,254.6,7.0,117.1,206706.0,False,True,False,True,True,True,True,False,True,True,True,True,True,True,True,True,False,True,False
Pistachio Cake,"['92.2 g shelled natural pistachios (4 ounces)', '160.8 g all-purpose flour', '8.9 g baking powder', '2.0 g ground cardamom', '1.5 g salt', '123.6 g whole milk', '1.1 g vanilla', '164.0 g unsalted butter, softened', '216.0 g sugar', '3 large eggs (150.0 g)']","['Preheat oven to 350F.', 'Butter a 13- by 9-inch metal cake pan, then line bottom with wax paper.', 'Butter paper and dust pan with some flour, knocking out excess.', 'Pulse pistachios in a food processor until finely ground (be careful not to overprocess into a paste).', 'Add 1 cup flour, baking powder, cardamom, and salt and pulse once or twice to mix.', 'Combine milk and vanilla in a measuring cup.', 'Beat together butter and sugar in a large bowl with an electric mixer until pale and fluffy.', 'Add eggs 1 at a time, beating well after each addition.', 'Alternately add pistachio flour and milk in batches, beginning and ending with flour, and mix at low speed until just combined.', 'Spread batter evenly in cake pan and bake in middle of oven until a tester comes out clean, about 20 minutes.', 'Cool in pan on a rack 10 minutes, then run a thin knife around sides of cake and invert onto rack.', 'Remove paper and reinvert cake onto a platter.', 'Cut into squares and serve warm or at room temperature.']","[""baking powder"", ""vanilla"", ""sugar"", ""unsalted butter"", ""shelled natural pistachios"", ""eggs"", ""flour"", ""ground cardamom"", ""milk"", ""salt""]",www.epicurious.com/recipes/food/views/pistachio-cake-105003,dessert,2241.7,11.0,8.0,"Considering the directions suggest a standard size pan and the typical portion sizes for such a cake, I'll go with an estimate of 8 servings.",203.8,True,438.5,291.4,14.9,118.6,1807224.0,False,True,False,True,True,True,False,False,True,True,True,True,True,True,True,True,False,True,True
Pistachio Cake,"['524.0 g white cake mix', '96.0 g instant pistachio pudding mix', '240.0 g water', '165.6 g oil', '3 eggs (150.0 g)', '73.2 g coconut', '54.5 g chopped pecans']","['Mix cake mix, pudding mix, oil, water and eggs together.', 'Fold in nuts and coconut.', 'Put in greased and floured 9 x 13-inch pan. Bake at 350° for 45 minutes.']","[""white cake mix"", ""oil"", ""eggs"", ""instant pistachio pudding mix"", ""pecans"", ""water"", ""coconut""]",www.cookbooks.com/Recipe-Details.aspx?id=302130,dessert,5133.4,17.0,8.0,Cake mix and pudding mix suggest a serving size for 8 people.,302.0,True,470.4,271.7,25.7,119.3,67022.0,False,True,False,True,True,True,True,False,True,True,True,True,True,True,True,True,False,True,False
Pistachio Cake,"['246.0 g unsalted butter', '1 lemon (58.0 g)', '1 vanilla bean (3.0 g)', '63.3 g blanched almond (I brought them ready ground)', '92.2 g pistachios', '270.0 g superfine sugar', '4 eggs (200.0 g)', '80.4 g all-purpose flour', '1 lemon (58.0 g)', '61.5 g pistachios', '54.0 g superfine sugar']","['Heat the oven to 300 degrees.', 'Grease a 12 x 4 1/2 x 2 3/4-inch loaf pan with 4 tsp of the butter and line with baking parchment.', 'Soften the remaining butter.', 'Finely grate the lemon peel.', 'Split the vanilla bean and scrape out the seeds.', ""Finely grind the almonds and pistachios together (it's easier if you can find these ready ground!"", 'I thought my arm was going to fall off).', 'Beat the butter and the sugar until light and fluffy.', 'Beat in the eggs, one at a time.', 'Add the lemon peel and vanilla seeds, then fold in the nuts and sift in the flour.', 'Spoon the batter into the pan and bake for 45-60 minutes.', 'The cake is ready when a skewer comes out clean.', 'Leave to cool in the pan, then turn out.', 'For the topping, grate the lemon peel and squeeze the juice.', 'Halve the pistachios.', 'Mix the lemon juice with the sugar, boil until reduced to a syrup, then add the peel.', 'Stir in the pistachios and pour over the cake.']","[""vanilla bean"", ""sugar"", ""blanched almond"", ""pistachios"", ""eggs"", ""flour"", ""lemon"", ""butter""]",www.food.com/recipe/pistachio-cake-334449,dessert,5270.9,18.0,6.0,"The recipe yields a 12 x 4 1/2 x 2 3/4-inch loaf pan, which is generally suitable for about 6 to 8 servings. The directions mention baking for 45-60 minutes and cooling before turning out, indicating a substantial portion of cake.",292.8,True,552.4,339.9,24.7,151.0,1827940.0,False,True,False,True,True,True,False,False,True,True,True,True,True,True,True,True,False,True,True
Trout Amandine,"['6 fillets trout (474.0 g)', '185.4 g milk', '38.3 g flour', 'salt', 'pepper', '54.7 g butter', '47.5 g almonds, chopped']","['Dip trout in milk.', 'Season with salt and pepper and roll in flour.', 'Cook the trout in butter until evenly browned on both sides.', 'Remove fish and saute the chopped almonds in the butter. Sprinkle generously over the fish.', 'Serves 6.']","[""pepper"", ""flour"", ""milk"", ""almonds"", ""trout"", ""butter"", ""salt""]",www.cookbooks.com/Recipe-Details.aspx?id=314630,main,1643.5,6.0,6.0,directions suggest serving 6,273.9,False,139.6,103.6,7.0,128.2,517497.0,False,True,True,False,True,True,False,False,True,True,True,True,True,True,True,True,False,False,True
Trout Amandine,"['4 trout filets (316.0 g)', '57.5 g flour', '73.6 g cooking oil', '109.3 g butter', '47.5 g slivered almonds', 'salt and pepper to taste', '1 lemon, thinly sliced (58.0 g)', '0.3 g parsley']","['Season cleaned trout with salt and pepper.', 'Coat lightly with flour and saute in hot oil until trout is golden on both sides. Drain oil from pan.', 'Add butter and brown almonds slightly.', 'Pour over trout.', 'Garnish with parsley and lemon slices.']","[""cooking oil"", ""flour"", ""parsley"", ""trout filets"", ""almonds"", ""lemon"", ""butter"", ""salt""]",www.cookbooks.com/Recipe-Details.aspx?id=342973,main,2460.6,4.0,4.0,"The main ingredient is listed as 4 trout filets, which seems substantial for a single serving and suggests a portion size that could serve around 2-3 people.",615.2,True,108.5,3.1,7.5,83.3,301657.0,False,True,True,False,True,True,False,False,True,True,True,True,True,True,True,True,False,False,True
Trout Amandine,"['6.0 g salt', '0.6 g pepper', '4 (1 lb) pan dressed trout (316.0 g)', '2 eggs (100.0 g)', '121.7 g half-and-half', '57.5 g flour', '71.2 g slivered almonds', '40.4 g butter, divided', '45.7 g lemon juice', '0.8 g tarragon', '55.1 g olive oil']","['Sprinkle salt and pepper in the cavities of the trout.', 'In shallow bowl, mix eggs and half and half.', 'Dip trout in egg mixture, then roll in flour.', 'In small skillet, saute the almonds in 2 t butter until light brown.', 'Add lemon juice and tarragon.', 'Remove from heat; keep warm.', 'In large skillet, on med heat, combine oil and remaining butter.', 'Fry the trout for 8 minutes, turn and fry another 8 minutes.', 'Place trout on serving platter; top with almond mixture.']","[""slivered almonds"", ""pepper"", ""lemon juice"", ""eggs"", ""flour"", ""tarragon"", ""trout"", ""butter"", ""olive oil"", ""salt""]",www.food.com/recipe/trout-amandine-31112,main,2243.7,4.0,4.0,"There are 4 whole trout, each weighing approximately 1 pound (316 grams). This seems to suggest a portion size suitable for 4-6 servings and the directions mention frying the trout for 8 minutes on each side, which aligns well with a portion size that would serve around 3-4 people",560.9,True,68.5,10.8,10.8,139.9,1037243.0,False,True,False,False,True,True,False,False,True,True,True,True,True,True,True,True,False,False,True
Trout Amandine,"['900.0 g trout fillets', '28.8 g flour', '6.0 g seasoned salt', '2.3 g paprika', '54.7 g butter, melted', '47.5 g sliced almonds', '30.5 g lemon juice', '4 to 5 drops hot sauce', '1.0 g chopped parsley']","['Cut fillets into 6 portions.', 'Combine flour, seasoned salt and paprika.', 'Roll portions in flour mixture and place in single layer, skin side down, in a well-greased baking dish.', 'Drizzle 2 tablespoons melted butter over fish.', 'Broil about 4 inches from source of heat for 10 to 15 minutes or until fish flakes easily when tested with a fork.', 'While fish is broiling, saute almonds in remaining butter until golden brown, stirring constantly.', 'Remove from heat and mix in lemon juice, hot pepper sauce and parsley. Pour over fish portions at once.', 'Makes 4 to 6 servings.']","[""hot sauce"", ""lemon juice"", ""flour"", ""parsley"", ""paprika"", ""almonds"", ""trout"", ""butter"", ""salt""]",www.cookbooks.com/Recipe-Details.aspx?id=191095,main,2095.7,6.0,4.0,Directions suggest this kind of pan which is fitting for a 3 servings recipe,349.3,False,35.1,3.6,7.6,201.5,416649.0,False,True,True,False,True,True,False,False,True,True,True,True,True,True,True,True,False,False,True
Trout Amandine,"['494.4 g whole milk', '12.0 g sea salt, divided', 'shakes hot sauce', '6 rainbow trout fillets (8-10 ounces each)', '120.6 g all-purpose flour', '1.1 g fresh pepper', '273.3 g butter, divided', '13.6 g olive oil', '71.2 g sliced almonds, preferable blanched, and prepared at home', '30.5 g strained lemon juice', '10.7 g Worcestershire sauce', '4.1 g chopped fresh parsley leaves', 'lemon wedges or fluted lemon slice, for service']","['Stir together the milk, 1 teaspoon of salt and shakes of tabasco sauce in a 13x9 pan.', 'Wash and dry trout slices.', 'Add to pan, turning to coat, and immersing as well as possible.', 'Cover with plastic film and chill 2-3 hours.', 'Remove trout fillets from milk, put them on a plate, do not dry them, discard milk mixture.', 'Spread flour on another plate, season with pepper.', 'Melt 1/4 cup butter with oil in a heavy skillet.', 'While butter melts, dredge each trout fillet in flour, lightly shaking off excess.', 'When butter is hot, add as many trout fillets as will fit without crowding.', 'Cook about 2 minutes on each side or until golden.', 'Transfer to a sheet pan.', 'Repeat until all of trout has been cooked, if more butter is needed, have more ready, but not from the specified reserved amount.', 'When all of the fish has been cooked, put it on the sheet, cover loosely with foil, and put into a 175 degree oven to keep warm.', 'Put the cup of butter and the almonds into a saucepan with the remaining teaspoon salt.', 'Cook moderately until lightly browned.', 'Stir in the lemon juice and Worchestershire sauce.', 'Cook two minutes.', 'Remove from heat and stir in parsley.', 'Serve over fillets with lemon wedges on warm plates.']","[""all-purpose flour"", ""lemon wedges"", ""salt"", ""lemon juice"", ""fresh pepper"", ""worcestershire sauce"", ""parsley"", ""milk"", ""almonds"", ""trout"", ""butter"", ""olive oil"", ""hot sauce""]",www.food.com/recipe/trout-amandine-528590,main,3920.2,7.0,3.0,"The recipe uses 6 trout fillets, each weighing approximately 8-10 ounces, which typically indicates a serving size of 3-4 people.",560.0,True,381.6,274.4,12.7,69.3,1159111.0,False,True,True,False,True,True,False,False,True,True,True,True,True,True,True,True,False,False,True
Trout Amandine,"['4 pan-dressed trout (about 1 pound each) (316.0 g)', '12.0 g salt', '1.1 g pepper', '2 eggs (100.0 g)', '121.2 g half-and-half cream', '80.4 g all-purpose flour', '47.5 g slivered almonds', '40.4 g butter, divided', '53.3 g lemon juice', '0.8 g dried tarragon', '55.1 g olive oil']","['Sprinkle salt and pepper in the cavity of each trout.', 'In a shallow bowl, beat eggs and cream.', 'Dip trout in egg mixture, then roll in flour.', 'In a small skillet over low heat, saute the almonds in 2 tablespoons butter until lightly browned.', 'Add lemon juice an tarragon; heat through.', 'Remove from the heat and keep warm.', 'Meanwhile, in a skillet over medium heat, combine oil and remaining butter.', 'Fry the trout for 8-10 minutes; carefully turn and fry 8 minutes longer or until it flakes easily with a fork.', 'Top with almond mixture.']","[""pepper"", ""lemon juice"", ""eggs"", ""all-purpose"", ""olive oil"", ""tarragon"", ""cream"", ""trout"", ""butter"", ""almonds"", ""salt""]",www.tasteofhome.com/recipes/trout-amandine/,main,2108.7,4.0,4.0,"Given the substantial amount of fish and the detailed preparation steps, it seems most appropriate to estimate this recipe as a main course for 4 servings.",527.2,True,82.8,9.2,8.6,136.7,1490380.0,False,True,False,False,True,True,False,False,True,True,True,True,True,True,True,True,False,False,True
Trout Amandine,"['6 speckled trout (672.0 g)', 'cold milk', 'seasoned flour', '1 3/4 sticks butter (197.8 g)', '95.0 g or more slivered almonds', '2.0 g chopped parsley', '30.5 g fresh lemon juice', 'salt and pepper']","['Skin and fillet trout; soak in cold milk for 10 minutes or so, then drain.', 'Roll in seasoned flour; shake off excess.', 'Fry in one stick of melted butter in heavy frying pan, a few at a time, only long enough to just cook a few minutes on each side until golden and crisp.', 'Keep warm on heated platter.']","[""butter"", ""lemon juice"", ""flour"", ""parsley"", ""almonds"", ""trout"", ""cold milk"", ""salt""]",www.cookbooks.com/Recipe-Details.aspx?id=881978,main,1544.2,4.0,12.0,The recipe clearly states 'Serves 10 to 12.' which indicates that 12 servings is the most fitting number.,386.0,True,29.3,4.9,12.0,154.0,363554.0,False,True,True,False,True,True,False,False,True,True,True,True,True,True,True,True,False,False,True
Citrus Salad,"['3 grapefruit (708.0 g)', '6 oranges (846.0 g)', '165.0 g pineapple chunks, cut in half', '12 to 15 maraschino cherries, cut in half', '100 g sugar (omit if pineapple is in heavy syrup)']","['Peel grapefruit and oranges, removing peeling and skin.', 'Mix all ingredients.', 'This keeps well for many days.', 'If pineapple in heavy syrup is used, sugar can be omitted.', 'Serves 10 to 12.']","[""maraschino cherries"", ""oranges"", ""sugar"", ""pineapple""]",www.cookbooks.com/Recipe-Details.aspx?id=97978,side,736.9,4.0,12.0,The recipe clearly states 'Serves 10 to 12.' which indicates that 12 servings is the most fitting number.,184.2,True,219.9,20.1,41.4,17.5,219654.0,True,True,True,True,True,True,True,True,True,True,True,True,True,True,True,True,True,True,True
Citrus Salad,"['3 oranges, sliced - take pith out & discard white (423.0 g)', 'Squeeze 1 lemon, save juice & pulp - remove seed', '85.2 g honey', '1.1 g fresh chopped mint', '58.5 g walnuts']","['Slice oranges; take pith out and discard white.', 'Squeeze lemon, remove seed.', 'Retain pulp.', 'Mix all ingredients together and chill.']","[""walnuts"", ""oranges"", ""lemon"", ""honey"", ""mint""]",www.cookbooks.com/Recipe-Details.aspx?id=80801,side,836.9,4.0,12.0,"The recipe involves slicing oranges and using honey, which is typically suitable for 2 servings.",209.2,True,143.9,71.5,23.2,14.7,567311.0,True,True,True,True,True,True,True,False,True,True,True,True,True,True,True,True,False,True,True
Citrus Salad,"['453.6 g sour cream', '85.2 g honey', '12.0 g grated orange peel', '2 head lettuce, separated into leaves (1252.0 g)', '4 grapefruit, cut into rounds (944.0 g)', '4 oranges, cut into sections (564.0 g)', '1 red onion, chopped (110.0 g)']","['In small bowl combine sour cream, honey and grated orange peel; chill until ready to serve.', 'Arrange lettuce, grapefruit and oranges decoratively on serving platter.', 'Sprinkle with chopped onion.', 'Serve with chilled sour cream dressing.', 'Makes 12 servings.']","[""sour cream"", ""heads lettuce"", ""oranges"", ""red onion"", ""honey""]",www.cookbooks.com/Recipe-Details.aspx?id=428921,side,923.4,10.0,12.0,The recipe clearly states 'Makes 12 servings.' This provides a direct indication of the number of servings the recipe is intended for.,92.3,True,318.9,105.0,55.0,43.8,673195.0,True,True,True,True,True,True,False,True,True,True,True,True,True,True,True,True,False,True,True
Citrus Salad,"['3 ruby grapefruits (708.0 g)', '3 large oranges (453.0 g)', '13.3 g sugar', '1 cinnamon stick (3.0 g)', '9.6 g whole mint leaves']","['Peel and remove the pith form the grapefruit and oranges.', 'Carefully cut out the segments and mix together in a bowl.', 'Put the sugar,cinnamon stick and mint leaves in a small pan with 3 tablespoons of water and sitr over low heat until sugar has dissolved.', 'Remove the cinnamon stick and mint, and drizzle the syrup over the fruit.', 'Garnish with fresh mint leaves.', 'This salad can be kept in the refrigerator for up to 2 days and the flavor will actually improve as it develops.']","[""sugar"", ""cinnamon"", ""mint leaves"", ""ruby grapefruits"", ""oranges""]",www.food.com/recipe/citrus-salad-398465,side,536.0,3.0,6.0,"The main ingredients are citrus fruits, which are typically consumed in portions per person, and the estimation is based on the average portion size of half a grapefruit and half an orange per serving.",178.7,True,151.7,13.3,22.7,12.6,2058011.0,True,True,True,True,True,True,True,True,True,True,True,True,True,True,True,True,True,True,True
Citrus Salad,"['1 orange, peeled and segmented, with all pith removed and reserving any juices (141.0 g)', '1 pink grapefruit, peeled and segmented, with all pith removed and reserving any juices (236.0 g)', '1 fennel bulb, sliced (234.0 g)', '1.7 g coriander seed', '2.0 g cumin seed']","['Add the segments and juice of the orange and grapefruit to a bowl.', 'Add the fennel to the fruit and mix together and set aside.', 'Dry-fry the coriander and cumin seeds to release their aromas and crush to a coarse powder in a pestle and mortar or food processor.', 'Mix the crushed seeds into the salad.']","[""cumin"", ""coriander seed"", ""pink grapefruit"", ""orange"", ""fennel bulb""]",www.food.com/recipe/citrus-salad-228866,side,237.2,1.0,4.0,"The recipe does not specify the number of servings. However, it seems to be a small salad composed of citrus fruits, fennel, and spices. Given the quantities of ingredients and the nature of the dish, it is reasonable to estimate that this recipe serves around 4 people.",237.2,True,62.2,9.2,14.5,7.4,1092385.0,True,True,True,True,True,True,True,True,True,True,True,True,True,True,True,True,True,True,True
Citrus Salad,"['3 small grapefruit, peeled (708.0 g)', '3 oranges, peeled (423.0 g)', '1 small cucumber, thinly sliced (158.0 g)', '1 small sweet onion, thinly sliced and separated in rings (70.0 g)', 'orange juice', '158.4 g white wine vinegar', '72.0 g sugar', '1.5 g salt', 'lettuce']","['Section grapefruit and oranges over a bowl to catch juices.', 'In a large bowl combine citrus sections, cucumber and onion.', 'Measure reserved fruit juices; add orange juice to make one cup.', 'Combine juice mixture, vinegar, sugar, salt and 1/4 teaspoon pepper; pour over fruit.', 'Cover and marinate in refrigerator for 2 to 3 hours.', 'At serving time, use a slotted spoon to remove the fruit from marinade.', 'Arrange on lettuce-lined plates. Drizzle marinade atop each salad.', 'Serves 6 to 8.']","[""sweet onion"", ""sugar"", ""skinny"", ""orange juice"", ""white wine vinegar"", ""oranges"", ""salt""]",www.cookbooks.com/Recipe-Details.aspx?id=639216,side,902.6,5.0,3.0,directions suggest this kind of pan which is fitting for a 3 servings recipe,180.5,True,241.1,101.2,21.0,14.3,651284.0,True,True,True,True,True,True,True,True,True,True,True,False,True,True,True,True,True,True,True
Citrus Salad,"['85.0 g instant lemon pudding', '226.8 g whipped topping, thawed', '226.8 g pineapple tidbits with juice', '1 large can mandarin oranges, drained (151.0 g)', '50.0 g mini marshmallows', 'maraschino cherries']","['Mix pudding with pineapple and juice.', 'Blend in the rest of the ingredients.', 'Can be served in bowl, but looks great in 9 x 12 pan with cherries as a garnish.']","[""marshmallows"", ""whipped topping"", ""maraschino cherries"", ""instant lemon pudding"", ""mandarin oranges"", ""pineapple""]",www.cookbooks.com/Recipe-Details.aspx?id=111465,side,1389.1,7.0,6.0,"The recipe mentions serving in a 9x12 pan, which is commonly used for 6 servings. The ingredients list doesn't specify a serving size, but the combination of pudding, whipped topping, and fruit suggests a larger portion, aligning with 6 servings.",198.4,True,207.1,74.6,11.4,10.6,116342.0,True,True,True,True,True,True,True,True,True,True,True,True,True,True,True,True,True,True,False
Citrus Salad,"['1 (8 oz.) can pineapple (200.0 g)', '185.0 g fresh orange pieces', '241.2 g sour cream', '25.0 g mini marshmallows', '195.0 g tangerine pieces', '73.2 g flaked coconut', 'lettuce leaves (optional)']","['In bowl, mix fruit, sour cream, marshmallows and coconut.', 'Cover and refrigerate for several hours.', 'If desired, serve in lettuce-lined plates.']","[""sour cream"", ""tangerine pieces"", ""marshmallows"", ""orange pieces"", ""flaked coconut"", ""pineapple""]",www.cookbooks.com/Recipe-Details.aspx?id=747941,side,1129.5,6.0,2.0,"The recipe includes a mix of citrus fruits, sour cream, and marshmallows, which are generally indicative of a portion size suitable for 2-3 people.",188.2,True,126.8,72.3,22.4,13.1,476305.0,True,True,True,True,True,True,False,True,True,True,True,True,True,True,True,True,False,True,False
Citrus Salad,"['27.2 g extra virgin olive oil', '11.4 g orange marmalade', '161.2 g Dijon mustard', '1 lemon, juice and zest of (58.0 g)', 'salt & fresh ground pepper', '4 oranges, rind removed and sliced into round discs (564.0 g)', '165.0 g bibb lettuce']","['Mix the marmalade with Dijon, lemon zest and juice in a large mixing bowl.', 'Drizzle the EVOO in a slow and steady stream, whisking until combined.', 'Season with salt and ground black pepper and toss in the orange slices and Bibb lettuce.', 'I tried this salad and I am not a big orange eater so I sliced up some strawberries to put on it instead and it was good.', ""I also didn't have any lemons or lemon juice so I squirted a little lime juice from my lime bottle and it was fine.""]","[""extra virgin olive oil"", ""orange marmalade"", ""bibb lettuce"", ""oranges"", ""lemon"", ""mustard"", ""salt""]",www.food.com/recipe/citrus-salad-299117,side,2171.0,11.0,1.0,"The recipe uses 4 oranges which could suggest a single serving, however, the small quantities of oils and mustards indicate it might be for a single person.",197.4,True,148.2,1.6,27.7,9.7,2109070.0,True,True,True,True,True,True,True,True,True,False,True,True,True,True,True,True,True,True,True
Citrus Salad,"['1 (8 oz.) can pineapple chunks (200.0 g)', '185.0 g fresh orange slices', '195.0 g tangerine pieces', '241.2 g (8 oz.) sour cream', '25.0 g miniature marshmallows', '73.2 g flaked coconut']","['In a large bowl combine the fruit, sour cream, marshmallows and coconut.', 'Cover and refrigerate for several hours.', 'Yields 6 to 8 servings.']","[""tangerine pieces"", ""sour cream"", ""marshmallows"", ""orange slices"", ""flaked coconut"", ""pineapple""]",www.cookbooks.com/Recipe-Details.aspx?id=234005,side,1129.5,8.0,6.0,directions suggest 6 to 8 servings,141.2,True,126.8,72.3,22.4,13.1,101865.0,True,True,True,True,True,True,False,True,True,True,True,True,True,True,True,True,False,True,False
Citrus Salad,"['165.0 g cubed fresh pineapple', '185.0 g fresh orange pieces', '185.0 g fresh tangerine pieces or 1 can (11 ounces) mandarin oranges, drained', '241.2 g sour cream', '25.0 g miniature marshmallows', '120.0 g sweetened shredded coconut', 'Lettuce leaves, optional']","['In a large bowl, combine the fruit sour cream, marshmallows and coconut.', 'Cover and refrigerate for several hours.', 'If desired, serve in a lettuce-lined bowl or on individual lettuce-lined plates.']","[""sour cream"", ""marshmallows"", ""orange pieces"", ""coconut"", ""mandarin oranges"", ""pineapple""]",www.tasteofhome.com/recipes/citrus-salad/,side,1323.5,7.0,1.0,"The ingredients include small quantities of fresh fruits, sour cream, marshmallows, and coconut, suggesting this dish is best suited for a single serving.",189.1,True,127.4,69.8,25.8,14.5,1529200.0,True,True,True,True,True,True,False,True,True,True,True,True,True,True,True,True,False,True,False
Citrus Salad,"['Dressing', '1 orange zest (reserve orange for salad) (141.0 g)', '124.5 g orange juice', '118.8 g white wine vinegar', '55.2 g light olive oil or 1/4 cup canola oil', '3.2 g chopped garlic', '42.0 g honey', 'salt and pepper', 'lettuce, of choice or a bag mixed greens']","['Mix dressing ingredients together well and put in refrigerator.', 'I use some or all of the ingredients below depending on my mood! They all go well with the dressing!', 'Chopped red onion (about a tablespoon).', 'Chop up the orange reserved from the dressing.', 'Small can mandarin oranges.', 'Feta cheese', 'Chopped glazed walnuts (a small handful).', 'Small tart apple chopped (squeeze some lemon juice on apple after chopping to keep from browning).', 'Chopped Pear', 'Chopped Craisins(R) (The orange flavored ones are great).', 'Chopped green onion (1 or 2 stocks).', ""Avocado (best if you don't use the feta)."", 'Chopped carrots (3 or 4 baby carrots).', 'Make a bed with desired greens or lettuce and add above ingredients. Then pour dressing over top. Good with cooked chicken or shrimp!']","[""orange zest"", ""dressing"", ""mixed greens"", ""light olive oil"", ""orange juice"", ""white wine vinegar"", ""garlic"", ""honey"", ""salt""]",www.food.com/recipe/citrus-salad-153763,side,920.2,5.0,4.0,"The recipe includes orange juice and orange zest as the base of the dressing, suggesting a substantial portion size. The variety of toppings and generous nature of the salad indicate a larger serving size.",184.0,True,104.8,63.2,15.5,3.9,1070827.0,True,True,True,True,True,True,True,True,True,True,True,False,True,True,True,True,False,True,True
Citrus Salad,"['2 grapefruit, preferably pink (472.0 g)', '6 navel oranges (846.0 g)', '2 whole bananas (236.0 g)', 'Fresh mint leaves', 'Spiced Syrup, recipe follows']","['Cut citrus fruit into supremes, making sure to reserve juices.', 'On dessert plates, alternate grapefruit and orange supremes in an outside circle, leaving room in center for bananas.', 'Combine juices which came out of grapefruit and oranges when you peeled and cut them into supremes, with some flavored syrup.', 'Peel bananas, cut into thin rounds and center them inside oranges and grapefruit.', 'Drizzle syrup over citrus and bananas and garnish with fresh mint.']","[""pink"", ""bananas"", ""syrup"", ""oranges"", ""mint""]",www.foodnetwork.com/recipes/citrus-salad-recipe.html,side,773.8,4.0,4.0,"Citrus salad is made with several citrus fruits and bananas, which are typically portioned for 4 servings.",193.4,True,227.8,28.8,44.2,69.0,2042892.0,True,True,True,True,True,True,True,True,True,True,True,True,True,True,True,True,True,True,True
Citrus Salad,"['1 lime zest, peeled, and sliced (44.0 g)', '1 tangerine zest, peeled, and sectioned (22.0 g)', '1 navel orange, peeled and sectioned (141.0 g)', '1 grapefruit, peeled and sectioned (236.0 g)', '1 bulb shallots, diced (10.0 g)', '15.2 g lemon juice', '13.6 g olive oil', '3.0 g salt', '1 head romaine lettuce, torn (626.0 g)']","['Place lime slices, tangerine sections, navel orange, and grapefruit in a bowl.', 'In a separate bowl, mix the lime zest, mandarin orange zest, shallots, lemon juice, olive oil, and salt.', 'Pour over the fruit.', 'Arrange dressed fruit atop romaine lettuce to serve.']","[""lemon juice"", ""romaine lettuce"", ""orange"", ""lime - zested"", ""shallots"", ""olive oil"", ""salt""]",www.allrecipes.com/recipe/86805/citrus-salad/,side,454.1,2.0,4.0,"The salad is made with a variety of citrus fruits and a small amount of dressing, suggesting it would be suitable for 4 servings.",227.0,True,73.3,11.7,20.4,12.3,930764.0,True,True,True,True,True,True,True,True,True,True,True,True,True,True,True,True,True,True,True
Sauteed Mushrooms,"['72.9 g butter', '5.1 g lemon juice', '2.6 g vinegar', '1.5 g salt', '0.3 g pepper', '450.0 g mushrooms']","['Wash and slice mushrooms.', 'Put all ingredients in a frying pan and simmer, covered, for about 10 minutes on medium heat.', 'If dry mushrooms desired, remove lid after first 10 minutes.', 'Cook 10 more minutes or until done.']","[""vinegar"", ""pepper"", ""lemon juice"", ""mushrooms"", ""butter"", ""salt""]",www.cookbooks.com/Recipe-Details.aspx?id=929565,side,625.7,3.0,4.0,directions suggest cooking time and ingredients quantity which is fitting for 4 servings,208.6,True,31.9,5.8,17.2,7.4,63713.0,True,True,True,True,True,True,False,True,True,True,True,True,True,True,True,True,False,True,True
Sauteed Mushrooms,"['112.5 g butter', '2 onions (220.0 g)', '49.7 g soy sauce', '1 1/4 mushrooms (fresh) (6.8 g)']","['Melt butter in frying pan.', 'Add sliced or chopped onions.', 'Add mushrooms.', 'Simmer 5 minutes.', 'Add soy sauce and simmer 15 minutes.']","[""mushrooms"", ""onions"", ""butter"", ""soy sauce""]",www.cookbooks.com/Recipe-Details.aspx?id=482574,side,922.4,5.0,2.0,"The recipe involves melting butter and adding onions and mushrooms, which typically serve 2-3 people. Simmering time is moderate and doesn't suggest a large portion size.",184.5,True,23.9,10.3,4.4,8.7,405791.0,True,True,True,True,True,False,False,True,True,True,True,True,True,True,True,True,False,True,True
Sauteed Mushrooms,"['900.0 g mushrooms, sliced', '53.9 g butter', '118.8 g cabernet sauvignon wine', '3.2 g garlic, minced', 'herbs (optional)']","['Saute mushrooms and garlic in butter until browned.', 'Add red wine and simmer for a few minutes until the wine thickens a little.', 'Serve hot.']","[""cabernet sauvignon wine"", ""mushrooms"", ""herbs"", ""garlic"", ""butter""]",www.food.com/recipe/sauteed-mushrooms-259554,side,687.7,3.0,3.0,"The primary ingredient, mushrooms, amounts to 900.0 grams. Considering the simplicity of the recipe and the fact that it's meant to be served hot, it seems appropriate to estimate for 3 servings.",229.2,True,70.3,12.3,34.3,14.7,1236673.0,True,True,True,True,True,True,False,True,True,True,True,False,True,True,False,True,False,True,True
Sauteed Mushrooms,"['225.0 g fresh mushrooms', '26.9 g butter', '13.6 g vegetable oil']","['Wipe mushrooms with clean damp cloth.', 'Do not wash.', 'They must be dry.', 'Slice or quarter large mushrooms; leave small ones whole. Place butter and oil in pan over high heat.', 'When butter begins to foam, then subsides, add the mushrooms.', 'Toss and shake pan 4 to 5 minutes.', 'Once mushrooms have browned, remove from heat. Sauteed mushrooms can be cooked in advance, set aside and reheated.', 'Season only before serving.']","[""vegetable oil"", ""butter"", ""fresh mushrooms""]",www.cookbooks.com/Recipe-Details.aspx?id=902067,side,363.3,2.0,3.0,The recipe mentions 225.0 g of fresh mushrooms which is typically enough for 3 servings.,181.6,True,15.5,2.6,8.5,3.6,586925.0,True,True,True,True,True,True,False,True,True,True,True,True,True,True,True,True,False,True,True
Sauteed Mushrooms,"['13.6 g olive oil', '13.5 g unsalted butter', '1 small shallot, minced (10.0 g)', '450.0 g button mushrooms, sliced thin', 'kosher salt', 'freshly ground black pepper', '100.0 g dry Spanish sherry']","['Heat olive oil and butter over medium high in a heavy skillet until butter foams.', 'Add shallot and cook, stirring, until it begins to soften, about two minutes.', 'Add mushrooms and season with salt and pepper.', 'Cook, stirring, until mushrooms begin to soften, about four minutes, and add sherry.', 'Continue cooking and stirring until liquid has evaporated and mushrooms are tender and beginning to brown.', 'Serve immediately.']","[""shallot"", ""button mushrooms"", ""freshly ground black pepper"", ""kosher salt"", ""sherry"", ""butter"", ""olive oil""]",www.foodnetwork.com/recipes/sauteed-mushrooms-recipe.html,side,707.8,4.0,4.0,"directions suggest serving immediately which implies a portion size suitable for one person at a time, considering the ingredients and quantities, this recipe seems to be designed for 4 servings.",177.0,True,32.6,6.0,17.4,7.1,1781257.0,True,True,True,True,True,True,False,True,True,True,True,False,True,True,False,True,False,True,True
Sauteed Mushrooms,"['225.0 g mixed mushroom, sliced', '1 medium onion, sliced (110.0 g)', '1 medium green pepper, sliced (119.0 g)', '1 medium red pepper, sliced (119.0 g)', '15 snow peas (45.0 g)', '13.6 g extra virgin olive oil', '2.3 g paprika', '1 dash vegetarian worcestershire sauce (275.0 g)']","['Saute vegetables in oil with paprika over medium low heat.', 'Douse with worcestershire sauce and turn heat off.']","[""snow peas"", ""mixed mushroom"", ""extra virgin olive oil"", ""red pepper"", ""onion"", ""vegetarian worcestershire sauce"", ""paprika"", ""green pepper""]",www.food.com/recipe/sauteed-mushrooms-27280,side,590.4,3.0,2.0,"The main ingredient, mixed mushrooms, weighs 225g, which is typically sufficient for 2-3 servings.",196.8,True,95.6,41.6,16.8,8.0,1071068.0,True,True,True,True,True,True,True,True,True,True,True,True,True,True,True,True,True,True,True
Sauteed Mushrooms,"['226.8 g white button mushrooms', '1/2 onion, sliced very thin (55.0 g)', '54.7 g butter', '1/2 lemon, juice of (29.0 g)', '31.9 g Worcestershire sauce', 'salt and pepper']","['Melt butter in sauce pan and add onions and mushrooms.', 'Saute for 1 minute then add salt and pepper and lemon juice and Worcestershire sauce.', 'Turn fire down to low and cook 5 minutes more.']","[""white button mushrooms"", ""onion"", ""lemon"", ""butter"", ""worcestershire sauce"", ""salt""]",www.food.com/recipe/saut-ed-mushrooms-45395,side,598.3,3.0,2.0,"The recipe involves sautéing mushrooms and onions in butter, adding lemon juice and Worcestershire sauce. Given the quantities of the main ingredients (226.8g mushrooms and 54.7g butter), it is reasonable to estimate this recipe serves around 2 people.",199.4,True,54.5,8.2,9.6,4.4,2097053.0,True,True,True,True,True,True,False,True,True,True,True,True,True,True,True,True,False,True,True
Sauteed Mushrooms,"['1 stick butter (113.0 g)', '450.0 g mushrooms', '2.3 g pepper', '2 cloves chopped garlic (6.0 g)', '3.0 g celery salt']","['Wash and drain mushrooms.', 'Melt butter in skillet.', 'Add rest of ingredients.', 'Add mushrooms and simmer 20 to 25 minutes.']","[""celery salt"", ""pepper"", ""mushrooms"", ""garlic"", ""butter""]",www.cookbooks.com/Recipe-Details.aspx?id=378685,side,678.1,3.0,4.0,directions suggest cooking for 20-25 minutes which is suitable for 4 servings,226.0,True,38.1,5.3,17.9,7.3,566581.0,True,True,True,True,True,True,False,True,False,True,True,True,True,True,True,True,False,True,True
Sauteed Mushrooms,"['237.6 g Burgundy wine', '1350.0 g mushrooms, washed and dried', '1 1/2 sticks butter (169.5 g)', '2.4 g garlic', '2.3 g pepper', '1 1/2 chopped onions (165.0 g)', '2 beef bouillon cubes (7.2 g)']","['Melt butter and add remaining ingredients.', 'Simmer for approximately 3 hours.']","[""pepper"", ""mushrooms"", ""onions"", ""wine"", ""garlic"", ""butter""]",www.cookbooks.com/Recipe-Details.aspx?id=918950,side,1430.6,7.0,4.0,directions suggest simmering for approximately 3 hours which is typical for a 4 serving dish,204.4,True,132.1,27.6,54.7,24.7,624896.0,True,True,True,True,True,True,False,True,True,True,True,False,True,True,False,False,False,False,False
Sauteed Mushrooms,"['226.8 g fresh mushrooms', '218.6 g butter', '4.7 g garlic powder', '1 large onion (150.0 g)', '1 large green pepper (164.0 g)']","['Slice and clean mushrooms.', 'Put butter in a pan and bring to a slow simmer.', 'Add mushrooms, sliced onion and green pepper.', 'Cover and stir occasionally.', 'Let cook about 15 or 20 minutes.']","[""onion"", ""fresh mushrooms"", ""garlic powder"", ""butter"", ""green pepper""]",www.cookbooks.com/Recipe-Details.aspx?id=796485,side,1735.4,9.0,4.0,"The recipe includes 450 grams of fresh mushrooms which is typically sufficient for 4 servings. Additionally, the dish is sautéed for 5 minutes which suggests a portion size suitable for 4 people.",192.8,True,38.8,9.2,14.1,8.4,304757.0,True,True,True,True,True,True,False,True,True,True,True,True,True,True,True,True,False,True,True
Sauteed Mushrooms,"['450.0 g fresh mushrooms', '1 stick butter (113.0 g)', '15.2 g lemon juice', '2 capfuls cooking sherry']","['Melt butter.', 'Add other ingredients and add mushrooms.', 'Saute 5 minutes.', 'Delicious served with steak or roast.']","[""cooking sherry"", ""butter"", ""lemon juice"", ""fresh mushrooms""]",www.cookbooks.com/Recipe-Details.aspx?id=300932,side,666.2,3.0,4.0,"The recipe includes 450 grams of fresh mushrooms which is typically sufficient for 4 servings. Additionally, the dish is sautéed for 5 minutes which suggests a portion size suitable for 4 people.",222.1,True,35.6,5.6,17.1,6.8,110583.0,True,True,True,True,True,True,False,True,True,True,True,False,True,True,False,True,False,True,True
Sauteed Mushrooms,"['225.0 g assorted fresh mushrooms', '2 cloves garlic, chopped fine (6.0 g)', '13.6 g olive oil', '12.6 g hearty brown rice miso', '8.1 g chopped parsley']","['Put mushrooms, garlic, and olive oil in large skillet over medium flame.', 'Saute until mushrooms begin to turn soft.', 'Add miso and saute 4-5 minutes longer.', 'Stir in parsley and remove from heat.', 'Serve hot or cold.']","[""mushrooms"", ""parsley"", ""brown rice"", ""garlic"", ""olive oil""]",www.food.com/recipe/sauteed-mushrooms-42581,side,227.3,1.0,2.0,"The recipe calls for 225 grams of assorted fresh mushrooms, which is typically sufficient for 2 servings. The other ingredients are relatively small portions and do not significantly change the serving size.",227.3,True,27.8,2.8,9.4,4.9,1054374.0,True,True,True,True,True,False,True,True,True,True,True,True,True,True,True,True,True,True,True
Sauteed Mushrooms,"['170.1 g shiitake mushrooms', '226.8 g cremini mushrooms (also called baby portobellos)', '9.1 g olive oil', '1 shallot, minced (10.0 g)', 'Coarse salt and fresh ground pepper']","['Cut off the shiitake mushroom stems and discard; thinly slice the caps.', 'Trim the tough ends of the cremini mushrooms, then quarter each mushroom.', 'Heat the olive oil in a large nonstick skillet over medium-high heat.', 'Add the shallot; cook until lightly browned, 1 to 2 minutes.', 'Add the cremini; cook, stirring occasionally, until softened, about 5 minutes.', 'Reduce the heat to medium.', 'Add the shiitakes; cook until tender, 5 to 7 minutes.', 'Season with salt and pepper.']","[""shallot"", ""shiitake mushrooms"", ""cremini mushrooms"", ""olive oil"", ""salt""]",www.epicurious.com/recipes/food/views/sauteed-mushrooms-383179,side,174.5,1.0,3.0,"The recipe involves sautéing mushrooms and does not specify a serving size. Given the quantities of mushrooms (170.1g shiitake and 226.8g cremini), it is reasonable to estimate this recipe serves around 3 people.",174.5,True,28.9,5.4,15.4,6.2,2192585.0,True,True,True,True,True,True,True,True,True,True,True,True,True,True,True,True,True,True,True
Sauteed Mushrooms,"['900.0 g portabella mushrooms', '453.6 g Italian dressing', 'salt and pepper']","['Scrape out belly of mushroom and slice into strips.', 'Sautee in pan with Italian dressing and Spices until tender.']","[""portabella mushrooms"", ""italian dressing"", ""salt""]",www.food.com/recipe/sauteed-mushrooms-141229,side,198.0,1.0,4.0,The significant quantity of mushrooms (900.0 g) and dressing (453.6 g) suggest this recipe could serve around 4 to 6 people.,198.0,True,1150.4,59.4,34.2,15.3,994982.0,True,True,True,True,True,True,True,True,True,True,True,True,True,True,True,True,True,True,True
Sauteed Mushrooms,"['450.0 g fresh mushrooms', '3.0 g salt', '61.8 g lemon juice', '1 large onion, diced (150.0 g)', '0.4 g minced garlic']","['Wash and slice mushrooms.', 'Combine lemon juice, garlic and salt in a large skillet.', 'Add mushrooms and onion.', 'Cook over medium heat until hot.', 'Reduce heat and simmer 20 to 30 minutes until liquid is reduced.', 'Serve hot over steak or as a side dish.']","[""lemon juice"", ""onion"", ""fresh mushrooms"", ""garlic"", ""salt""]",www.cookbooks.com/Recipe-Details.aspx?id=868914,side,173.2,1.0,4.0,"directions suggest serving over steak or as a side dish, indicating it's meant for 2-4 servings, and the quantity of mushrooms is substantial for a single serving.",173.2,True,49.3,13.1,19.8,8.6,334004.0,True,True,True,True,True,True,True,True,True,True,True,True,True,True,True,True,True,True,True
Sauteed Mushrooms,"['952.0 g evenly sliced mushrooms', '85.0 g clarified butter or 3 ounces olive oil or 3 ounces bacon drippings', '10.0 g minced shallot', 'kosher salt', '368.6 g cognac', '2.0 g chopped chives', 'fresh ground black pepper']","['Heat 1 oz of fat in a large heavy bottom saute pan over high heat.', 'A cast-iron skillet works the best.', 'Add a handful of sliced mushrooms and stir until just beginning to brown.', 'Push these mushrooms out to the sides of the pan.', 'If the pan is dry add additional fat and add a second handful to the center of the pan, careful not to overcrowd the center.', 'Continue until all mushrooms are browning in the pan, add chopped shallot and sprinkle with kosher salt.', 'Once shallot has softened and mushrooms are done, reduce the heat to medium and deglaze the pan by adding cognac and stirring to coat the mushrooms.', 'Add some fresh ground pepper and stir in the chopped chives.', 'Serve immediately over steaks or other dishes.']","[""fresh ground black pepper"", ""mushrooms"", ""cognac"", ""kosher salt"", ""chives"", ""butter"", ""shallot""]",www.food.com/recipe/sauteed-mushrooms-175637,side,1297.1,6.0,4.0,"The recipe primarily uses a substantial portion of mushrooms, which typically serve around 4 to 6 people. The use of a cast-iron skillet, which is mentioned as working best, often indicates a portion size suitable for 4-6 servings. The other ingredients are relatively small quantities compared to the mushrooms, suggesting they are meant to complement rather than significantly alter the serving size.",216.2,True,95.8,39.4,36.5,14.6,1987389.0,True,True,True,True,True,True,False,True,True,True,True,True,True,True,False,False,False,False,False
Raspberry Torte,"['643.2 g all-purpose flour', '6.0 g salt', '327.6 g margarine', '216.0 g sugar', '1 egg (50.0 g)', '324.6 g raspberry jam', '47.5 g sliced almonds']","['Mix the flour, salt, butter, sugar, and egg together in a food processor or by hand.', 'Press 2/3 of the dough onto a cookie sheet.', 'Cover with raspberry jam.', 'Use the remaining dough to roll into pencil strips and form a lattice top.', 'Sprinkle with sliced almonds.', 'Bake in a 350 oven for 30 to 35 minutes.', 'Cool and cut into squares for pastries or into 1 x 2 1/2-inch bar cookies.', 'This keeps well in the refrigerator for up to a week.']","[""egg"", ""sugar"", ""all-purpose"", ""raspberry jam"", ""almonds"", ""butter"", ""salt""]",www.food.com/recipe/raspberry-torte-199918,dessert,30936.0,103.0,1.0,"The recipe describes a single large tart, covered with jam and topped with lattice and almonds, which typically indicates a single serving size.",300.3,True,917.3,398.2,39.5,100.3,1802324.0,False,True,False,True,True,True,False,False,True,True,True,True,True,True,True,True,False,True,True
Raspberry Torte,"[""108.0 g confectioner's sugar"", '109.3 g butter', '120.6 g all-purpose flour', '3 eggs (150.0 g)', '12.8 g vanilla extract', '216.0 g granulated sugar', '3.0 g salt', '2.2 g baking powder', '86.3 g flour', '624.0 g fresh raspberries', '47.5 g slivered almonds', '1 packet French vanilla pudding mix', '247.2 g cold milk', '4.3 g vanilla extract', 'fresh raspberries', 'shredded cheddar cheese (optional)']","['Make sure that all ingredients except the milk are at room temperature. Preheat oven to 350°F.', ""Mix the confectioner's sugar and butter together in a medium-size bowl."", 'Slowly add in the fl our and form into a fi ne pastry dough.', 'Place in a round baking dish, pressing it to and up the sides.', 'Bake for 15-18 minutes.', 'Remove from oven and allow to cool.', 'In a large bowl, beat the eggs, vanilla extract, and granulated sugar together until light and fluffy. Mix in the salt, baking powder, and flour.', 'Pour the berries and the almonds into the cooled pie crust and spoon the egg and sugar mixture over them.', 'Place in a 350°F oven and bake for 35 minutes, or until the top begins to brown.', 'Remove from oven and allow to cool.', 'Make the pudding according to the directions, adding in the milk and vanilla.', 'Allow to sit for 5-10 minutes.', 'Spoon over the fi nished pie; top with raspberries lined up like soldiers in rows.', 'Refrigerate covered overnight.', 'Sprinkle with shredded cheddar cheese, if desired, before serving.']","[""cold milk"", ""sugar"", ""vanilla"", ""baking powder"", ""fresh raspberries"", ""eggs"", ""cheddar cheese"", ""flour"", ""almonds"", ""butter"", ""salt""]",food52.com/recipes/7593-raspberry-torte,dessert,3930.9,13.0,6.0,"The tart-like dessert with layers of berries, a sweet filling, and a pudding layer suggests a portion size suitable for 6 to 8 servings.",302.4,True,704.2,492.3,52.1,132.3,1397419.0,False,True,False,True,True,True,False,False,True,True,True,True,True,True,True,True,False,True,True
Raspberry Torte,"['1 plain yellow cake (43.0 g)', '1 small container Cool Whip', '1.0 g almond extract', '324.6 g raspberry jam']","['Split cake into three layers.', 'Spread bottom layer with 1/3 cup jam.', 'Spread on 1/3 of Cool Whip.', 'Repeat.', 'Refrigerate several hours.']","[""almond extract"", ""raspberry"", ""yellow cake""]",www.cookbooks.com/Recipe-Details.aspx?id=761448,dessert,896.7,3.0,3.0,"The cake is divided into three layers, suggesting one layer per person, and the directions indicate each serving includes one cake layer plus toppings.",298.9,True,230.0,197.1,16.7,1.6,349791.0,True,True,True,True,True,True,False,False,True,True,True,True,True,True,True,True,False,True,False
Raspberry Torte,"['520.0 g vanilla wafers, crushed', '1 egg (50.0 g)', '134.4 g powdered sugar', '109.2 g oleo', '1/4 raspberries, drained (0.5 g)', '146.9 g Cool Whip', '30.5 g wafers, crushed']","['Spread the 2 1/2 cups crushed vanilla wafers in the bottom of an 8 x 8-inch pan.', 'Beat the egg, powdered sugar and oleo; spread over crumbs.', 'Spread the raspberries.', 'Spread the Cool Whip. Sprinkle 1/2 cup crushed wafers on top.', 'Refrigerate 4 hours.']","[""oleo"", ""egg"", ""powdered sugar"", ""vanilla wafers"", ""wafers"", ""raspberries""]",www.cookbooks.com/Recipe-Details.aspx?id=237308,dessert,2976.8,11.0,8.0,The recipe uses 2 1/2 cups of crushed vanilla wafers which is typically enough for 8 servings.,270.6,True,555.2,326.4,15.3,57.1,58967.0,True,True,False,True,True,True,False,True,True,True,True,True,True,True,True,True,False,True,False
Raspberry Torte,"['520.0 g vanilla wafers, crushed', '1 egg (50.0 g)', '134.4 g powdered sugar', '109.2 g oleo', '486.9 g raspberries, drained', '146.9 g Cool Whip', '30.5 g wafers, crushed']","['Spread the 2 1/2 cups crushed vanilla wafers in the bottom of an 8 x 8-inch pan.', 'Beat the egg, powdered sugar and oleo; spread over crumbs.', 'Spread the raspberries.', 'Spread the Cool Whip. Sprinkle 1/2 cup crushed wafers on top.', 'Refrigerate 4 hours.']","[""oleo"", ""egg"", ""powdered sugar"", ""vanilla wafers"", ""wafers"", ""raspberries""]",www.cookbooks.com/Recipe-Details.aspx?id=237308,dessert,3697.1,12.0,6.0,"The recipe uses 2 1/2 cups of crushed vanilla wafers which is typically enough for 6 servings. The directions suggest making a single layer tart and then refrigerating it, which aligns well with a 6-serving size.",308.1,True,613.0,347.9,47.0,63.0,58967.0,True,True,False,True,True,True,False,True,True,True,True,True,True,True,True,True,False,True,False
Raspberry Torte,"['25 crushed graham crackers (700.0 g)', '54.0 g sugar', '109.3 g melted butter', '247.2 g milk', '450.0 g marshmallows', '486.9 g raspberries', '474.7 g whipped cream', '120.0 g nuts']","['Heat milk; add marshmallows.', 'Stir ingredients until melted. Cool.', 'Fold raspberries, cream and nuts into marshmallow mixture and pour over crust.', 'Sprinkle crumbs on top.', 'Chill overnight.']","[""sugar"", ""marshmallows"", ""nuts"", ""raspberries"", ""whipped cream"", ""milk"", ""graham crackers"", ""butter""]",www.cookbooks.com/Recipe-Details.aspx?id=609207,dessert,7473.7,25.0,6.0,"The recipe involves a significant amount of fruit and cream, which typically indicates a larger serving size, suitable for 6 to 8 people.",298.9,True,1188.4,651.1,63.9,130.8,874184.0,False,True,True,True,True,True,False,True,True,True,True,True,True,True,True,True,False,True,False
Raspberry Torte,"['480.0 g graham cracker crumbs', '109.3 g butter, melted', '54.0 g sugar', '453.6 g miniature marshmallows', '247.2 g milk', '484.8 g heavy whipping cream, whipped', '492.0 g raspberries']","['In a small bowl, combine cracker crumbs, butter, and sugar.', 'Set aside 1/4 cup for topping.', 'Press remaining crumb mixture on the bottom and 1 1/2 inches up the side of a 9 inch springform pan; set aside.', 'In a large saucepan, combine marshmallows and milk.', 'Cook and whisk over medium low heat until marshmallows are melted and mixture is smooth.', 'Cool.', 'Fold in whipping cream and raspberries.', 'Pour into prepared crust.', 'Top with remaining crumb mixture and refrigerate overnight.', 'Remove sides of pan and serve.']","[""sugar"", ""marshmallows"", ""graham cracker crumbs"", ""heavy whipping cream"", ""raspberries"", ""milk"", ""butter""]",www.food.com/recipe/raspberry-torte-136759,dessert,6092.5,20.0,8.0,The recipe yields 8 servings as stated in the directions and the quantities of ingredients suggest a portion size suitable for 8 people.,304.6,True,974.8,821.8,32.4,101.3,1007029.0,False,True,True,True,True,True,False,True,True,True,True,True,True,True,True,True,False,True,False
Raspberry Torte,"['143.8 g sifted flour', '54.0 g sugar', '1.5 g salt', '218.4 g butter or 1 cup margarine, softened', '216.0 g sugar', '24.0 g cornstarch', '567.0 g frozen raspberries', '45 large marshmallows (324.0 g)', '247.2 g milk', '242.4 g whipping cream, whipped']","['Combine the flour, 1/4 cup sugar and salt in a bowl and mix well.', 'Cut in the butter until crumbly. Pat over the bottom of a 9x13-inch baking pan.', 'Bake at 350 degrees for 15 to 18 minutes or until light brown.', 'Remove to a wire rack to cool.', 'Combine 1 cup sugar and cornstarch in a saucepan and mix well.', 'Add the raspberries.', 'Bring to a boil, stirring constantly.', 'Boil until thickened, stirring constantly.', 'Cool slightly.', 'Spoon over the baked layer.', 'Chill in the refrigerator.', 'Combine the marshmallows and milk in a saucepan.', 'Cook over low heat until blended, stirring constantly.', 'Remove from heat.', 'Fold in the whipped cream.', 'Spread over the prepared layers.', 'Chill until serving time.']","[""sugar"", ""frozen raspberries"", ""marshmallows"", ""whipping cream"", ""flour"", ""cornstarch"", ""milk"", ""butter"", ""salt""]",www.food.com/recipe/raspberry-torte-145882,dessert,5382.4,18.0,7.0,"The Raspberry Torte includes multiple components such as a baked crust, a fruit filling, and a cream topping, which are indicative of a substantial dessert that typically serves 6 to 8 people.",299.0,True,881.0,627.2,41.3,63.6,1019447.0,False,True,True,True,True,True,False,True,True,True,True,True,True,True,True,True,False,True,False
Raspberry Torte,"['258.8 g flour', '108.0 g plus 1 Tbsp. brown sugar', '87.8 g chopped walnuts', '218.6 g butter']","['Mix like pie crust; press in cake pan.', 'Bake at 350° for 12 minutes.']","[""flour"", ""brown sugar"", ""walnuts"", ""butter""]",www.cookbooks.com/Recipe-Details.aspx?id=390232,dessert,3868.9,13.0,1.0,"The ingredients list includes only enough for a single serving, such as flour, sugar, and butter, suggesting a compact, individual-sized dessert.",297.6,True,310.7,111.6,12.9,44.8,102163.0,False,True,True,True,True,True,False,False,True,True,True,True,True,True,True,True,False,True,True
Raspberry Torte,"['402.5 g flour', '6.0 g salt', '173.3 g brown sugar', '328.0 g butter, creamed', '4 egg yolks (200.0 g)', '25.6 g vanilla']","['Cream and blend together.', 'Press dough into greased 10 x 15 jelly roll pan.', 'Bake at 375° for 15 minutes.', 'Take out and spread 12 ounce of black raspberry jam or jelly on hot crust.']","[""vanilla"", ""brown sugar"", ""flour"", ""butter"", ""egg yolks"", ""salt""]",www.cookbooks.com/Recipe-Details.aspx?id=43036,dessert,5776.4,19.0,8.0,"The recipe involves baking a crust and then spreading jam on top, suggesting a single serving per person. Given the main ingredients like flour, sugar, and eggs, it is reasonable to estimate this as a 8-servings recipe.",304.0,True,474.2,178.8,10.9,116.1,527568.0,False,True,False,True,True,True,False,True,True,True,True,True,True,True,True,True,False,True,True
Cranberry Cake,"['40.4 g butter, softened', '216.0 g sugar', '1 egg (50.0 g)', '321.6 g all-purpose flour', '8.9 g baking powder', '2.2 g ground nutmeg', '247.2 g milk', '220.0 g cranberries', '22.8 g grated orange peel or 2 tablespoons lemon peel']","['In a mixing bowl, cream butter and sugar.', 'beat in egg.', 'Combine the flour, baking powder and nutmeg; add to the creamed mixture alternately with milk.', 'Stir in cranberries and orange peel.', 'Pour into a greased 11x7x2-inch baking dish.', 'Bake at 350F for 35-40 minutes or until a toothpick inserted near the center comes out clean.']","[""egg"", ""baking powder"", ""sugar"", ""ground nutmeg"", ""cranberries"", ""flour"", ""milk"", ""lemon peel"", ""butter""]",www.food.com/recipe/cranberry-cake-268435,dessert,2646.6,9.0,8.0,Directions suggest a 11x7x2-inch baking dish which is suitable for 8 servings.,294.1,True,631.8,361.6,19.7,78.5,1902120.0,False,True,False,True,True,True,False,True,True,True,True,True,True,True,True,True,False,True,True
Cranberry Cake,"['524.0 g cake mix yellow', '2 large eggs (100.0 g)', '2529.8 g cranberry juice', '1 x orange zest small (141.0 g)', '34.2 g sweet relish cranberry-orange', '60.0 g nuts finely chopped', '1 food coloring red']","['Combine cake mix, eggs, cranberry juice and orange rind; beat until smooth, following beating directions on package.', 'Remove 13 of batter and add relish and nuts.', 'Add enough food coloring to make batter a deep red.', 'Spoon light and dark batters alternately into greased and floured 9x5x3 inch loaf pan.', 'Bake in moderate oven 350F (180C).', 'for 65 to 70 minutes, or until cake tests done.', 'Let stand in pan 5 minutes, then turn out on rack and let stand until cool.', 'To decoreate, frost top and sides of cake with your favorite frosting.', 'Makes one 9x5x3 inch loaf.']","[""orange zest small"", ""eggs"", ""cranberry juice"", ""nuts"", ""sweet relish"", ""cake mix yellow"", ""coloring red""]",recipeland.com/recipe/v/cranberry-cake-34865,dessert,3795.2,13.0,1.0,"The directions mention preparing the batter and baking it in a 9x5x3 inch loaf pan, which is a standard size for a single-serving cake. Additionally, the phrase ""makes one 9x5x3 inch loaf"" at the end of the directions directly indicates the number of servings.",291.9,True,781.4,338.5,117.6,90.4,2026610.0,False,True,False,True,True,True,True,True,True,True,True,True,True,True,True,True,False,True,False
Cranberry Cake,"['517.4 g white cake mix', '3 egg whites (150.0 g)', '27.5 g cranberry applesauce', '226.8 g cream cheese', '226.8 g 1 (8 ounce) container frozen whipped topping, thawed', '54.0 g white sugar', '300.0 g water', '453.6 g whole cranberry sauce']","['Preheat oven to 350 degrees F (175 degrees C).', 'Grease and lightly flour the bottom and sides of two 9 inch round cake pans.', 'In a large mixing bowl combine the cake mix, egg whites, water and cranberry apple sauce.', 'Mix on low speed until batter is moist.', 'Then mix on medium speed for 2 minutes.', 'Pour batter into the prepared pans.', 'Bake cake at 350 degrees F (175 degrees C) for 30 to 35 minutes.', 'Cake is done when a toothpick inserted near the center comes out clean.', 'Cool cakes on wire racks in pans for 10 minutes.', 'Remove cakes from pans and let finish cooling on racks.', 'To Make Frosting: In a medium sized bowl, beat the softened cream cheese, sugar and 1/2 of the whipped topping until smooth.', 'Fold in the cranberry sauce and the remaining whipped topping.', 'Refrigerate frosting until chilled.', 'When cakes have cooled, frost the center and top of cake only.', 'The frosting will be very soft.']","[""cranberry applesauce"", ""frozen whipped topping"", ""white cake"", ""cream cheese"", ""egg whites"", ""water"", ""white sugar"", ""cranberry sauce""]",www.allrecipes.com/recipe/8118/cranberry-cake/,dessert,4193.7,14.0,2.0,"analyze the ingredients and directions provided, we can reasonably assume that the cake is meant to be split into two servings, each with its own layer of cake and frosting.",299.6,True,711.5,487.6,9.6,167.2,912781.0,False,True,False,True,True,True,False,True,True,True,True,True,True,True,True,True,False,True,False
Cranberry Cake,"['287.5 g flour', '3.0 g salt', '10.8 g soda', '4.4 g baking powder', '220.8 g Wesson oil', '247.2 g buttermilk', '3 eggs (150.0 g)', '216.0 g sugar', '147.0 g dates', '110.0 g whole cranberries', '240.0 g nuts', 'rind of 2 oranges, grated']","['Mix grated oranges with flour and mix all together with rest of ingredients.', 'Fold in cranberries, nuts and dates.', 'Grease tube pan and flour.', 'Bake at 350° for 55 minutes.', 'Mix 1 cup orange juice and 1 cup sugar together and pour over cake while hot.', 'Let set until cool, turning over a few times while cooling.']","[""buttermilk"", ""baking powder"", ""sugar"", ""eggs"", ""cranberries"", ""soda"", ""wesson oil"", ""flour"", ""dates"", ""nuts"", ""salt""]",www.cookbooks.com/Recipe-Details.aspx?id=324391,dessert,6278.0,21.0,6.0,The cake is made in a tube pan which is commonly used for serving 6 to 8 portions.,299.0,True,711.1,446.6,39.7,230.2,833415.0,False,True,False,True,True,True,False,True,True,True,True,True,True,True,True,True,False,True,True
Cranberry Cake,"['109.3 g butter', '216.0 g sugar', '1 egg (50.0 g)', '165.0 g golden raisins', '54.5 g pecans, chopped', '172.5 g flour', '1.5 g salt', '10.8 g baking soda', '4.4 g baking powder', '2.8 g cinnamon', '1.1 g cloves', '450.0 g whole cranberry sauce']","['Cream butter and sugar.', 'Agg egg and beat well.', 'Stir in raisins and pecans.', 'Mix flour, salt, baking soda, baking powder, cinnamon and cloves together.', 'Stir into first mixture.', 'Add 1 can cranberry sauce, except for 1/4 cup.', 'Bake in 13 x 9-inch pan for 40 minutes at 350°.']","[""golden raisins"", ""egg"", ""sugar"", ""baking powder"", ""baking soda"", ""cinnamon"", ""cloves"", ""pecans"", ""flour"", ""cranberry sauce"", ""butter"", ""salt""]",www.cookbooks.com/Recipe-Details.aspx?id=446865,dessert,3291.1,12.0,6.0,"The cake is baked in a 13 x 9-inch pan and includes raisins, pecans, and spices, suggesting it's meant to be shared among multiple people.",274.3,True,668.9,364.2,28.0,58.0,27300.0,False,True,False,True,True,True,False,False,True,True,True,True,True,True,True,True,False,True,True
Cranberry Cake,"['110.4 g oil', '26.9 g melted butter', '173.3 g brown sugar', '216.0 g white sugar', '4 eggs (200.0 g)', '230.0 g flour', '0.5 g allspice', '0.3 g nutmeg', '0.3 g cinnamon', '3 chopped bananas (354.0 g)', '13.6 g cranberry liqueur', '456.0 g whole berry cranberry sauce', '163.5 g walnuts or pecans']","['Beat together oil, melted butter, brown sugar, white sugar and eggs.', 'Fold in flour, allspice, nutmeg, cinnamon, bananas, cranberry liqueur, cranberry sauce and walnuts or pecans.', 'Bake in two loaf pans for 55 minutes at 350°.']","[""oil"", ""cranberry liqueur"", ""nutmeg"", ""brown sugar"", ""eggs"", ""cinnamon"", ""bananas"", ""flour"", ""walnuts"", ""white sugar"", ""cranberry sauce"", ""allspice"", ""butter""]",www.cookbooks.com/Recipe-Details.aspx?id=387050,dessert,6032.6,20.0,6.0,"The cake uses multiple main ingredients including flour, eggs, and nuts, and it is baked in two loaf pans, which typically yield around 6 to 8 servings per pan.",301.6,True,848.3,581.8,32.2,232.4,417075.0,False,True,False,True,True,True,False,False,True,True,True,True,True,True,False,True,False,True,True
Cranberry Cake,"['287.5 g flour (all-purpose)', '216.0 g sugar', '6.0 g salt', '10.8 g soda', '4.4 g baking powder', '109.0 g chopped pecans', '147.0 g chopped dates', '220.0 g whole cranberries', 'grated rind of 2 oranges', '2 eggs (100.0 g)', '247.2 g buttermilk', '165.6 g cooking oil', 'whipped cream (as garnish)']","['Sift flour and measure; sift with sugar, salt, soda and baking powder.', 'Stir in nuts, dates, cranberries and orange rind.', 'Combine beaten eggs with buttermilk and oil; add to fruit mixture.', 'Bake in a well-greased tube pan for 1 hour at 325°.']","[""buttermilk"", ""baking powder"", ""sugar"", ""cranberries"", ""eggs"", ""soda"", ""pecans"", ""cooking oil"", ""flour"", ""dates"", ""whipped cream"", ""oranges"", ""salt""]",www.cookbooks.com/Recipe-Details.aspx?id=90972,dessert,5017.8,17.0,6.0,Cake recipe yields 6 servings as stated in the directions.,295.2,True,706.0,449.1,38.0,180.2,625674.0,False,True,False,True,True,True,False,False,True,True,True,True,True,True,True,True,False,True,True
Cranberry Cake,"['220.0 g cranberries whole', '216.0 g sugar granulated', '3 large egg whites (150.0 g)', '55.3 g canola oil', '21.0 g honey', '30.5 g milk skim', '9.0 g butter buds', '115.0 g flour, all-purpose']","['Spray a 9 inch glass pie plate with vegetable cooking spray.', 'Preheat oven to 325F (160C).', 'Mix the cranberries and 1/2 cup sugar together in the pie plate.', 'In a bowl, beat the egg whites until very frothy.', 'Add the remaining 1/2 cup sugar, oil, honey, skim milk, and Butter Buds.', 'Beat well.', 'Mix in flour.', 'Pour batter over cranberry mixture.', 'Bake 45 to 50 minutes.', 'Serve warm or cool.']","[""butter buds"", ""sugar"", ""cranberries"", ""canola oil"", ""egg whites"", ""flour"", ""milk"", ""honey""]",recipeland.com/recipe/v/cranberry-cake-40363,dessert,2132.8,7.0,6.0,"Directions suggest baking a single 9-inch pie, which is typically suitable for serving 6 to 8 people.",304.7,True,373.6,268.9,11.1,138.3,1694998.0,False,True,False,True,True,True,False,True,True,True,True,True,True,True,True,True,False,True,True
Cranberry Cake,"['1 (19 oz.) pkg. lemon cake mix (58.0 g)', '1 (3 oz.) pkg. softened cream cheese (28.0 g)', '185.4 g milk', '4 eggs (200.0 g)', '1 1/4 c. ground, fresh cranberries, drained', '58.5 g ground walnuts', '54.0 g granulated sugar', '1.7 g mace']","['Beat 2 minutes the cake mix, cream cheese and milk.', 'Mix in the eggs.', 'Combine.', 'Fold into batter the cranberries, walnuts, sugar and mace.', 'Pour into greased 10 x 4-inch tube or 12-cup Bundt pan. Bake in 350° oven for 60 to 65 minutes.', 'Cool 20 minutes; remove from pan.', 'Dust with confectioners sugar.', 'Yield:', 'one 10-inch cake.']","[""granulated sugar"", ""eggs"", ""lemon cake mix"", ""cream cheese"", ""ground walnuts"", ""ground"", ""mace"", ""milk""]",www.cookbooks.com/Recipe-Details.aspx?id=2812,dessert,1324.8,4.0,8.0,"The recipe yields one 10-inch cake and the directions suggest baking in a 10x4 inch tube or 12-cup Bundt pan, indicating it's meant to serve around 8 people.",331.2,True,213.7,158.4,4.3,123.1,21736.0,False,True,False,True,True,True,False,False,True,True,True,True,True,True,True,True,False,True,False
Cranberry Cake,"['230.0 g sifted flour', '216.0 g sugar', '3.0 g salt', '8.9 g baking powder', '247.2 g milk', '220.0 g whole raw cranberries', '40.4 g melted butter']","['Sift together flour, sugar, salt and baking powder.', 'Add milk, cranberries and melted butter.', 'Bake at 375° for 45 minutes in a greased mold or tube pan.', 'Cut cake into wedges and serve with sauce.', 'We enjoy this at Thanksgiving and Christmas.']","[""baking powder"", ""sugar"", ""cranberries"", ""flour"", ""milk"", ""butter"", ""salt""]",www.cookbooks.com/Recipe-Details.aspx?id=430803,dessert,2346.2,8.0,8.0,"The recipe yields 4 servings and the ingredients suggest a larger portion size, indicating it could serve more people.",293.3,True,552.2,363.4,14.3,47.1,547281.0,False,True,True,True,True,True,False,True,True,True,True,True,True,True,True,True,False,True,True
Cranberry Cake,"['102.0 g shortening', '2 eggs (100.0 g)', '230.0 g flour', '4.4 g baking powder', '10.8 g baking soda', '1.5 g salt', '241.2 g sour cream', '120.0 g nuts', '2.8 g cinnamon', '54.0 g sugar', '110.0 g cranberry sauce']","['Blend shortening and eggs.', 'Add flour, baking powder, soda and salt.', 'Mix and add sour cream; mix separately the nuts, cinnamon and sugar.', 'Mix cranberry sauce up a bit.', 'Use a tube or Bundt pan.', 'Put 1/2 of batter in greased pan; put in 1/2 of the nut mix and 1/2 of cranberry sauce.', 'Put in remaining ingredients, nut mix and spread cranberry sauce on top.', 'Bake at 350° for 45 minutes.']","[""sour cream"", ""baking powder"", ""sugar"", ""shortening"", ""eggs"", ""baking soda"", ""cinnamon"", ""flour"", ""nuts"", ""cranberry sauce"", ""salt""]",www.cookbooks.com/Recipe-Details.aspx?id=582059,dessert,3619.3,12.0,8.0,Directions suggest the use of a tube or Bundt pan which is typically suitable for 8 servings.,301.6,True,302.6,104.8,17.0,99.5,385186.0,False,True,False,True,True,True,False,True,True,True,True,True,True,True,True,True,False,True,True
Cranberry Cake,"['220.0 g chopped cranberries', '58.5 g chopped walnuts', '2 large eggs (100.0 g)', '164.0 g butter (1 1/2 sticks)', '324.0 g sugar', '115.0 g flour', '1.5 g salt', '0.5 g almond extract']","['Preheat oven to 350°.', 'Put the chopped cranberries, walnuts and 1/2 cup of sugar in a buttered 10-inch pie plate or spring-form pan.', 'Mix the eggs, melted and cooled butter, 1 cup of sugar, flour, salt and almond extract.', 'Stir the batter until it is smooth and pour it over cranberry walnut mixture.', 'Bake the cake in the middle of the oven for 40 minutes or until tester comes out clean.']","[""sugar"", ""cranberries"", ""eggs"", ""flour"", ""walnuts"", ""almond extract"", ""butter"", ""salt""]",www.cookbooks.com/Recipe-Details.aspx?id=974412,dessert,3541.1,12.0,6.0,"Directions suggest a 10-inch pie plate or spring-form pan, which is typically suitable for serving 6 to 8 people.",295.1,True,445.2,336.9,14.9,72.4,745964.0,False,True,False,True,True,True,False,False,True,True,True,True,True,True,True,True,False,True,True
Cranberry Cake,"['220.0 g whole cranberries', '108.0 g sugar', '117.0 g chopped walnuts', '54.6 g margarine, melted', '2 eggs (100.0 g)', '115.0 g flour', '216.0 g sugar', '109.2 g melted margarine']","['Mix cranberries, sugar and nuts.', 'Put in a 9 x 9-inch cake pan in which margarine has been melted.', 'In a separate bowl, beat eggs.', 'Add flour, sugar and 1/2 cup margarine.', 'Pour over cranberry-nut mixture and bake 1 hour at 325°.', 'Can be served warm with whipped cream or cold with ice cream.']","[""sugar"", ""cranberries"", ""eggs"", ""flour"", ""margarine"", ""walnuts""]",www.cookbooks.com/Recipe-Details.aspx?id=434066,dessert,3919.6,13.0,6.0,"The cake uses a 9x9 inch pan, which is commonly used for serving 6 to 8 people, and the substantial amount of cranberries and other ingredients suggest a substantial portion per serving.",301.5,True,455.6,338.3,18.9,79.9,344233.0,False,True,False,True,True,True,False,False,True,True,True,True,True,True,True,True,False,True,True
Cranberry Cake,"['345.0 g flour', '216.0 g sugar', '21.7 g baking soda', '6.0 g salt', '453.6 g whole berry cranberry sauce', '117.0 g chopped walnuts', '220.0 g mayonnaise', '124.5 g orange juice', '1 orange, zest of, grated (141.0 g)', '40.4 g butter', '268.8 g powdered sugar', '27.5 g cranberry sauce']","['Preheat oven to 350 degrees.', 'Grease a 9"" tube pan.', 'Line bottom with parchment paper.', 'Sift together flour, sugar, baking soda and salt into a large bowl.', 'Reserve 1/4 cup cranberry sauce fort the frosting.', 'Add remaining cranberry sauce, nuts, mayonnaise and orange rind to the flour mixture.', 'Mix well.', 'Stir in orange juice.', 'Pour into tube pan and bake 1 hour and 15 minutes.', 'Remove from pan and cool and frost.', 'To make frosting, soften the butter.', 'Add sugar and cranberry sauce.', 'Beat until creamy and frost the cooled cake.']","[""sugar"", ""baking soda"", ""powdered sugar"", ""flour"", ""orange"", ""walnuts"", ""mayonnaise"", ""orange juice"", ""cranberry sauce"", ""butter"", ""salt""]",www.food.com/recipe/cranberry-cake-144877,dessert,6766.6,23.0,6.0," Based on the ingredients and directions, it is estimated that this recipe serves approximately 6 people.",294.2,True,988.2,652.5,29.2,66.6,1948482.0,False,True,False,True,True,True,False,False,True,True,True,True,True,True,True,True,False,True,True
Cranberry Cake,"['40.4 g butter', '324.0 g sugar', '345.0 g flour, sifted', '20.0 g baking powder', '4.5 g salt', '370.8 g milk', '183.0 g whole raw cherries', '109.3 g butter', '324.0 g sugar', '123.6 g milk', '4.3 g vanilla']","['Cream 3 tablespoons butter and 1 1/2 cups sugar.', 'Beat vanilla.', 'Combine flour, salt and baking powder.', 'Add dry ingredients to creamed mixture, alternately with 1 1/2 cups milk. Pour into a greased and floured 9 x 12-inch pan.', 'Bake at 400° for 35 minutes.']","[""baking powder"", ""sugar"", ""vanilla"", ""flour"", ""cherries"", ""milk"", ""butter"", ""salt""]",www.cookbooks.com/Recipe-Details.aspx?id=1007419,dessert,5653.5,19.0,8.0,"The recipe focuses on a cake batter and includes quantities for a larger number of people, suggesting it serves around 8 to 10 people.",297.6,True,1260.5,993.2,15.6,80.1,165780.0,False,True,True,True,True,True,False,True,True,True,True,True,True,True,True,True,False,True,True
Cranberry Cake,"['3 eggs (150.0 g)', '453.6 g jelled cranberry sauce', '3.0 g salt', '1.0 g allspice', '1.1 g cloves', '1.1 g nutmeg', '2.8 g cinnamon', '10.8 g baking soda', '180.0 g natural coconut', '226.8 g crushed pineapple', '109.0 g chopped pecans', '165.6 g cooking oil', '345.0 g flour', '324.0 g sugar']","['Beat eggs well; then add next 8 ingredients.', 'Stir in remaining ingredients, just until well blended.', 'Pour into well-greased and floured Bundt pan.', 'Bake 1 hour at 350°.', 'Cool and remove from pan.', 'Good as is but better frosted with a cream cheese frosting.']","[""natural coconut"", ""sugar"", ""nutmeg"", ""eggs"", ""cloves"", ""cinnamon"", ""baking soda"", ""pecans"", ""cooking oil"", ""flour"", ""cranberry sauce"", ""allspice"", ""pineapple"", ""salt""]",www.cookbooks.com/Recipe-Details.aspx?id=828066,dessert,5985.4,23.0,1.0,"Based on the ingredients provided, especially the eggs and the amount of natural coconut and sugar, this recipe seems to be designed for a single serving.",260.2,True,845.9,517.6,47.8,132.1,743467.0,False,True,False,True,True,True,True,False,True,True,True,True,True,True,True,True,False,True,True
Soft Pretzels,"['7.1 g active dry yeast', '360.0 g warm water (110~ to 115~)', '13.3 g sugar', '6.0 g salt', '643.2 g all-purpose flour', '1 egg, beaten (50.0 g)', 'coarse salt']","['In a large bowl, dissolve yeast in water.', 'Add the sugar, salt and enough flour to make a soft dough.', 'Turn onto a floured board; knead until smooth and elastic, about 6 to 8 minutes.', 'Pinch off about 2 tablespoons of dough for each pretzel.', 'Shape into traditional pretzel twists or other shape as desired.', 'Place on greased baking sheets.', 'Brush with egg; sprinkle with salt.', 'Bake at 425° for 15 minutes or until golden brown.', 'Cool on wire rack.']","[""egg"", ""warm water"", ""sugar"", ""active dry yeast"", ""all-purpose"", ""salt""]",www.cookbooks.com/Recipe-Details.aspx?id=858164,side,2464.3,12.0,4.0,"The quantity of flour (643.2 g) suggests this recipe could serve multiple people, and the process involves shaping dough into individual pretzels, indicating a serving size of 4 to 6 people.",205.4,True,506.1,15.4,17.8,91.9,758265.0,False,True,False,True,True,True,True,True,True,True,True,True,True,True,True,True,False,True,True
Soft Pretzels,"['7.0 g dry yeast', '360.0 g warm water', '6.0 g salt', '13.3 g sugar', '460.0 g flour', '1 beaten egg (50.0 g)', 'coarse salt']","['Preheat oven to 450°.', 'Dissolve yeast in warm water; add sugar and salt.', 'Blend in flour.', 'Knead until smooth.', 'Cut into 10 to 12 pieces, roll into ropes and twist into desired shapes.', 'Place on a lightly greased cookie sheet.', 'Brush with beaten egg and sprinkle with coarse salt.', 'Bake at 450° for 12 to 15 minutes.']","[""egg"", ""sugar"", ""water"", ""flour"", ""yeast"", ""salt""]",www.cookbooks.com/Recipe-Details.aspx?id=1085790,side,2073.3,10.0,10.0,"Directions suggest baking 10 to 12 pieces of pretzels, which implies around 10 servings.",207.3,False,357.5,21.5,12.9,78.1,709778.0,False,True,False,True,True,True,True,True,True,True,True,True,True,True,True,True,False,True,True
Soft Pretzels,"['7.0 g dry yeast (about 2 1/4 teaspoons)', '6.7 g sugar', '240.0 g warm water (100° to 110°)', '522.6 g all-purpose flour, divided (about 14 1/2 ounces)', '6.0 g salt', 'Cooking spray', '1440.0 g water', '65.1 g baking soda', '3.2 g cornmeal', '4.9 g water', '1 large egg (50.0 g)', '12.0 g kosher salt']","['Dissolve yeast and sugar in warm water in a large bowl, and let stand for 5 minutes.', 'Lightly spoon flour into dry measuring cups; level with a knife. Add 3 cups flour and 1 teaspoon salt to yeast mixture; stir until a soft dough forms. Turn dough out onto a lightly floured surface; knead until smooth and elastic (about 8 minutes). Add enough of remaining flour, 1 tablespoon at a time, to prevent dough from sticking to hands (dough will feel slightly sticky).', 'Place dough in a large bowl coated with cooking spray, turning to coat top. Cover and let rise in a warm place (85°), free from drafts, 40 minutes or until doubled in size. (Gently press two fingers into dough. If indentation remains, the dough has risen enough.) Punch dough down; cover and let rest 5 minutes.', 'Preheat oven to 425°.', 'Divide dough into 12 equal portions. Working with one portion at a time (cover remaining dough to prevent drying), roll each portion into an 18-inch-long rope with tapered ends. Cross one end of rope over the other to form a circle, leaving about 4 inches at end of each rope. Twist the rope at the base of the circle. Fold the ends over the circle and into a traditional pretzel shape, pinching gently to seal. Place pretzels on a baking sheet lightly coated with cooking spray. Cover and let rise 10 minutes (pretzels will rise only slightly).', 'Combine 6 cups water and baking soda in a nonaluminum Dutch oven. Bring to a boil; reduce heat, and simmer. Gently lower 1 pretzel into simmering water mixture; cook 15 seconds. Turn pretzel with a slotted spatula; cook an additional 15 seconds. Transfer pretzel to a wire rack coated with cooking spray. Repeat procedure with remaining pretzels.', 'Place pretzels on a baking sheet sprinkled with cornmeal. Combine 1 teaspoon water and egg in a small bowl, stirring with a fork until smooth. Brush a thin layer of egg mixture over pretzels; sprinkle with kosher salt. Bake at 425° for 12 minutes or until pretzels are deep golden brown. Transfer to a wire rack to cool.']","[""egg"", ""sugar"", ""warm water"", ""baking soda"", ""water"", ""cooking spray"", ""flour"", ""kosher salt"", ""yeast"", ""cornmeal"", ""salt""]",www.myrecipes.com/recipe/soft-pretzels,side,2034.0,12.0,12.0,"The recipe yields 12-15 pretzels, which is typical for a single-serving recipe. The detailed instructions and the amount of ingredients suggest a scaled-down batch suitable for individual consumption.",169.5,False,409.8,8.5,14.9,79.8,1453843.0,False,True,False,True,True,True,True,True,True,True,True,True,True,True,True,True,False,True,True
Soft Pretzels,"['7.1 g yeast', '402.5 g all purpose flour', '4.0 g salt', '17.8 g sugar', '33.6 g margarine', '320.0 g warm/hot water', '1 egg plus 1 tbsp water for eggwash (50.0 g)']","['If you have a bread machine, place all ingredients (except egg) in machine.', '(If not, just knead away)', 'Select ""manual"" and start machine.', 'When kneading cycle is complete, turn out on floured board.', 'Cut into 24 strips.', 'Roll each strip into 18 to 20 inch ropes.', 'Shape into pretzel and place on baking sheets.', 'Cover, let rise about 45 minutes.', 'Beat egg and water together, and brush each pretzel with eggwash.', 'Sprinkle with topping(s) of your choice (kosher salt, garlic or onion salt, parmesan cheese)', 'Bake in preheated oven at 475 degrees (250 C.) for 12 minutes.']","[""egg"", ""sugar"", ""water"", ""flour"", ""margarine"", ""yeast"", ""salt""]",online-cookbook.com/goto/cook/rpage/0002B4,side,2019.6,10.0,24.0,"The recipe yields 24 strips, which are shaped into pretzels and baked. Each pretzel seems to be a serving, so we can assume this recipe serves around 24 people.",202.0,True,319.2,24.7,11.3,47.6,1695023.0,False,True,False,True,True,True,False,True,True,True,True,True,True,True,True,True,False,True,True
Soft Pretzels,"['345.0 g flour', '132.0 g wheat flour', '7.0 g rapid yeast', '4.5 g salt', '300.0 g hot water', '42.0 g honey', '13.6 g oil', '1 egg (50.0 g)', '14.8 g cool water', '17.8 g sesame seed', '146.4 g coarse salt', 'mustard (optional)']","['Grease baking sheet and preheat oven to 425°.', 'Place cool water into small bowl and beat in egg.', 'Set aside.', 'In a large bowl, mix only 2 cups of the white flour, wheat flour, yeast and salt.', 'Add water, honey and oil (in this order).', 'Stir with a wooden spoon until combined.', 'Add enough of the set aside flour to make a soft dough.', 'Knead dough about 5 to 7 minutes.', 'Cut dough into 12 equal pieces.', 'Roll each piece into a rope.', 'Form pretzels and place on baking sheet.', 'Dough will contract a little, so enlarge holes with finger.', 'Brush each pretzel with your egg mixture.', 'Bake 15 to 20 minutes or until golden brown.']","[""sesame seed"", ""oil"", ""egg"", ""rapid yeast"", ""coarse salt"", ""water"", ""flour"", ""honey"", ""salt""]",www.cookbooks.com/Recipe-Details.aspx?id=816073,side,2338.4,12.0,6.0,"The recipe yields 12 pretzels, which is typically a portion size for 6 to 8 people.",194.9,False,395.8,42.1,29.2,81.0,563761.0,False,True,False,True,True,True,True,True,True,False,False,True,True,True,True,True,False,True,True
Soft Pretzels,"['1 envelope yeast', '13.3 g sugar', '12.0 g salt', '460.0 g flour', '1 egg yolk (50.0 g)', 'course salt']","['Preheat oven to 425°.', 'Dissolve yeast in 1 1/2 cups lukewarm water.', 'Add sugar and salt; stir until dissolved.', 'Add flour; mix well.', 'Turn out dough on floured board; knead for about 5 minutes. Roll into thin strips; shape into pretzels.', 'Place on well-greased cookie sheet.', 'Beat egg yolk with one tablespoon of water; brush on pretzels.', 'Sprinkle generously with coarse salt. Bake in oven for 15 to 20 minutes.']","[""course salt"", ""sugar"", ""egg yolk"", ""flour"", ""yeast"", ""salt""]",www.cookbooks.com/Recipe-Details.aspx?id=695733,side,2140.0,11.0,1.0,"The recipe involves making a single batch of pretzels, which is typically enough for one person. There are no indications of scaling up the recipe for multiple servings.",194.5,True,355.9,21.2,12.4,69.2,774327.0,False,True,False,True,True,True,True,True,True,True,True,True,True,True,True,True,False,True,True
Soft Pretzels,"['488.8 g flour', '10.5 g yeast', '370.8 g milk', '54.0 g sugar', '27.2 g cooking oil', '9.0 g salt', '54.1 g salt', '1900.0 g boiling water', '1 slightly beaten egg white (50.0 g)', 'Sesame seed', 'coarse salt']","['In mixer bowl combine 2 cups of the flour and the yeast in saucepan heat milk, sugar, oil and 1 1/2 teaspoons salt just till warm (115 120) stir constantly.', 'Add to flour mixture.', 'Beat at low speed of electric mixer for 1/2 minute, scraping bowl.', 'Beat 3 minutes at high speed.', 'Stir in as much of he remaining flour as you can mix in with a spoon.', 'Turn out onto lightly floured surface.', 'Knead in enough of the remaining flour to make a moderately stiff dough that is smooth and elastic (6-8 minutes) Shape into a ball.', 'Place in lightly greased bowl; turn once to grease surface.', 'Cover; let rise in warm place till double (about 1 1/2 hours) Punch down; turn out onto lightly floured surface, cover let rest 10 minutes.', 'Roll into a 12x8 inch rectangles.', 'Cut into 16 strips, each 12 inches long and 1/2 inch wide.', 'Roll each into a rope 16 inches long.', 'Shape into pretzels.', 'Let rise, uncovered, 20 minutes.', 'Dissolve 3 tablespoons salt in the boiling water.', 'Lower 3 or 4 pretzels at a time into boiling water; boil for 2 minutes, turning once.', 'Remove with slotted spoon to paper toweling; let stand a few seconds then place 1/2 inch apart on well greased baking sheet.', 'Brush with mixture of egg white and 2 tablespoons water.', 'Sprinkle lightly with sesame seed or coarse salt.', 'Bake in 350 oven 25 to 30 minutes or till golden brown.']","[""sesame seed"", ""egg white"", ""sugar"", ""cooking oil"", ""flour"", ""yeast"", ""milk"", ""boiling water"", ""salt""]",www.foodgeeks.com/recipes/20207,side,2783.9,14.0,6.0,directions suggest this kind of pan which is fitting for a 6 servings recipe,198.8,True,625.4,266.8,13.9,128.1,1703040.0,False,True,False,True,True,True,False,True,True,True,False,True,True,True,True,True,False,True,True
Soft Pretzels,"['18.7 g active dry yeast', '4.4 g sugar', '300.0 g warm water', '804.0 g all-purpose flour', '108.0 g sugar', '9.0 g salt', '13.6 g vegetable oil', '264.0 g baking soda', '960.0 g hot water', '73.2 g course salt']","['In a small bowl, dissolve yeast and 1 teaspoon sugar in warm water.', 'Let stand until creamy about 10 mins.', 'In a large bowl, mix together flour, 1/2 cup sugar, and salt.', 'Make a Well in the center, add the oil and yeast mixture.', 'Mix and form into a dough.', 'If the mixture is dry, add one or two tablespoons of water.', 'Knead the dough until smooth, about 7 to 8 mins.', 'Lightly oil a large bowl, place the dough in the bowl and turn to coat with oil.', 'Cover with plastic wrap and let rise in a warm place until doubled in size about 1 hour.', 'Preheat oven to 450F ( 230 C).', 'In a large bowl, dissolve baking soda in hot water.', 'When risen, turn dough out onto a lightly floured surface and divide into 12 equal pieces.', 'Roll each piece into a rope and twist into a pretzel shape.', 'Once all of the dough is all shaped, dip each pretzel into the baking soda solution and place on a greased baking sheet.', 'Sprinkle with course salt.', 'Bake in preheated oven for 8 mins, until browned.']","[""course salt"", ""sugar"", ""active dry yeast"", ""baking soda"", ""water"", ""flour"", ""vegetable oil"", ""salt""]",cookpad.com/us/recipes/344512-soft-pretzels,side,3543.2,12.0,6.0,directions suggest this kind of pan which is fitting for a 6 servings recipe,295.3,False,729.7,114.6,22.9,87.3,1810979.0,False,True,True,True,True,True,True,True,True,True,True,True,True,True,True,True,True,True,True
Soft Pretzels,"['30.0 g hot water', '7.0 g active dry yeast', '320.0 g warm water', '57.8 g brown sugar', '575.0 g flour', 'extra flour', 'coarse pretzel salt', 'baking soda']","['Heat oven to 475°.', 'In a large bowl, mix the hot water and yeast until the yeast dissolves.', 'Stir in the warm water and the brown sugar.', 'Slowly add 5 cups of flour to the mixture, stirring constantly.', 'Continue stirring until the mixture is smooth and does not stick to the sides of the bowl.', 'Put the dough on a lightly floured board.', 'Dip your hands in the extra flour.', 'Knead the dough until it is stretchy and smooth.', 'Push it down and away from you with the palms of your hands.', 'Turn the dough as you work.']","[""salt"", ""brown sugar"", ""baking soda"", ""water"", ""flour"", ""extra flour"", ""active dry yeast""]",www.cookbooks.com/Recipe-Details.aspx?id=176059,side,2651.7,13.0,3.0,"The recipe involves kneading the dough and shaping it into pretzels, which aligns with the typical serving size for this dish.",204.0,True,485.9,66.0,16.0,67.3,488012.0,False,True,True,True,True,True,True,True,True,True,True,True,True,True,True,True,True,True,True
Soft Pretzels,"['7.0 g dry yeast (about 2 1/4 teaspoons)', '13.3 g sugar', '240.0 g warm water (100° to 110°)', '482.4 g all-purpose flour, divided', '6.0 g salt', '13.5 g butter, melted', 'Cooking spray', '960.0 g water', '65.1 g baking soda', '4.5 g kosher salt, divided']","['Dissolve yeast and sugar in 1 cup warm water in a small bowl; let stand 5 minutes.', 'Lightly spoon flour into dry measuring cups, and level with a knife.', 'Combine 1 1/2 cups flour and salt in a large bowl.', 'Add butter, yeast mixture, and remaining 1 1/2 cups flour, stirring until a soft dough forms.', 'Turn dough out onto a lightly floured surface, and knead until smooth and elastic (about 5 minutes).', 'Place dough in a large bowl coated with cooking spray, turning to coat top.', 'Cover and let rise in a warm place (85°), free from drafts, 40 minutes or until doubled in size. (Press two fingers into dough. If indentation remains, the dough has risen enough.)', 'Punch dough down; divide into 12 equal portions.', 'Cover and let rest 10 minutes on a lightly floured surface.', 'Shape each portion of dough into an 18-inch rope with tapered ends; twist each rope into a pretzel shape.', 'Preheat oven to 450°.', 'Combine 4 cups water and baking soda in a large nonaluminum Dutch oven; bring to a boil.', 'Add 4 pretzels; cook 1 minute, turning once (do not overcrowd pan).', 'Remove pretzels with a slotted spoon; shake off excess water.', 'Place pretzels on a baking sheet coated with cooking spray; sprinkle 1/4 teaspoon kosher salt evenly over pretzels.', 'Repeat procedure twice with remaining pretzels and salt.', 'Bake pretzels at 450° for 10 minutes or until golden brown.', 'Remove from pans to wire racks.']","[""all-purpose flour"", ""sugar"", ""warm water"", ""baking soda"", ""water"", ""cooking spray"", ""yeast"", ""kosher salt"", ""butter"", ""salt""]",www.myrecipes.com/recipe/soft-pretzels-0,side,1926.8,12.0,6.0,"Based on the scale of the recipe and the quantities of ingredients, it seems most fitting to estimate that this recipe serves approximately 6 people.",160.6,False,382.8,14.7,13.5,51.5,1422954.0,False,True,True,True,True,True,False,True,True,True,True,True,True,True,True,True,False,True,True
Soft Pretzels,"['360.0 g water, warm', '1 packet active dry yeast', '6.0 g salt', '13.3 g cane sugar', '643.2 g all-purpose flour', '1 large egg, for egg wash (50.0 g)', 'Pinch course salt, for finishing']","['Preheat oven to 425°F.', 'Set aside two baking sheets.', 'In a medium sized bowl, combine the warm water and yeast and mix for about one minute, until the yeast is dissolved.', 'Shape the dough into a small log and cut into 10 evenly sized pieces.', 'Roll each piece into a long, even rope (about 20 inches).', 'Make the pretzel shape by creating a U, then twist the ends across each other and press the dough together.', 'Lay pretzels on the baking sheets.', 'Make your egg wash in a small bowl and use a pastry brush to lightly coat the tops of the pretzels.', 'Sprinkle with course finishing salt and bake for 12-14 minutes until the tops are golden brown.', 'Let cool on the baking sheet for three minutes before transferring to a cooling rack.', ""Pretzels are best enjoyed the day that they are made, dipped in Mustard and Co.'s classic mustard.""]","[""course salt"", ""egg"", ""cane sugar"", ""salt"", ""all-purpose"", ""water"", ""active dry yeast""]",food52.com/recipes/41793-soft-pretzels,side,2464.3,10.0,6.0,"Directions suggest baking 10 pieces of pretzels at a time, which implies a serving size of around 6-7 pieces per person, making it suitable for 6 servings.",246.4,False,504.6,15.3,17.4,90.2,1383386.0,False,True,False,True,True,True,True,True,True,True,True,True,True,True,True,True,False,True,True
Soft Pretzels,"['480.0 g hot water', '13.3 g sugar', '14.1 g active dry yeast (1( 1/4 ) -ounce envelope', '632.5 g all--purpose flour', '18.0 g salt', '9.1 g canola oil', 'Vegetable oil cooking spray', '65.1 g baking soda', '1 large egg (50.0 g)', 'Coarse or pretzel salt']","['Pour 2 cups hot water into bowl of electric mixer with dough hook.', 'Check water with instant-read thermometer to register about 110 degrees.', 'Add sugar, stir to dissolve.', 'Sprinkle with yeast; let sit 5 minutes; yeast should bubble.', 'Beat 1 cup flour into yeast on low until combined.', 'Beat in salt and 4 cups flour until combined, about 30 seconds.', 'Beat on medium--low until doughy pulls away from sides of bowl, about 1 1/2 minutes.', 'Add 1/2 cup flour, and knead on low 1 minute more.', 'If dough is still wet and sticky, add 1/2 cup more flour (this will depend on weather conditions); knead until combined, about 30 seconds.', 'Transfer to a lightly floured board, and knead about 10 times until smooth.', 'Pour oil into a large bowl; swirl to coat sides.', 'Transfer dough to bowl, turning dough to completely cover all sides.', 'Cover with a kitchen towel, and leave in a warm spot for 1 hour, or until dough has doubled in size.', 'Heat oven to 450 degrees.', 'Lightly spray 2 baking sheets with cooking spray.', 'Set aside.', 'Punch down dough remove bubbles.', 'Transfer to a lightly floured board.', 'Knead once or twice, divide into 16 pieces (about 2 1/2 ounces each), and wrap in plastic.', 'Roll 1 piece of dough at a time into an 18 -- inch -- long strip.', 'Twist pretzel shape; transfer to prepared baking sheet.', 'Cover with a kitchen towel.', 'Continue to form pretzels; 8 will fit on each sheet.', 'Let dough rest until it rises slightly, about 15 minutes.', 'Meanwhile, fill large shallow pot with 2 inches water.', 'Bring to a boil.', 'Add baking soda.', 'Reduce to simmer; transfer 3 to 4 pretzels to water.', 'Poach 1 minute.', 'Use slotted spoon to transfer pretzels to baking sheet.', 'Continue until all pretzels are poached.', 'Beat egg with 1 tablespoon water.', 'Brush pretzels with egg wash. Sprinkle with salt.', 'Bake 12 to 15 minutes, until golden brown.', 'Let cool on wire rack.', 'Pretzels are best when eaten the same day, and will keep at room temperature, uncovered, for 2 days.', 'Do not store in covered container.']","[""egg"", ""sugar"", ""salt"", ""baking soda"", ""canola oil"", ""water"", ""flour"", ""vegetable oil cooking spray"", ""active dry yeast""]",www.foodnetwork.com/recipes/soft-pretzels-recipe2.html,side,2899.4,16.0,8.0,"Directions suggest forming 16 pieces of dough, but they are to be twisted into 8 pretzels, indicating that each pretzel serves one person. The recipe yields 8 servings, which aligns with the number of pretzels formed.",181.2,False,487.3,24.5,18.0,99.5,2146963.0,False,True,False,True,True,True,True,True,True,True,True,True,True,True,True,True,False,True,True
Soft Pretzels,"['7.1 g yeast', '120.0 g warm water', '978.5 g milk, scalded', '108.0 g sugar', '153.0 g shortening', '57.5 g flour, divided', '6.7 g baking powder', '27.1 g salt', '352.0 g baking soda', '1900.0 g water', 'coarse salt']","[""'Proof' yeast in 1/2 cup warm water."", 'Scald 1 quart of milk.', 'Add shortening and sugar.', ""Stir 'til melted."", ""Let stand 'til lukewarm."", 'Add 6 cups of the flour and stir until smooth.', 'Cover.', 'Let rise in warm place, 30 minutes, until light and bubbly.', 'Stir down risen dough.', 'Beat in remaining flour, baking soda and salt.', 'Cover.', 'Let rise in greased bowl until double, about 1 1/2 hours.', 'Punch down.', 'Divide into 6 pieces.', 'Let rest 10 minutes.', 'Divide each piece further into 10 pieces.', 'Roll into rope 1/2"" x 18"".', 'Twist into pretzel.', 'Tuck ends under.', 'When all are shaped, cover lightly with a towel.', ""Dissolve 2/3 cups baking soda in 2 quarts cold water and bring to a boil in a pan that's NOT aluminum."", 'Lower pretzels into boiling solution on slotted spatula for 5 seconds and remove.', 'Drain.', 'Place on WAXED baking sheet (Put baking sheets in oven as you preheat. At about 250 degrees take the pans out then rub hard with waxed paper.).', 'Sprinkle pretzels with coarse salt.', 'Bake in 400 degree F oven for 15 minutes or until well-brown.', 'Makes 5 dozen 5"" pretzels.']","[""sugar"", ""baking powder"", ""shortening"", ""baking soda"", ""water"", ""flour"", ""yeast"", ""milk"", ""salt""]",www.food.com/recipe/soft-pretzels-271319,side,2634.9,13.0,5.0,"The recipe yields 5 dozen pretzels, which is a clear indication of the number of servings. One dozen equals 12, so 5 dozen equals 60 pretzels, suggesting a serving size of around 12-13 pretzels per person.",202.7,True,687.7,641.2,2.2,85.7,1892663.0,False,True,True,True,True,True,False,True,True,True,True,True,True,True,True,True,False,True,True
Tuna Patties,"['1 large can tuna (in oil) (321.0 g)', '388.0 g crackers', '2 eggs (100.0 g)', '57.5 g flour', '220.8 g oil']","['Pour tuna in mixing bowl.', 'Add the eggs and mix well.', 'Crush the crackers real good and add to mixture.', 'Add flour and mix well. Make into patties.', 'Fry them in oil until golden brown.']","[""oil"", ""tuna"", ""eggs"", ""crackers"", ""flour""]",www.cookbooks.com/Recipe-Details.aspx?id=912502,main,4915.3,8.0,3.0,"The recipe involves making patties and frying them, and the quantity of tuna suggests it could serve multiple people, but the quantity of crackers and other ingredients doesn't indicate a very large portion size, leading to an estimation of 3 to 4 servings.",614.4,True,312.4,270.0,1.6,159.2,74017.0,False,True,False,False,True,True,True,True,True,True,True,True,True,True,True,True,False,False,True
Tuna Patties,"['1 egg (50.0 g)', '184.3 g chunk tuna, drained', '9.0 g tuna liquid', '2.2 g prepared mustard', '27.0 g dry bread crumbs', '30.0 g pickle relish']","['Combine egg, tuna, tuna liquid, mustard, half the crumbs and relish in a bowl; mix well.', 'Shape into 4 patties.', 'Coat with remaining crumbs; fry in hot shortening for several minutes on each side until browned.', 'Serve on buns.']","[""egg"", ""pickle relish"", ""tuna"", ""tuna liquid"", ""mustard"", ""bread crumbs""]",www.cookbooks.com/Recipe-Details.aspx?id=1008293,main,619.3,4.0,4.0,directions suggest serving 4 patties on buns,154.8,False,30.4,2.0,2.2,72.8,513534.0,False,True,False,False,True,True,True,True,True,False,True,True,True,True,True,True,False,False,True
Tuna Patties,"['170.1 g canned tuna, drained and flaked', '27.0 g breadcrumbs', '40.2 g finely chopped onion', '48.0 g pimiento', '1 large egg (50.0 g)', '10.7 g Worcestershire sauce', '1.5 g salt', '9.1 g canola oil']","['Combine the tuna, bread crumbs, scallions, piemientos, egg, Worcestershire sauce, and salt in a medium bowl.', 'Shape into 4 patties about 4 inches in diameter.', 'Heat oil in a large nonstick skillet then add patties.', 'Cook until golden brown and cooked through, about 4 minutes on each side.']","[""pimiento"", ""egg"", ""tuna"", ""onion"", ""canola oil"", ""breadcrumbs"", ""worcestershire sauce"", ""salt""]",www.food.com/recipe/tuna-patties-158983,main,849.8,4.0,4.0,"The recipe yields 4 patties and the ingredients list doesn't suggest any scaling up or down. Each patty is expected to serve one person, making 4 servings appropriate.",212.4,False,20.7,5.7,4.1,67.5,1184652.0,False,True,False,False,True,True,True,True,True,True,True,True,True,True,True,True,False,False,True
Tuna Patties,"['340.2 g tuna in water', '24.3 g quick-cooking oats', '46.2 g onion powder', '22.1 g garlic powder', '31.8 g pepper', '84.2 g salt', '2 egg whites (100.0 g)', '26.4 g dill weed', '9.1 g olive oil']","['Heat oil in skillet over medium heat.', 'Mix all ingredients together except olive oil.', 'Form into 4 patties.', 'Fry in oil until browned on each side.', 'About 3 minutes per side.']","[""dill weed"", ""pepper"", ""onion powder"", ""water"", ""egg whites"", ""olive oil"", ""garlic"", ""quick-cooking oats"", ""salt""]",www.food.com/recipe/tuna-patties-336014,main,438.0,4.0,4.0,The recipe yields 4 patties and the quantity of tuna (340.2 g) is indicative of a portion size for 4 servings.,109.5,False,58.5,8.1,12.3,90.1,2008618.0,False,True,False,False,True,True,True,True,True,True,True,True,True,True,True,True,False,False,True
Tuna Patties,"['2 eggs, lightly beaten (100.0 g)', '304.8 g condensed cream of mushroom soup, undiluted, divided', '185.4 g milk, divided', '56.0 g stuffing mix', '340.2 g tuna, drained and flaked', '26.9 g butter']","['Preheat oven to 375.', 'In a medium bowl combine drained tuna, seasoning, onion, egg whites and Panko bread crumbs. Mix well and shape into 8 patties.', 'Line baking sheet with aluminum foil and spray with non-stick cooking spray.', 'Place patties on baking sheet and cook for 10 minutes.', 'Meantime make the spicy mayo by mixing mayo, sriracha sauce, and lime juice.', 'Chill in refrigerator.']","[""pepper"", ""onion"", ""egg whites"", ""breadcrumbs"", ""sriracha sauce"", ""mayonnaise"", ""lime juice"", ""cans albacore"", ""ingredients""]",www.food.com/recipe/tuna-patties-509639,main,883.9,8.0,4.0,"Tuna patties recipe doesn't specify the number of servings. However, the ingredients suggest a portion size that would typically serve 4 people. The quantities of tuna, eggs, and other ingredients are moderate and align with a serving size for 4 people.",110.5,False,165.4,107.3,3.9,152.4,1081126.0,True,True,False,False,True,True,False,True,True,True,True,True,True,True,True,True,False,False,True
Tuna Patties,"['2 eggs, lightly beaten (100.0 g)', '11.0 g (10-3/4 ounces) condensed cream of mushroom soup, undiluted, divided', '185.4 g milk, divided', '56.0 g stuffing mix', '171.0 g (12 ounces) tuna, drained and flaked', '26.9 g butter']","['In a large bowl, combine the eggs, a third of the soup and 1/4 cup milk.', 'Stir in stuffing mix and tuna. Shape into eight patties.', 'In a large skillet, brown patties in butter for 3-4 minutes on each side or until heated through.', 'Meanwhile, in a small saucepan, heat remaining soup and milk.', 'Serve with patties.']","[""stuffing mix"", ""condensed cream"", ""tuna"", ""eggs"", ""milk"", ""butter""]",www.tasteofhome.com/recipes/tuna-patties/,main,796.6,8.0,4.0,"The recipe uses eggs, which are commonly used to serve around 3-4 people, and the other ingredients are relatively small portions.",99.6,False,145.4,106.1,1.9,109.0,1535217.0,True,True,False,False,True,True,False,True,True,True,True,True,True,True,True,True,False,False,True
Tuna Patties,"['170.1 g tuna in water', '1/2 onion, chopped (55.0 g)', '1 large potato, baked (299.0 g)', '1 egg (50.0 g)', 'salt and pepper', 'breadcrumbs']","['Drain tuna.', 'Remove the skin from the potato and break it up with a fork.', 'Mix tuna with onion, egg and potatoe.', 'Add a little salt and pepper.', 'Shape into medium sized patties.', 'Pour bread crumbs into a dish and roll patties in bread crumbs.', 'Deep fry in hot oil until browned Serve with ketchup.']","[""egg"", ""potato"", ""tuna"", ""onion"", ""breadcrumbs"", ""salt""]",www.food.com/recipe/tuna-patties-11372,main,323.7,1.0,3.0,"The recipe uses 170.1g of tuna, which is commonly considered a portion size for one serving, suggesting this recipe is best suited for 3 to 4 servings.",323.7,True,53.5,4.6,42.2,30.0,1147684.0,False,True,False,False,True,True,True,True,True,True,True,True,True,True,True,True,False,False,True
Tuna Patties,"['340.2 g albacore tuna, drained', '1 small onion, minced (70.0 g)', '1/4 sweet red pepper, diced (29.8 g)', '2.0 g dried chives', '1.6 g onion powder', '0.8 g garlic powder', '3.0 g sea salt', '0.6 g black pepper', '0.6 g paprika', '0.1 g dried parsley', '0.1 g dried thyme', '0.6 g dried dill', '0.3 g caraway seed', '0.1 g dried rosemary', '1 egg (50.0 g)', '162.0 g plain breadcrumbs, divided', '20.37 g olive oil']","['In a mixing bowl, combine chives, onion powder, garlic powder, sea salt, black pepper, paprika, parsley, thyme, dill, caraway seed and rosemary. Use a fork to crush the herbs and blend them together.', 'Add in onion and pepper and stir again.', 'Add tuna and egg and stir well.', 'Add approximately 3/4 c breadcrumbs and stir. Add more if needed to bind the mixture well.', 'Put remaining breadcrumbs in a shallow plate.', 'Heat olive oil in a large pan over medium heat.', 'Form tuna mixture into 4 patties. Coat both sides in breadcrumbs and add to pan.', 'Cook until browned, about 3-4 minutes each side.']","[""egg"", ""cans albacore tuna"", ""black pepper"", ""caraway seed"", ""onion powder"", ""onion"", ""rosemary"", ""breadcrumbs"", ""garlic powder"", ""thyme"", ""dill"", ""parsley"", ""paprika"", ""sweet red pepper"", ""chives"", ""olive oil"", ""salt""]",www.food.com/recipe/tuna-patties-325091,main,835.7,4.0,4.0,Tuna patties recipe yields 4 servings as stated in the directions and the ingredients list doesn't suggest a different serving size.,208.9,False,81.5,12.8,17.3,140.1,994604.0,False,True,False,False,True,True,True,True,True,True,True,True,True,True,True,True,False,False,True
Tuna Patties,"['171.0 g tuna', '305.0 g cream of chicken soup', '1 chopped onion (110.0 g)', '1 egg (50.0 g)', 'bread crumbs']","['Mix all ingredients together.', 'Add just enough soup to make moist.', 'Form patties and roll in bread crumbs.', 'Spray Pam on both sides.', 'Bake until brown.', 'You may also brown these in a skillet on top of the stove.', 'Just spray Pam in skillet as directed.']","[""cream of chicken soup"", ""egg"", ""tuna"", ""onion"", ""bread crumbs""]",www.cookbooks.com/Recipe-Details.aspx?id=707085,main,728.6,1.0,2.0,"Tuna patties recipe doesn't specify the number of servings. Based on the ingredients, it seems like a portion for 2 people.",728.6,True,32.7,6.6,1.9,72.3,33645.0,False,True,False,False,True,True,False,True,True,True,True,True,True,True,True,False,False,False,True
Tuna Patties,"['1 (15 oz.) can tuna (171.0 g)', '1.0 g dried parsley', '15.2 g lemon juice', '1/2 onion, chopped (55.0 g)', '2 eggs (100.0 g)', '28.4 g wheat germ', 'salt and pepper to taste', '66.0 g wheat flour', 'oil']","['Drain and flake fish.', 'Add all ingredients except flour and oil.', '(More wheat germ may be added if mixture is too wet.)', 'Form into six 2-inch patties.', 'Roll in flour and fry in a small amount oil (approximately 1/2 inch in skillet).', 'Drain.']","[""oil"", ""lemon juice"", ""germ"", ""tuna"", ""eggs"", ""onion"", ""flour"", ""parsley"", ""salt""]",www.cookbooks.com/Recipe-Details.aspx?id=913919,main,833.8,6.0,3.0,"The recipe yields 6 to 8 servings, but considering the main ingredients such as tuna, eggs, and wheat germ, it seems appropriate to estimate for around 3 servings.",139.0,False,71.3,4.0,13.4,101.5,854094.0,False,True,False,False,True,True,True,True,True,True,True,True,True,True,True,True,False,False,True
Tuna Patties,"['241.9 g egg substitute', '171.0 g tuna, drained and flaked', '61.0 g diced tomato', '19.8 g onion, chopped', '28.8 g self-rising flour', '0.2 g parsley flakes', '298.0 g small mushrooms, drained', 'dash of black pepper']","['Combine ingredients in a bowl.', 'Mix thoroughly.', 'Add 1 1/2 tablespoons of water if mixture seems dry.', 'Make patties.']","[""egg substitute"", ""tomato"", ""black pepper"", ""tuna"", ""onion"", ""parsley flakes"", ""mushrooms"", ""flour""]",www.cookbooks.com/Recipe-Details.aspx?id=337359,main,543.6,1.0,4.0,"The recipe involves flaked tuna, which is typically used for serving 4-6 people, and the combination of ingredients suggests a portion size suitable for 4 servings.",543.6,True,48.8,7.7,13.2,164.4,848802.0,False,True,False,False,True,True,True,True,True,True,True,True,True,True,True,True,False,False,True
Tuna Patties,"['342.0 g tuna drained, finely flaked', '108.0 g bread crumbs soft', '60.0 g celery chopped', '25.0 g scallions, spring or green onions chopped', '3 each eggs well beaten (150.0 g)', '50.3 g vegetable shortening', '12.3 g scallions, spring or green onions chopped', '13.5 g butter', '120.6 g sour cream', '15.2 g lemon juice']","['Mix ingredients, except shortening, together and form into patties.', 'Melt shortening in heavy skillet and saute the patties until golden brown.', 'Drain on absorbent paper.', 'Serve hot with sauce or chill for several hours or overnight and serve cold with sour cream sauce.']","[""sour cream"", ""lemon juice"", ""scallions"", ""tuna"", ""eggs"", ""celery"", ""vegetable shortening"", ""bread crumbs soft"", ""butter""]",recipeland.com/recipe/v/tuna-patties-43610,main,2118.9,4.0,3.0,"Given that we have 6 distinct main ingredients, it's common to assume that the recipe serves around 3 to 4 people.",529.7,True,90.6,13.7,6.8,170.4,1958639.0,False,True,False,False,True,True,False,True,False,True,True,True,True,True,True,True,False,False,True
Tuna Patties,"['711.0 g (5 Oz. Can) Tuna Fish In Water, Drained Well', '52.3 g Cornmeal', '2 whole Eggs, Beaten (100.0 g)', '1/2 stalks Celery, Finely Chopped (20.0 g)', '5.1 g Lemon Juice', '1.6 g Garlic Powder', '3.1 g Red Pepper', '2.0 g Cumin', '13.6 g Olive Oil']","['Combine all ingredients (except oil) into one bowl, season to taste and mix very well.', 'Form into patties (I got 10 patties out of 3 cans, but it depends on how big you decide to make them).', 'Heat oil in a large frying pan on medium heat.', 'Place 4 patties in the oil and cook until theyre golden and slightly crispy.', 'Flip patties and do the same for the other side.', 'Continue with the rest of the patties until finished.', 'Side note: Make sure to drain the tuna super well.', 'When forming the patties, some more juice may come out. Just squeeze it out and continue forming the patties.']","[""cumin"", ""lemon juice"", ""eggs"", ""stalks celery"", ""red pepper"", ""water"", ""cornmeal"", ""garlic"", ""olive oil""]",tastykitchen.com/recipes/main-courses/tuna-patties/,main,7667.3,10.0,10.0,"The recipe yields 10 patties from 3 cans of tuna, and each patty is assumed to be a single serving. This aligns with the typical portion size and the yield mentioned.",766.7,False,41.8,2.0,5.6,53.8,2147862.0,True,True,False,False,True,True,True,True,False,True,True,True,True,True,True,True,False,False,True
Chocolate Truffle Pie,"['116.0 g ground Amaretto di Saronna cookie crumbs', '240.0 g ground graham cracker crumbs', '107.7 g melted polyunsaturated margarine', '8.3 g unflavored gelatin', '29.6 g cold water', '164.8 g low-fat milk', '76.2 g nonfat dry milk powder', '226.8 g semisweet chocolate chips', ""54.0 g confectioners' sugar, plus 1 1/2 teaspoons for garnish"", '2.1 g pure vanilla extract', '73.7 g Amaretto di Saronna liqueur', '84.8 g unsweetened cocoa powder', '307.5 g part-skim ricotta cheese, pureed until smooth in a blender']","['Preheat the oven to 325 degrees.', 'Combine all the ingredients in a medium-size bowl and mix well.', 'Empty the mixture into an 8 1/2-inch heart-shaped tart form set on a large baking sheet.', 'Press the crumbs against the bottom and sides of the form to make an even layer, then refrigerate the crust 15 minutes.', 'Bake the crust 15 minutes or until crisp and dry.', 'Cool thoroughly then fill with the chocolate truffle cream.']","[""nonfat dry milk"", ""unflavored gelatin"", ""vanilla"", ""low-fat milk"", ""graham cracker crumbs"", ""cold water"", ""cocoa"", ""margarine"", ""ricotta cheese"", ""confectioners"", ""ground amaretto di saronna cookie crumbs"", ""chocolate chips"", ""saronna""]",cooking.nytimes.com/recipes/10690,dessert,14650.2,16.0,4.0,"The pie is substantial and filled entirely, suggesting it serves fewer people. The crust alone is substantial, indicating a smaller portion size.",915.6,True,679.8,517.1,38.5,104.5,1803122.0,False,True,True,True,True,True,False,True,True,True,True,True,True,True,False,False,False,False,False
Chocolate Truffle Pie,"['480.0 g semisweet chocolate morsels', '363.6 g whipping cream, divided', '33.6 g powdered sugar', '12.8 g vanilla extract', '1 (9 inch) chocolate cookie pie crust (182.0 g)']","['In a microwave-safe dish, combine chocolate morsels and 1/2 cup cream; cook on HIGH for 1-2 minutes stirring every 30 seconds until smooth.', 'Cool to room temperature.', 'Stir in sugar and vanilla; set aside.', 'In a small mixing bowl, beat remaining cream until soft peaks form.', 'Beat in chocolate mixture on high, one-third at a time; mix well.', 'Spoon into crust.', 'Refrigerate for at least 3 hours.']","[""vanilla"", ""semisweet chocolate"", ""powdered sugar"", ""chocolate cookie pie crust"", ""whipping cream""]",www.food.com/recipe/chocolate-truffle-pie-33361,dessert,4090.4,14.0,6.0,"The pie uses a pre-made crust and the main ingredients such as chocolate and cream suggest it is meant for a larger portion size, fitting around 6 to 8 servings.",292.2,True,462.5,343.2,31.3,52.2,1215056.0,False,True,True,True,True,True,False,True,True,True,True,True,True,True,True,True,False,True,True
Chocolate Truffle Pie,"['20 graham crackers (560.0 g)', '26.6 g granulated sugar', '80.8 g unsalted butter, melted', '159.0 g heavy cream', '170.1 g bittersweet chocolate, chopped', '170.1 g bittersweet chocolate, chopped', '357.8 g heavy cream, divided', '2.1 g vanilla extract', '238.6 g heavy cream', ""54.0 g confectioners' sugar"", 'chocolate shavings (optional)']","['For the crust: Preheat oven to 375F', 'In the bowl of a food processor, pulse graham crackers and sugar until finely ground.', 'Add melted butter and pulse until mixture is moistened.', 'Press into the bottom and up the sides of a 9-inch pie dish.', 'Bake for 7 minutes.', 'Place pie dish on a cooling rack and let cool completely.', 'For the truffle filling: In a small saucepan set over medium heat bring the cream just to a simmer.', 'Place chocolate in a medium bowl and pour hot cream over chocolate.', 'Let stand for 1 minute then whisk until smooth.', 'Spread filling over the bottom of cooled crust.', 'Freeze for 20 minutes, or until firm.', 'For the whipped chocolate filling: Place chocolate, 1/2 cup of the cream, and vanilla in a microwave-safe bowl.', 'Microwave in 20-second bursts, stirring between each burst, until chocolate is melted and mixture is smooth.', 'Do not overheat.', 'Let cool to room temperature.', 'In the bowl of an electric mixer beat the remaining 1 cup cream on medium speed until thick.', 'Add chocolate mixture and beat until soft peaks form.', 'Spread the whipped chocolate mixture over truffle filing in crust.', 'Refrigerate overnight.', 'For the whipped cream topping: Before serving, beat cream on medium speed until it begins to thicken.', ""Add confectioners' sugar and whip until stiff peaks form."", 'Spread whipped cream over top of pie.', 'Garnish with chocolate shavings and serve.']","[""sugar"", ""bittersweet chocolate"", ""vanilla"", ""heavy cream"", ""crackers"", ""chocolate shavings"", ""unsalted butter""]",www.food.com/recipe/chocolate-truffle-pie-480527,dessert,7565.5,25.0,4.0,"The Chocolate Truffle Pie involves multiple layers including a crust, a filling, and a whipped cream topping. Each layer is substantial and requires a significant amount of ingredients, suggesting a larger serving size.",302.6,True,734.6,406.8,37.8,74.6,1803141.0,False,True,True,True,True,True,False,True,True,True,True,True,True,True,True,True,False,True,True
Chocolate Truffle Pie,"[""283.5 g BAKER'S Semi-Sweet Chocolate, broken into pieces"", '121.2 g whipping cream', '4 eggs (200.0 g)', '108.0 g sugar', '28.8 g flour', '75.0 g thawed COOL WHIP Whipped Topping']","['Heat oven to 325F.', 'Microwave chocolate and cream in microwaveable bowl on HIGH 2 min. or until chocolate is almost melted; stir until completely melted.', 'Cool.', 'Whisk in eggs, sugar and flour.', 'Pour into 9-inch pie plate sprayed with cooking spray.', 'Bake 35 min. or until edge of pie is puffed but center is still slightly soft; cool.', 'Serve topped with COOL WHIP.']","[""sugar"", ""eggs"", ""chocolate"", ""flour"", ""whipping cream""]",www.kraftrecipes.com/recipes/chocolate-truffle-pie-70055.aspx,dessert,1299.3,9.0,6.0,The recipe yields 6 servings as stated in the directions and all ingredients seem suitable for this quantity.,144.4,True,319.0,266.0,16.4,120.2,1723261.0,False,True,False,True,True,True,False,True,True,True,True,True,True,True,True,True,False,True,False
Chocolate Truffle Pie,"['170.1 g pkg. chocolate chips', '226.8 g pkg. cream cheese, soft', '54.7 g butter, softened', '54.5 g triple sec liqueur', '4.3 g vanilla', '33.6 g powdered sugar', '325.1 g strawberries, sliced', 'graham pie shell', 'whipped topping']","['Combine chocolate chips, cream cheese, and butter in microwave safe bowl.', 'Melt on 100% power for 30 seconds, then stir.', 'Repeat until smooth.', 'Stir in vanilla, triple sec and powdered sugar. Pour into pie shell.', 'Chill 6 hours or overnight.', 'Spoon sliced strawberries on top of pie and top with whipped toppings.']","[""vanilla"", ""powdered sugar"", ""topping"", ""cream cheese"", ""graham pie shell"", ""strawberries"", ""chocolate chips"", ""butter"", ""triple sec liqueur""]",www.cookbooks.com/Recipe-Details.aspx?id=108316,dessert,2420.1,8.0,4.0,"The pie is primarily made up of chocolate chips, cream cheese, and other ingredients that suggest it would be best served in portions rather than as a full pie. The sliced strawberries and whipped toppings indicate that it would be more appropriate to serve it in smaller portions.",302.5,True,200.9,143.4,9.1,23.4,233774.0,False,True,True,True,True,True,False,True,True,True,True,True,True,True,False,True,False,True,False
Chocolate Truffle Pie,"['240.0 g chocolate wafer crumbs', '54.6 g butter or margarine, melted', '474.7 g chocolate ice cream, softened', '170.1 g semi-sweet chocolate chips', '80.8 g whipping cream', '474.7 g vanilla ice cream, softened', '11.7 g slivered almonds, toasted', '283.5 g raspberries, thawed', '8.0 g cornstarch']","['In a bowl, combine wafer crumbs and butter.', 'Press onto the bottom and up the sides of a 9-inch pie plate coated with nonstick cooking spray.', 'Freeze for 30 minutes.', 'Spread chocolate ice cream over crust; freeze for 1 hour or until firm.']","[""slivered almonds"", ""chocolate wafer crumbs"", ""chocolate ice cream"", ""cornstarch"", ""raspberries"", ""vanilla ice cream"", ""butter"", ""semi-sweet chocolate chips"", ""whipping cream""]",www.cookbooks.com/Recipe-Details.aspx?id=122882,dessert,6710.2,22.0,6.0,"The recipe primarily focuses on the chocolate ice cream filling, which is substantial and serves as the main component of the dessert. This aligns well with a serving size of 6 to 8, with the ice cream being the key element.",305.0,True,644.1,508.6,61.8,45.8,211827.0,True,True,True,True,True,True,False,False,True,True,True,True,True,True,True,True,False,True,False
Chocolate Truffle Pie,"['360.0 g chocolate wafer crumbs', '54.6 g margarine melted', '39.9 g sugar granulated', '540.0 g gelatin, unflavored unflavored', '120.0 g water', '85.0 g chocolate unsweetened unsweetened, squares, melted and cooled', '396.9 g milk, sweetened condensed fat-free', '4.3 g vanilla extract', '150.0 g whipped topping, prepared thawed']","['To prepare crust, combine crumbs, margarine, and sugar in a mixing bowl.', 'Press mixture firmly in a 9 inch pie pan.', 'Spread crumb mixture evenly in pie pan.', 'Chill 1 hour, or until firm.', 'Or, bake in a 375 oven for 10 minutes or until edges are brown.', 'Cool on rack before filling.', 'To prepare filling, combine gelatin and water in a saucepan.', 'Let stand one minute.', 'Over low heat, stir until gelatin is completely dissolved.', 'Cool.', 'In a mixing bowl, combine chocolate, sweetened condensed milk, gelatin mixture, and vanilla extract.', 'Mix well.', 'Fold in whipped topping.', 'Pour into crust.', 'Chill three hours or until set.']","[""sugar"", ""vanilla"", ""gelatin"", ""whipped topping"", ""chocolate wafer crumbs"", ""water"", ""chocolate"", ""margarine"", ""milk""]",recipeland.com/recipe/v/chocolate-truffle-pie-45012,dessert,2785.0,12.0,6.0,"Directions mention chilling the crust for an hour and then pouring the filling over it, followed by chilling for three hours. This process aligns with a single serving dish rather than multiple smaller portions.",232.1,True,1033.4,961.9,24.5,95.7,2207349.0,True,True,True,True,True,True,False,True,True,True,True,True,True,True,False,False,False,False,False
Salmon Roll,"['450.0 g red salmon', '15.0 g horseradish', '15.2 g lemon juice', '13.5 g liquid smoke', '226.8 g cream cheese']","['Mix all ingredients together until smooth.', 'Roll in chopped walnuts and parsley.', 'Roll in foil or Saran Wrap.', 'Chill well so they slice easily for your appetizer tray.']","[""lemon juice"", ""liquid smoke"", ""horseradish"", ""cream cheese"", ""red salmon""]",www.cookbooks.com/Recipe-Details.aspx?id=304773,main,1722.2,3.0,3.0,"The main ingredient, 450.0 g red salmon, is indicative of a portion size for 3 to 4 servings.",574.1,True,15.3,10.1,0.5,124.4,195290.0,True,True,True,False,True,True,False,True,True,True,True,True,True,True,True,True,False,False,True
Salmon Roll,"['453.6 g red salmon', '54.5 g chopped pecans', '226.8 g cream cheese, softened', '3.0 g chopped fresh parsley', '2 drops Worcestershire sauce (550.0 g)', 'crackers']","['Combine salmon, cream cheese and liquid smoke or Worcestershire sauce; mix well.', 'Shape into ball or log.', 'Roll in mixture of pecans and parsley.', 'Roll up in plastic wrap or wax paper.', 'Chill to blend flavors.', 'Serve with crackers.']","[""liquid smoke"", ""crackers"", ""pecans"", ""cream cheese"", ""parsley"", ""red salmon""]",www.cookbooks.com/Recipe-Details.aspx?id=518711,main,902.4,3.0,4.0,The recipe uses 453.6g of salmon which is commonly used for 4 servings.,300.8,True,125.9,65.7,5.3,130.2,538722.0,False,True,True,False,True,True,False,False,True,True,True,True,True,True,True,True,False,False,True
Salmon Roll,"['315.0 g salmon, drained and bones removed', '1 small onion, grated (70.0 g)', '226.8 g sour cream', '109.0 g finely chopped pecans']","['Mix salmon, onion and sour cream and form into ball.', 'Roll in the pecans.', 'Chill and serve with crackers.']","[""salmon"", ""pecans"", ""sour cream"", ""onion""]",www.cookbooks.com/Recipe-Details.aspx?id=24717,main,1653.7,3.0,3.0,"The main ingredient, 315.0 g of salmon, is commonly used for 3 to 4 servings.",551.2,True,32.2,15.0,11.7,89.1,420028.0,True,True,True,False,True,True,False,False,True,True,True,True,True,True,True,True,False,False,True
Salmon Roll,"['315.0 g pink salmon, boned', '1 (8 oz.) cream cheese (28.0 g)', '13.6 g mayonnaise', '9.9 g dry onion flakes', '15.2 g lemon juice', 'garlic salt']","['Mix together well.', 'Cover top with chopped pecans.', 'Serve with Ritz crackers.']","[""lemon juice"", ""onion"", ""cream cheese"", ""pink salmon"", ""mayonnaise"", ""garlic""]",www.cookbooks.com/Recipe-Details.aspx?id=1015113,main,630.0,1.0,3.0,"The main ingredient is listed as 315.0 g pink salmon, which is typically sufficient for about 3-4 servings.",630.0,True,3.6,1.9,0.2,74.8,720851.0,True,True,False,False,True,True,False,True,True,True,True,True,True,True,True,True,False,False,True
Salmon Roll,"['230.0 g flour', '53.2 g baking powder', '18.0 g salt', '68.0 g shortening', '216.3 g milk']","['Sift flour with baking powder and 1 tsp salt into bowl.', 'Cut in shortening until fine crumbs are formed.', 'Add milk and stir with a fork to make a soft dough.', 'Turn dough onto lightly floured surface, knead gently for 8-10 times.', 'Roll into a 10 x', '12 inch rectangle.']","[""baking powder"", ""shortening"", ""flour"", ""milk"", ""salt""]",www.cookbooks.com/Recipe-Details.aspx?id=99718,main,1725.1,3.0,1.0,"Directions do not indicate any cooking or serving process, suggesting a single serving.",575.0,True,313.7,121.6,7.4,43.4,685040.0,False,True,True,True,True,True,False,True,True,True,True,True,True,True,True,True,False,True,True
Salmon Roll,"['418.2 g pink salmon', '1 medium onion (110.0 g)', '1 sheet of peppridge farm puff pastry (Found in the frozen pie crusts section) (245.0 g)', '0.79 g garlic powder (optional)', '1.13 g black pepper (optional)', '283.5 g frozen chopped spinach (optional)']","['place your puff pastry on the counter for about 30 mins until thawed out.', 'preheat oven to 375 degrees.', 'debone your salmon.', 'chop onion (I use a food processor).', 'mix onion, salmon & seasonings.', 'spread your salmon mixture on top of the thawed out puff pastry.', 'if you chose to add spinach, put it on top of the salmon mix.', 'roll the pastry until the end when you have a ""log"".', 'pinch the ends so nothing leaks out.', 'use glass or aluminum oven safe pan and place in oven for about 30 minutes or until golden brown.', 'slice and enjoy!']","[""black pepper"", ""pastry"", ""onion"", ""pink salmon"", ""garlic""]",www.food.com/recipe/salmon-roll-275427,main,1411.1,3.0,3.0,"The primary ingredient, pink salmon, weighs approximately 418.2 grams and is commonly used for serving 3 to 4 people.",470.4,True,120.8,6.5,5.5,115.7,2059592.0,False,True,True,False,True,True,True,True,True,True,True,True,True,True,True,True,False,False,True
Salmon Roll,"['439.4 g pink salmon, drained', '226.8 g cream cheese, softened', '15.2 g lemon juice', '6.6 g minced onion', '5.0 g prepared horseradish', '2.3 g chopped jalapeno pepper', '2.2 g liquid smoke', '109.0 g chopped pecans, very fine', '4.0 g fresh parsley, chopped very fine']","['Combine salmon and cream cheese, mixing well.', 'Stir in remaining ingredients, except pecans and parsley.', 'Chill well. Shape into 12-inch long log and roll in pecans and parsley. Roll up in foil or plastic wrap.', 'Chill well.', 'Serve with assorted crackers.']","[""lemon juice"", ""fresh parsley"", ""liquid smoke"", ""horseradish"", ""onion"", ""pecans"", ""cream cheese"", ""pink salmon"", ""jalapeno pepper""]",www.cookbooks.com/Recipe-Details.aspx?id=662570,main,864.6,4.0,4.0,Salmon roll recipe uses 439.4g of pink salmon which is typically sufficient for 4 servings.,216.2,True,31.6,14.0,11.5,126.0,765718.0,True,True,True,False,True,True,False,False,True,True,True,True,True,True,True,True,False,False,True
Salmon Roll,"['1 large can salmon', '113.4 g cream cheese', '1.1 g liquid smoke', '9.9 g onion juice', '15.0 g white horseradish', '54.5 g chopped pecans', '8.1 g chopped parsley']","['Break salmon apart and drain.', 'Stir in first 5 ingredients. Shape', 'into a roll or ball.', 'Chill several hours.', 'Roll in parsley and pecans.', 'Serve with crackers.']","[""onion juice"", ""liquid smoke"", ""salmon"", ""pecans"", ""cream cheese"", ""parsley"", ""white horseradish""]",www.cookbooks.com/Recipe-Details.aspx?id=590112,main,778.5,2.0,2.0,"The recipe mentions 'chill several hours' which suggests a single serving preparation, and the ingredients list doesn't indicate multiple servings.",389.2,True,17.0,8.1,6.2,12.5,306190.0,True,True,True,False,True,True,False,False,True,True,True,True,True,True,True,True,False,False,True
Sticky Buns,"['2 loaves frozen white bread dough, thawed (50.0 g)', '1 stick butter or oleo (113.0 g)', '1 large pkg. vanilla pudding mix (not instant)', '30.5 g milk', '240.0 g chopped nuts', '5.5 g cinnamon', '173.3 g brown sugar']","['Grease 9 x 13-inch pan.', '(Can use Pam.)', 'Sprinkle nuts in pan. Cut each thawed loaf into 12 or 14 pieces.', 'Fill pan with single layer.', ""Heat together all other ingredients (don't boil); pour over dough."", 'Let rise in refrigerator overnight.', 'Bake in preheated oven at 350°, for 30 minutes.', 'Cool, then invert to serve.']","[""bread"", ""vanilla pudding mix"", ""brown sugar"", ""cinnamon"", ""nuts"", ""milk"", ""butter""]",www.cookbooks.com/Recipe-Details.aspx?id=246707,dessert,2878.1,10.0,4.0,"The recipe uses 2 loaves of thawed bread dough, which is commonly used for serving 4-6 people. The other ingredients are quantities that are generally consistent across multiple servings and the directions suggest a portion size that would be suitable for 4-6 servings.",287.8,True,249.6,193.6,23.6,44.7,857157.0,False,True,True,True,True,True,False,True,True,True,True,True,True,True,True,True,False,True,True
Sticky Buns,"['40.4 g plus 4.49 g melted margarine', '17.5 g honey', '41.2 g plus 10.17 g raisins', '283.5 g refrigerated biscuits', '21.4 g brown sugar']","['Preheat oven to 350°.', 'Mix margarine, honey and brown sugar in bottom of a 9-inch pie pan.', 'Mix well and spread evenly in pan. Sprinkle raisins evenly over margarine mixture.', 'Arrange biscuits in pan.', 'Bake 20 minutes or until brown.', 'Remove from oven and let sit 1 minute.', 'Invert onto serving plate and serve warm.']","[""brown sugar"", ""raisins"", ""refrigerated biscuits"", ""margarine"", ""honey""]",www.cookbooks.com/Recipe-Details.aspx?id=147185,dessert,1963.5,7.0,7.0,"Considering the quantities of ingredients and the typical serving sizes for such a baked good, I estimate that this recipe serves approximately 6 to 8 people.",280.5,True,268.2,95.2,12.8,21.1,723361.0,False,True,True,True,True,True,False,True,True,True,True,True,True,True,True,True,False,True,True
Sticky Buns,"['120.0 g Bisquick mix', '82.4 g milk', '26.9 g butter, melted', '54.0 g sugar', '8.3 g cinnamon', '26.9 g butter, softened', '21.4 g brown sugar', '29.2 g walnuts']","['Make soft dough.', 'Roll out in 8-inch squares.', 'Brush with melted butter.', 'Mix sugar and cinnamon and sprinkle on dough. Roll up and cut in 1-inch pieces.', 'Combine butter and brown sugar in 8-inch dish.', 'Spread/scatter nuts over mixture.', 'Arrange rolls on top.', 'Microwave 6 minutes and invert.']","[""bisquick mix"", ""sugar"", ""brown sugar"", ""cinnamon"", ""walnuts"", ""milk"", ""butter""]",www.cookbooks.com/Recipe-Details.aspx?id=403977,dessert,1388.6,5.0,6.0,directions suggest this kind of pan which is fitting for a 3 servings recipe,277.7,True,214.5,126.5,9.4,20.8,728192.0,False,True,True,True,True,True,False,False,True,True,True,True,True,True,True,True,False,True,True
Sticky Buns,"[""25 oz. frozen dinner rolls (don't thaw) (30.0 g)"", '109.0 g chopped pecans', '85.0 g vanilla pudding (not instant)', '130.0 g brown sugar', '5.5 g cinnamon', '1 stick melted butter (113.0 g)']","['Sprinkle pecans in Bundt or streusel pan; arrange rolls over pecans.', 'Sprinkle pudding mix, brown sugar and cinnamon over rolls.', 'Drizzle butter over all.', 'Cover and let sit on counter overnight (at least 6 hours).', 'Bake at 350° for 20 to 25 minutes. Let sit 5 minutes and then invert on serving plate.']","[""brown sugar"", ""cinnamon"", ""pecans"", ""frozen dinner rolls"", ""vanilla pudding"", ""butter""]",www.cookbooks.com/Recipe-Details.aspx?id=268501,dessert,4923.4,16.0,2.0,"The main ingredient, frozen dinner rolls, is sufficient for 2 to 3 people, making this a conservative estimate.",307.7,True,242.7,202.6,14.8,14.6,836918.0,False,True,True,True,True,True,False,False,True,True,True,True,True,True,True,True,False,True,True
Sticky Buns,"['2 loaves frozen bread dough (50.0 g)', '368.0 g butterscotch pudding (cooking kind)', '115.5 g brown sugar', '5.5 g cinnamon', '1 stick margarine (113.0 g)']","['Defrost bread.', 'Combine pudding mix, cinnamon and brown sugar. Mix well.', 'Cut bread into small 2-inch balls.', 'Place some of mixture in bottom of Bundt pan.', 'Then a layer of bread balls, mixture and bread balls.', 'Layer until all gone.']","[""butterscotch pudding"", ""brown sugar"", ""cinnamon"", ""margarine"", ""bread dough""]",www.cookbooks.com/Recipe-Details.aspx?id=444621,dessert,4020.4,13.0,3.0,"The recipe uses a significant amount of ingredients including pudding, sugar, and cinnamon, and the bundt pan structure suggests a portion size suitable for a smaller number of servings, likely around 3 to 4 servings.",309.3,True,141.6,114.9,7.5,8.8,9133.0,False,True,True,True,True,True,False,True,True,True,True,True,True,True,True,True,False,True,False
Sticky Buns,"['240.0 g hot water', '287.5 g flour', '9.4 g yeast', '108.0 g sugar', '1 egg (50.0 g)', '9.0 g melted butter', '6.0 g vital gluten', '27.3 g margarine', '54.0 g cinnamon sugar', '134.4 g powdered sugar', '29.0 g cream cheese', '30.9 g milk']","['Add flour, water, butter, sugar, egg, yeast and gluten into bream machine and start it on dough setting.', 'Run hot bath and pour cup of coffee and relax for 90 minutes', 'When dough cycle ends, roll dough out on floured surface to 1/4 inch thick.', 'Spread dough with margarine.', 'Sprinkle cin/sugar mixture over butter and roll the dough.', 'Slice the roll into 1.5 inch thick slices and place in 2 greased 9 inch cake pans.', 'Set pans aside and let rise for about 40 minutes.', 'Bake at 350F for 30 minutes.', 'Remove & place on plates and cool completely.', 'Glaze.', 'Mix cream cheese, milk and powdered sugar until creamy and desired texture, if to thick, add more milk, if too thin, add more powdered sugar.', 'Drizzle over rolls.']","[""egg"", ""sugar"", ""cinnamon sugar"", ""powdered sugar"", ""water"", ""cream cheese"", ""flour"", ""margarine"", ""yeast"", ""milk"", ""vital gluten"", ""butter""]",www.food.com/recipe/sticky-buns-149225,dessert,2781.1,9.0,6.0,"The recipe yields a substantial amount of rolls, suggesting it could serve multiple people. Given the quantity of ingredients and the typical serving size for such a baked good, it is estimated to serve around 6 to 8 people.",309.0,True,521.7,263.6,37.1,70.0,2035865.0,False,True,False,True,True,True,False,True,True,True,True,True,True,True,True,True,False,True,True
Sticky Buns,"['2 loaves frozen bread (50.0 g)', '109.2 g oleo', '173.3 g brown sugar', '88.0 g vanilla pudding mix (not instant)', '30.5 g milk', 'cinnamon to taste']","['Thaw, but do not let bread raise.', 'Break 1 loaf up in the bottom of greased 9 x 13-inch cake pan.', 'Melt oleo.', 'Then add brown sugar, pudding mix, milk and cinnamon.', 'Mix all together, then pour over broken bread.', 'Break second loaf on top and let rise for 2 1/2 to 3 hours.', 'Bake approximately 30 minutes at 350°.']","[""oleo"", ""bread"", ""brown sugar"", ""cinnamon"", ""vanilla pudding"", ""milk""]",www.cookbooks.com/Recipe-Details.aspx?id=424328,dessert,1579.0,6.0,6.0,"The recipe yields a 9x13 inch cake pan, which is typically used for serving 6-8 people. The ingredients suggest a single loaf of bread, which is usually enough for 2-3 people, but considering the size of the pan and the additional ingredients, it seems appropriate to serve around 6 people.",263.2,True,290.8,257.0,5.1,8.2,358794.0,False,True,True,True,True,True,False,True,True,True,True,True,True,True,True,True,False,True,True
Sticky Buns,"['7.0 g yeast', '240.0 g warm water', '13.3 g sugar', '3.0 g salt', '1 egg (50.0 g)', '13.6 g oil', '345.0 g flour', '86.6 g brown sugar', '120.0 g chopped nuts', 'small amount of pancake syrup', 'cinnamon', '72.0 g white sugar']","['Mix yeast and water.', 'Add sugar, salt, egg and flour.', 'Knead into soft dough.', 'Let rise 30 minutes.', 'Grease large cake pan. Spread with brown sugar, nuts and syrup.', 'Roll dough out in oblong shape 1/4-inch thick.', 'Spread with oil and 1/3 cup white sugar. Sprinkle with cinnamon.', 'Roll up.', 'Slice in 1-inch pieces.', 'Place cut side down in pan.', 'Let rise.', 'Bake at 350° for 20 minutes.']","[""oil"", ""egg"", ""sugar"", ""brown sugar"", ""cinnamon"", ""water"", ""flour"", ""nuts"", ""yeast"", ""amount of pancake syrup"", ""white sugar"", ""salt""]",www.cookbooks.com/Recipe-Details.aspx?id=737428,dessert,3071.9,10.0,6.0,"Directions suggest baking in a large cake pan and slicing into 1-inch pieces, which is typically done for serving 6 to 8 people.",307.2,True,445.1,178.5,17.8,83.3,548075.0,False,True,False,True,True,True,True,True,True,True,True,True,True,True,True,True,False,True,True
Sticky Buns,"['1 roll Bridgeford bread dough (25.0 g)', '1 stick margarine (113.0 g)', '173.3 g brown sugar', '5.5 g cinnamon', 'cherries', 'nuts']","['Cut dough into 4 sections and then break into pieces as you dip into the following mixture.', 'Melt margarine; add sugar and cinnamon.', 'Place cherries and nuts into bottom of angel cake pan. Pour dough into pan.', 'Set oven at 200° and let dough rise for about 1 hour.', 'Bake at 350° until done.']","[""brown sugar"", ""cinnamon"", ""roll bridgeford bread"", ""nuts"", ""cherries"", ""margarine""]",www.cookbooks.com/Recipe-Details.aspx?id=571698,dessert,1541.8,4.0,4.0,"The recipe involves cutting the dough into 4 sections and then breaking it into smaller pieces, suggesting it's meant for a small group of people. Additionally, the directions mention placing cherries and nuts into the bottom of an angel cake pan, which is typically a serving size for a small batch.",385.4,False,187.1,169.5,5.2,3.1,88764.0,False,True,True,True,True,True,False,True,True,True,True,True,True,True,True,True,False,True,True
Sticky Buns,"['2 loaves frozen bread dough (50.0 g)', '173.3 g brown sugar', '242.4 g whipping cream', '218.6 g butter', '109.0 g walnuts/pecans', 'cinnamon and sugar sprinkle mixture']","['Soften loaves of bread.', 'Cut up into 1-inch pieces.', 'Roll into cinnamon and sugar mixture.', 'Place in Pam sprayed Bundt pan, piece by piece.']","[""whipping cream"", ""brown sugar"", ""cinnamon"", ""walnuts"", ""bread dough"", ""butter""]",www.cookbooks.com/Recipe-Details.aspx?id=195757,dessert,3530.7,12.0,6.0,"The recipe mentions 'Place in Pam sprayed Bundt pan, piece by piece.' which suggests it's meant to be baked in individual portions, implying around 6 servings.",294.2,True,220.4,182.7,11.9,38.9,642011.0,False,True,True,True,True,True,False,False,True,True,True,True,True,True,True,True,False,True,True
Sticky Buns,"['26.9 g butter', '43.3 g brown sugar', '13.8 g light corn syrup', '27.2 g broken pecans', '462.0 g refrigerated biscuits (10)']","['Melt butter in an 8 x 1 1/2-inch round pan.', 'Add brown sugar and corn syrup; heat until sugar dissolves.', 'Sprinkle pecans over sugar mixture.', 'Place biscuits atop in a single layer.', 'Bake at 425° for about 15 minutes or until done.', 'Let stand 5 minutes. Invert; serve warm.', 'Makes 10.']","[""brown sugar"", ""pecans"", ""light corn syrup"", ""butter""]",www.cookbooks.com/Recipe-Details.aspx?id=892298,dessert,2895.1,10.0,10.0,directions explicitly state 'Makes 10',289.5,False,382.6,151.6,18.8,35.3,487228.0,False,True,True,True,True,True,False,False,True,True,True,True,True,True,True,True,False,True,False
Sticky Buns,"['7.0 g dry yeast', '247.2 g milk, scalded and cooked', '54.0 g sugar', '5.2 g vinegar', '172.5 g flour', '3.0 g salt', '2 eggs, beaten well (100.0 g)', '55.2 g cooking oil', '172.5 g flour', '54.7 g melted butter', '2.8 g cinnamon', '53.2 g granulated sugar', 'raisins (optional)', '218.6 g melted butter', '130.0 g brown sugar', '29.6 g water', 'pecans']","['Combine yeast, milk, sugar, vinegar and 1 1/2 c. flour; allow to stand until bubbly.', 'Add salt, eggs, oil and second 1 1/2 c. flour.', 'Beat well, let rise until double in size.', 'Roll out 1/2 inch thick and spread with 1/4 c. melted butter, cinnamon, granulated sugar, and raisins if you desire.', 'Roll up and cut into 18 slices.', 'Mix 1 c. melted butter, brown sugar, and water; spread over bottom of pan and sprinkle with pecans.', 'Lay cut slices of dough over the syrup mix, and allow to rise.', 'Bake in 350° oven for 30 to 35 minutes.', 'Invert on cake rack to cool.']","[""vinegar"", ""sugar"", ""eggs"", ""cinnamon"", ""brown sugar"", ""cooking oil"", ""pecans"", ""raisins"", ""water"", ""flour"", ""yeast"", ""milk"", ""butter"", ""salt""]",www.cookbooks.com/Recipe-Details.aspx?id=42969,dessert,5130.0,17.0,6.0,"Directions suggest baking 18 slices of dough, which can be considered as 6 servings per person.",301.8,True,631.7,375.1,11.3,111.2,836246.0,False,True,False,True,True,True,False,False,True,True,True,True,True,True,True,True,False,True,True
Sticky Buns,"['54.6 g margarine', '43.3 g brown sugar', '39.0 g maple-flavored syrup', '1.4 g cinnamon', '55.0 g dried bananas and raisins', '80.0 g chopped nuts', '212.6 g refrigerated biscuits']","['In round baking dish, melt margarine 45 seconds on High.', 'Stir in sugar, syrup and cinnamon.', 'Add fruit and nuts and spread evenly.', 'Arrange biscuits around edge of dish.', 'Cook on High about 3 minutes just until biscuits spring back when pressed.', 'Invert dish on plate and let rest 1 minute, then remove dish.']","[""brown sugar"", ""cinnamon"", ""bananas"", ""refrigerated biscuits"", ""nuts"", ""margarine"", ""maple""]",www.cookbooks.com/Recipe-Details.aspx?id=761353,dessert,2232.9,7.0,6.0,directions suggest serving size,319.0,True,231.3,107.1,15.0,40.3,362380.0,False,True,True,True,True,True,False,True,True,True,True,True,True,True,True,True,False,True,True
Carbonara,"['112.5 g lean bacon', '112.5 g butter', '40.2 g onion, sliced thin', '112.5 g sliced Prosciutto, cut in strips', '73.0 g chicken broth', '1 egg yolk (50.0 g)', '8.1 g parsley, chopped fine', '50.0 g grated Parmesan cheese', '225.0 g spaghetti']","['Cook bacon crisp; crumble into bits and set aside.', 'Drain fat from skillet.', 'Add butter and onion; cook until soft.', 'Stir in Prosciutto.', 'Add chicken broth and bacon.']","[""spaghetti"", ""lean bacon"", ""egg yolk"", ""parmesan cheese"", ""onion"", ""chicken broth"", ""parsley"", ""butter""]",www.cookbooks.com/Recipe-Details.aspx?id=246115,main,2891.9,5.0,4.0,"directions suggest serving 4, no need to estimate",578.4,True,193.2,21.1,8.2,114.6,314468.0,False,True,False,True,True,True,False,True,True,True,True,True,True,True,False,False,False,False,False
Carbonara,"['500.0 g 500 g penne pasta', '84.0 g evaporated milk', '2.3 g paprika', '1 egg yolk, lightly beaten (50.0 g)', '2 eggs, lightly beaten (100.0 g)', '33.3 g grated parmesan cheese, approximately', '4 slices bacon, cut into 3cm strips (32.0 g)']","['In a large pot of boiling, salted water, cook pasta according to packet directions.', 'Drain and keep warm.', 'Combine the evaporated milk and paprika in a small bowl.', 'Set aside.', 'In a separate bowl combine the eggs and cheese.', 'Set aside.', 'Heat the oil in the pot used to cook the pasta, add the bacon and cook over a high heat until done.', 'Remove from heat and add the milk mixture to the bacon.', 'Stir well and set aside.', 'In one pot combine the add the pasta and egg mixture to the bacon/milk mixture.', 'Stir until well combined.', 'Serve immediately.']","[""bacon"", ""egg yolk"", ""eggs"", ""parmesan cheese"", ""milk"", ""paprika""]",www.food.com/recipe/carbonara-382855,main,2519.1,8.0,4.0,The recipe uses 500g of pasta which is typically sufficient for 4 servings.,314.9,True,426.5,60.1,16.8,150.6,2101076.0,False,True,False,True,True,True,False,True,True,True,True,True,True,True,False,False,False,False,False
Carbonara,"['225.0 g slab bacon', '4 eggs (yolks) (200.0 g)', '59.8 g cream', '50.0 g Parmesan cheese', '53.9 g butter', 'salt and pepper to taste', '450.0 g spaghetti, cooked al dente']","['Cut bacon into cubes.', 'Separate eggs.', 'Use whites for another recipe.', 'Slightly beat yolks.', 'Whisk in cream.', 'Add grated cheese and salt.', 'Put bacon and grease into pan and saute until crisp at edges.', 'Pepper it.']","[""bacon"", ""eggs"", ""parmesan cheese"", ""cream"", ""butter"", ""salt""]",www.cookbooks.com/Recipe-Details.aspx?id=462930,main,3891.2,6.0,4.0,"The recipe involves cooking spaghetti, which typically serves around 3-4 people, and the total quantity of ingredients suggests a higher number of servings.",648.5,True,348.7,16.2,14.4,203.7,196724.0,False,True,False,True,True,True,False,True,True,True,True,True,True,True,False,False,False,False,False
Carbonara,"['450.0 g bacon', '4 large eggs (200.0 g)', '1 bunch green onions (110.0 g)', '8 garlic cloves finely chopped (24.0 g)', '1 handful fresh flat leaf parsley chopped (1.0 g)', '450.0 g pasta linguine preferred, De Cecco']","['Boil pot of water with salt to cook pasta.', 'Meanwhile chop bacon and cook in large frying pan.', 'Once bacon is lightly crisped, add garlic, onions, and turn to slightly lower heat.', 'Beat 4 eggs into separate mixing bowl.', 'Once pasta is finished cooking, add it to pan with bacon/onions/garlic and toss at low heat.', 'Immediately begin pouring eggs over while tossing, so that pasta cooks the eggs without scrambling them.', 'Add parsley and continue to toss over low heat for about 5 minutes, then serve.']","[""bacon"", ""green onions"", ""eggs"", ""handful"", ""pasta linguine"", ""garlic""]",www.yummly.com/recipe/Carbonara-1041806,main,4470.1,7.0,5.0,"Carbonara typically serves 4-6 people due to the portion sizes and the amount of ingredients, especially considering the pasta and eggs which are substantial.",638.6,True,356.7,19.6,16.8,218.9,1609838.0,False,True,False,True,True,True,True,True,True,True,True,True,True,True,False,False,False,False,False
Carbonara,"['salt & freshly ground black pepper, to taste', '450.0 g pasta, spaghetti', '55.2 g extra virgin olive oil', '112.5 g pancetta, chopped', '1.8 g red pepper flakes', '5 -6 garlic cloves, chopped (15.0 g)', '118.8 g dry white wine', '2 large egg yolks (100.0 g)', 'freshly grated romano cheese']","['Put a large saucepot of water to boil.', 'Once boiling, add a liberal amount of salt and pasta. Cook to al dente, about 8 minutes.', 'Meanwhile, heat a large skillet over medium heat.', 'Add olive oil and pancetta. Brown pancetta about 2 minutes.', 'Add red pepper flakes and garlic and cook 2 to 3 minutes more.', 'Add wine and stir up all pan drippings.', 'In separate bowl, beat yolks, then add 1 large ladleful (about 1/2 cup)of the pasta cooking water. This tempers the eggs and keeps them from scrambling when added to pasta.', 'Drain pasta well and add directly to skillet with pancetta, garlic and oil.', 'Pour egg mixture over pasta. Toss rapidly to coat the pasta without cooking the egg.', 'Remove from heat and add a big handful of cheese, lots of pepper and a little salt. Continue to toss and turn pasta until soaks up egg mixture and thickens, 1 to 2 minutes.', 'Serve with extra Romano.']","[""romano cheese"", ""extra virgin olive oil"", ""red pepper"", ""pancetta"", ""white wine"", ""garlic"", ""egg yolks"", ""pasta"", ""salt""]",www.food.com/recipe/carbonara-286031,main,3048.3,5.0,3.0,"Given the pasta quantity and the typical serving size for such a dish, I estimate that this recipe serves around 3 to 4 people.",609.7,True,350.2,14.8,15.3,109.3,985485.0,False,True,False,True,True,True,False,True,True,True,True,False,True,True,False,False,False,False,False
Carbonara,"['85.0 g prosciutto, chopped into 1/2 inch pieces', '112.5 g bacon, chopped into 1/2 inch pieces', '4.7 g minced garlic', '1888.6 g heavy cream', '225.0 g asiago cheese, sliced', '112.5 g Fontina cheese, sliced', '112.5 g grated parmesan cheese, plus 49.3 g for garnish', '12.0 g salt', 'fresh ground black pepper', '8.0 g cornstarch', '44.4 g cold water, mixed', '1 egg (50.0 g)', '1 egg yolk (50.0 g)', '40.4 g butter', '450.0 g cooked pasta']","['Cook bacon and proscuitto in medium skillet, untill bacon is done.', 'Stir often.', 'Remove bacon and proscuitto.', 'Drain all but 1 teaspoon of drippings.', 'Cook garlic in drippings 30 seconds over medium heat.', 'In very large 13- 14 inch nonstick skillet, bring cream to simmer.', 'Add Fontina, Asiago, and Parmesan cheeses to cream.', 'Stir occationally with wisk over medium/ low heat, till melted.', 'Mix slurry- corn starch & cold water.', 'Add salt, pepper and slurry to cream mixture, heat through stirring.', 'In medium bowl, beat 1 egg and 1 egg yolk.', 'Dip out 1/4 cup hot cream mixture, mix this gradually into beaten eggs to temper.', 'Wisk egg mixture into cream sauce, mixing well.', 'Heat through.', 'Add butter, stir till melted.', 'Add bacon, procuitto and garlic in drippings.', 'Heat through.', 'Pour over cooked pasta and garnish with Parmesan cheese.']","[""fresh ground black pepper"", ""bacon"", ""egg"", ""salt"", ""egg yolk"", ""heavy cream"", ""parmesan cheese"", ""cold water"", ""cornstarch"", ""cheese"", ""garlic"", ""butter"", ""pasta"", ""asiago cheese""]",www.food.com/recipe/carbonara-376302,main,4790.3,8.0,4.0,"Carbonara is typically a dish that serves 4-6 people. Given the quantities of pasta and cheese, it seems appropriate to serve it for 4 people.",598.8,True,417.5,69.8,14.6,301.7,1740786.0,False,True,False,True,True,True,False,True,True,True,True,True,True,True,False,False,False,False,False
Carbonara,"['4 slices bacon diced (32.0 g)', '1 clove garlic chopped (3.0 g)', '13.6 g olive oil', '0.6 g hot chili peppers flakes', '1 each eggs (50.0 g)', '25.0 g parmesan, parmigiano-reggiano cheese, grated grated', '170.1 g spaghetti']","['Place the bacon and chopped garlic in a large skillet with the olive oil.', 'Add teaspoon he hot peppers.', 'Cook on low heat for 12 to 15 minutes until all fat is rendered and the bacon is browned.', 'Beat the eggs in a bowl with the cheese.', 'Cook the spaghetti in boiling salted water for about 12 minutes.', 'Drain and place in a serving bowl.', 'Quickly spoon over the bacon mixture.', 'Toss.', 'Quickly stir in the eggs and cheese.', 'Add some salt, lots of pepper and toss well.', 'Serve immediately.']","[""spaghetti"", ""hot chili peppers"", ""bacon"", ""eggs"", ""parmesan"", ""garlic"", ""olive oil""]",recipeland.com/recipe/v/carbonara-35549,main,1106.6,2.0,4.0,"The recipe calls for 170.1g of spaghetti, which is typically enough for 3-4 people, and the cooking time and method suggest a single portion serving size.",553.3,True,132.5,5.0,5.7,57.9,1663913.0,False,True,False,True,True,True,False,True,True,True,True,True,True,True,False,False,False,False,False
Carbonara,"['99.2 g pancetta', 'black pepper', '47.2 g unsalted butter', '2 garlic cloves plump, peeled and left whole (6.0 g)', '337.5 g spaghetti De Cecco is very good', '3 large eggs (150.0 g)', '50.0 g Parmesan', '148.2 g pecorino cheese']","['Put a large saucepan of water on to boil.', 'Finely chop the pancetta, having first removed any rind.', 'Finely grate both cheeses and mix them together.', 'Beat the eggs in a medium bowl, season with a little freshly grated black pepper and set everything aside.', 'Add 1 tsp salt to the boiling water, add the spaghetti and when the water comes back to the boil, cook at a constant simmer, covered, for 10 minutes or until al dente (just cooked).', 'Squash the garlic with the blade of a knife, just to bruise it.', 'While the spaghetti is cooking, fry the pancetta with the garlic.', 'Drop the butter into a large wide frying pan or wok and, as soon as the butter has melted, tip in the pancetta and garlic.', 'Leave these to cook on a medium heat for about 5 minutes, stirring often, until the pancetta is golden and crisp.', 'The garlic has now imparted its flavour, so take it out with a slotted spoon and discard.', 'Keep the heat under the pancetta on low.', ""When the pasta is ready lift it from the water with a pasta fork or tongs and put it in the frying pan with the pancetta. Don't worry if a little water drops in the pan as well (you want this to happen) and don't throw the rest of the pasta water away yet."", 'Mix most of the cheese in with the eggs, keeping a small handful back for sprinkling over later.', 'Take the pan of spaghetti and pancetta off the heat.', ""Now quickly pour in the eggs and cheese and, using the tongs or a long fork, lift up the spaghetti so it mixes easily with the egg mixture, which thickens but doesn't scramble, and everything is coated."", 'Add extra pasta cooking water to keep it saucy (several tablespoons should do it).', ""You don't want it wet, just moist."", 'Season with a little salt, if needed.', 'Use a long-pronged fork to twist the pasta on to the serving plate or bowl.', 'Serve immediately with a little sprinkling of the remaining cheese and a grating of black pepper.', 'If the dish does get a little dry before serving, splash in some more hot pasta water and the glossy sauciness will be revived.']","[""pecorino cheese"", ""black pepper"", ""eggs"", ""pancetta"", ""parmesan"", ""garlic"", ""unsalted butter""]",www.yummly.com/recipe/Carbonara-1220476,main,2971.8,5.0,4.0,"The recipe serves 4 people based on the amount of spaghetti and pancetta mentioned, which is typically enough for 4 servings. Additionally, the directions suggest serving immediately after preparation, indicating a portion size suitable for 4 people.",594.4,True,262.8,10.3,10.9,181.5,1619851.0,False,True,False,True,True,True,False,True,True,True,True,True,True,True,False,False,False,False,False
Carbonara,"['675.0 g bacon cut into 1"" pieces', '675.0 g mushrooms sliced', '908.0 g linguine pasta', '472.4 g sour cream', '125.0 g Parmesan cheese', '44.3 g bacon drippings', '3 eggs beaten (150.0 g)', '14.8 g water', '2 cloves large garlic cloves finely crushed (6.0 g)']","['Saute mushrooms in butter; set aside.', 'Crush garlic; add to skillet with bacon.', 'Brown.', 'Start cooking linguine.', 'DO NOT brown bacon crisp.', 'Drain.', 'Now drain linguine but not wash. Toss with 1 tablespoon olive oil.', 'Quickly stir together over low heat, bacon with 3 tablespoons drippings, add eggs, stir, add mushrooms.', 'Stir, add sour cream, stir, add Parmesan cheese and stir.', 'Toss quickly with linguine and serve']","[""sour cream"", ""bacon"", ""eggs"", ""parmesan cheese"", ""mushrooms"", ""water"", ""linguine pasta"", ""garlic""]",www.yummly.com/recipe/Carbonara-1650115,main,5855.9,15.0,4.0,"The recipe uses 908.0 g of linguine pasta which is typically sufficient for 3-4 people. The directions suggest serving the dish with the pasta, indicating it's meant for a portion size suitable for 3-4 people.",390.4,True,767.5,51.5,54.8,340.0,1604206.0,False,True,False,True,True,True,False,True,True,True,True,True,True,True,False,False,False,False,False
Carbonara,"['112.5 g mild Italian sausage', '225.0 g cooked ham', '26.9 g butter', '8.1 g minced parsley', '3 eggs, beaten (150.0 g)', '50.0 g grated Parmesan cheese', 'pepper', '225.0 g cooked and drained spaghetti']","['Stir-fry sausage and ham until lightly brown.', 'Remove from wok.', 'Have all ingredients ready and measured. Add hot spaghetti to meat with butter and parsley.', 'Mix well.', 'At once, pour in eggs and continue to blend quickly, lifting and mixing the pasta to coat well.', 'Sprinkle in the 1/2 cup Parmesan cheese and a dash of pepper.', 'Mix again.', 'Serve and top with additional Parmesan cheese.']","[""pepper"", ""eggs"", ""parmesan cheese"", ""ham"", ""parsley"", ""italian sausage"", ""butter""]",www.cookbooks.com/Recipe-Details.aspx?id=487522,main,2141.5,4.0,4.0,"The recipe involves cooking spaghetti, which is typically served for 2-4 people, and the quantities of ingredients suggest a portion size suitable for 4 servings.",535.4,True,245.5,20.1,52.8,165.0,85022.0,False,True,False,True,True,True,False,True,True,True,True,True,True,True,False,False,False,False,False
Butterscotch Bars,"['67.4 g butter', '216.0 g dark brown sugar', '86.3 g flour', '1 egg (50.0 g)', '4.4 g baking powder', '1.5 g salt', '2.1 g vanilla', '58.5 g chopped walnuts']","['Melt butter over low heat.', 'In a bowl, stir butter and brown sugar until well combined.', 'Stir in the egg.', 'Beat in the flour, 1/4 c. at a time.', 'Stir in the baking powder, salt, vanilla and walnuts, and mix well.', 'Spread batter evenly in greased 8-inch square pan.', 'Bake at 325 degrees for 30 minutes, or until top is dry and tester comes out clean.']","[""egg"", ""baking powder"", ""vanilla"", ""brown sugar"", ""flour"", ""walnuts"", ""butter"", ""salt""]",www.cookbooks.com/Recipe-Details.aspx?id=45102,dessert,2127.9,7.0,8.0,"The recipe yields an 8-inch square pan and the ingredients suggest a moderate portion size, making 8 servings a reasonable estimate.",304.0,True,287.1,213.1,6.3,43.6,532998.0,False,True,False,True,True,True,False,False,True,True,True,True,True,True,True,True,False,True,True
Butterscotch Bars,"['218.6 g butter (soft)', '108.0 g sugar', '86.6 g brown sugar', '2 egg yolks (100.0 g)', '4.3 g vanilla', '115.0 g flour', '234.0 g quick cook oatmeal', '240.0 g chopped nuts', '73.2 g coconut', '340.2 g butterscotch morsels (2 c.)']","['Combine butter, sugar and brown sugar.', 'Beat well.', 'Add egg yolks and vanilla.', 'Beat well.', 'Stir in oats, 1/2 cup of nuts and coconut.', 'Spread onto lightly greased 15 1/2 x 10 1/2 x 1-inch pan.', 'Bake at 350° for 20 minutes.']","[""sugar"", ""vanilla"", ""brown sugar"", ""flour"", ""nuts"", ""coconut"", ""butter"", ""egg yolks"", ""butterscotch""]",www.cookbooks.com/Recipe-Details.aspx?id=717605,dessert,5299.2,26.0,1.0,"Butterscotch bars are a single serving dessert, typically baked in a single 15x10 inch pan. The ingredients suggest a single serving size.",203.8,True,437.5,224.7,35.1,110.1,873707.0,False,True,False,True,True,True,False,True,True,True,True,True,True,True,True,True,False,True,False
Butterscotch Bars,"['109.3 g butter', '218.6 g crunchy peanut butter', '1 large 12 oz. pkg. butterscotch chips', '75.0 g miniature marshmallows', '120.0 g chopped nuts', '109.8 g coconut']","['Melt butter, peanut butter and chips together.', 'Add marshmallows, nuts and coconut.', 'Pour into a 9 x 13 buttered pan.', 'Refrigerate.', 'When cool, cut in squares.', 'Keep refrigerated.']","[""marshmallows"", ""nuts"", ""butterscotch chips"", ""coconut"", ""butter"", ""crunchy peanut butter""]",www.cookbooks.com/Recipe-Details.aspx?id=59510,dessert,3546.6,12.0,8.0,directions suggest 8 servings,295.6,True,141.8,73.5,32.4,76.6,451509.0,True,True,True,True,False,True,False,True,True,True,True,True,True,True,True,True,False,True,False
Butterscotch Bars,"['283.5 g Butterscotch Chips', '109.3 g Butter', '480.0 g Graham Cracker Crumbs', '226.8 g weight Cream Cheese, Softened', '396.9 g Sweetened Condensed Milk', '1 whole Egg (50.0 g)', '4.3 g Vanilla']","['Preheat oven to 325 degrees.', 'Grease 9x13 pan.', 'In a microwave safe bowl, combine butter and chips.', 'Microwave on high for 1 1/2-2 minutes, or until thoroughly melted.', 'Add graham cracker crumbs, mix well.', 'Set aside 2/3 cup.', 'Press the remaining mixture into the pan.', 'In a separate bowl, beat cream cheese until smooth.', 'Add milk, egg, and vanilla. Mix until creamy.', 'Pour over the ""crust.""', 'Sprinkle reserved mixture over the top.', 'Bake for 30-35 minutes, or until golden and slightly bubbly on edges.', 'Allow to cool, then cut into small squares.', 'Refrigerate, then serve.', 'Keep leftovers (as if there could be such a thing) in fridge.']","[""weight cream cheese"", ""egg"", ""vanilla"", ""graham cracker crumbs"", ""milk"", ""butter"", ""butterscotch""]",tastykitchen.com/recipes/desserts/butterscotch-bars-2/,dessert,7354.8,25.0,24.0,"Given the ingredients and the pan size, we can infer that this recipe is designed for a standard serving size. Typically, a 9x13 inch pan yields around 24-30 servings for such a baked good.",294.2,True,499.8,499.5,0.0,86.0,1543418.0,False,True,False,True,True,True,False,True,True,True,True,True,True,True,True,True,False,True,False
Butterscotch Bars,"['510.3 g white cake mix', '99.2 g instant butterscotch pudding mix (4 serving size)', '247.2 g milk', '1 egg (50.0 g)', '109.0 g chopped pecans', '164.0 g butterscotch chips']","['Preheat oven to 350 degrees.', 'Grease and flour a 9 x 9 x 2 inch pan.', 'In large bowl, combine cake mix, pudding mix, milk and egg.', 'Beat on low speed until blended, about 1 minute.', 'Stir in pecans.', 'Spread batter in prepared pan and sprinkle butterscorch chips evenly over top.', 'Bake for 30 to 35 minutes or until tester comes out clean.']","[""egg"", ""pudding mix"", ""pecans"", ""white cake"", ""butterscotch chips"", ""milk""]",www.food.com/recipe/butterscotch-bars-361624,dessert,5021.3,17.0,8.0,Directions suggest a 9x9x2 inch pan which is commonly used for baking 8-10 servings of similar sized bars.,295.4,True,563.2,389.3,14.0,75.7,1983784.0,False,True,False,True,True,True,False,False,True,True,True,True,True,True,True,True,False,True,False
Butterscotch Bars,"['2 sticks oleo (226.0 g)', '1 egg, beaten (50.0 g)', '173.3 g brown sugar', '230.0 g flour', '2 eggs, beaten well (100.0 g)', '109.0 g pecans', '173.3 g brown sugar']","['Cream the oleo and 1 cup brown sugar.', 'Add 1 beaten egg and mix well.', 'Add the flour.', 'Spread on jelly roll pan like pie crust.', 'Beat 2 eggs and pour or brush evenly over crust.', 'Sprinkle 1 cup brown sugar over entire crust.', 'Sprinkle the pecans on top.', 'Bake at 350° until set and brown.']","[""oleo"", ""egg"", ""brown sugar"", ""eggs"", ""pecans"", ""flour""]",www.cookbooks.com/Recipe-Details.aspx?id=764923,dessert,4868.9,16.0,6.0,"The recipe involves spreading the mixture on a jelly roll pan, which is generally considered a single serving size, and the limited amount of main ingredients such as oleo, brown sugar, and eggs suggests that the recipe is designed for a smaller number of servings rather than a larger batch.",304.3,True,528.0,345.3,16.7,108.6,40230.0,False,True,False,True,True,True,False,False,True,True,True,True,True,True,True,True,False,True,True
Butterscotch Bars,"['474.7 g dulce de leche ice cream', '287.5 g flour', '7.5 g salt', '2.2 g baking powder', '273.3 g butterscotch chips', '4.5 g vegetable oil', '0.5 g allspice', '0.3 g nutmeg', '113.6 g stick butter, softened', '54.0 g sugar', '14.2 g vanilla frosting']","['let ice cream melt at room temperature.', 'heat oven to 350°', 'coat a jelly roll pan with spray.', 'line with foil, extending over the edges and sides', 'coat foil with spray.', 'in medium bowl, whisk flour, salt, baking powder, allspice, and nutmeg', 'beat in melted ice cream, scraping down sides of bowl.', 'at low speed, beat in flour mixture until smooth.', 'fold in 1 cup butterscotch chips.', 'Spread batter in prepared pan', 'Bake at 350* until dry to touch. (about 25 minutes.).', 'let cool in pan on rack.', 'smoothly spread bar with frosting', 'melt remaining 1/4 cup butterscotch chips with oil in glass bowl, in microwave oven for about 45 seconds on high', 'stir till smooth.', 'pipe in lines over frosted bars.lightly drag knife across lines', 'refrigerate and cut into bars to serve']","[""leche ice cream"", ""vanilla frosting"", ""baking powder"", ""sugar"", ""butter"", ""nutmeg"", ""flour"", ""butterscotch chips"", ""allspice"", ""vegetable oil"", ""salt""]",www.food.com/recipe/butterscotch-bars-127430,dessert,4950.7,17.0,8.0,Directions suggest making a jelly roll pan which is typically used for serving 8-10 servings.,291.2,True,301.3,78.6,8.0,64.4,2100700.0,False,True,True,True,True,True,False,True,True,True,True,True,True,True,True,True,False,True,False
Butterscotch Bars,"['173.3 g packed brown sugar', '67.4 g butter, melted', '4.3 g vanilla extract', '1 large egg, lightly beaten (50.0 g)', '255.2 g all-purpose flour (about 2 cups)', '246.0 g quick-cooking oats', '3.0 g salt', '5.4 g baking soda', 'Cooking spray', '185.4 g fat-free sweetened condensed milk', '273.3 g butterscotch morsels (about 8 ounces)', '0.8 g salt', '58.5 g finely chopped walnuts, toasted']","['Preheat oven to 350°.', 'Combine sugar and butter in a large bowl.', 'Stir in vanilla and egg.', 'Weigh or lightly spoon flour into dry measuring cups; level with a knife.', 'Combine flour, oats, 1/2 teaspoon salt, and baking soda in a bowl.', 'Add oat mixture to sugar mixture; stir with a fork until combined (mixture will be crumbly).', 'Place 3 cups oat mixture into the bottom of a 13 x 9-inch baking pan coated with cooking spray; press into bottom of pan.', 'Set aside.', 'Place sweetened condensed milk, butterscotch morsels, and 1/8 teaspoon salt in a microwave-safe bowl; microwave at HIGH 1 minute or until butterscotch morsels melt, stirring every 20 seconds.', 'Stir in walnuts.', 'Scrape mixture into pan, spreading evenly over crust.', 'Sprinkle evenly with remaining oat mixture, gently pressing into butterscotch mixture.', 'Bake at 350° for 30 minutes or until the topping is golden brown.', 'Place pan on a cooling rack; run a knife around outside edge.', 'Cool completely.']","[""condensed milk"", ""egg"", ""vanilla"", ""brown sugar"", ""baking soda"", ""cooking spray"", ""flour"", ""walnuts"", ""butterscotch"", ""butter"", ""quick-cooking oats"", ""salt""]",www.myrecipes.com/recipe/butterscotch-bars-0,dessert,6048.3,20.0,8.0,"Directions suggest a 13x9 inch baking pan which is commonly used for serving 8-10 bars. The recipe includes 8 ounces of butterscotch morsels, which typically yield about 8 servings when cut into bars.",302.4,True,645.9,275.9,35.4,106.2,1412614.0,False,True,False,True,True,True,False,False,True,True,True,True,True,True,True,True,False,True,False
Butterscotch Bars,"['259.9 g brown sugar', '109.3 g butter, melted', '115.0 g flour', '8.9 g baking powder', '3.0 g salt', '2 eggs (100.0 g)', '6.4 g vanilla', '1.0 g almond extract', '408.0 g Rice Chex, crushed']","['Heat sugar and butter until bubbly.', 'Cool and then mix eggs and extracts.', 'Add flour and Rice Chex.', 'Mix well and put in well-greased pan.', 'Bake for 20 to 25 minutes at 350°.']","[""baking powder"", ""vanilla"", ""brown sugar"", ""eggs"", ""flour"", ""rice"", ""almond extract"", ""butter"", ""salt""]",www.cookbooks.com/Recipe-Details.aspx?id=1020820,dessert,3914.4,13.0,8.0,Directions suggest a pan size suitable for 8 servings and the recipe involves mixing multiple ingredients together which is common for a single serving dish.,301.1,True,652.3,265.7,28.6,122.3,821713.0,False,True,False,True,True,True,False,False,True,True,True,True,True,True,True,True,False,True,True
Butterscotch Bars,"['340.2 g butterscotch morsels', '72.8 g margarine', '480.0 g graham cracker crumbs', '240.0 g chopped nuts', '226.8 g cream cheese, softened', '396.9 g Eagle Brand milk', '4.3 g vanilla', '1 egg (50.0 g)']","['Preheat oven to 350°.', 'In medium pan, melt morsels and margarine.', 'Stir in crumbs and nuts.', 'Press 1/2 mixture on bottom of greased 13 x 9-inch dish.', 'Beat cream cheese until fluffy.', 'Add milk, egg and vanilla.', 'Mix well.', 'Pour over graham cracker mixture.', 'Put other 1/2 mixture on top.', 'Bake 25 to 30 minutes or until toothpick comes out clean.', 'Cool and cut in squares.']","[""egg"", ""vanilla"", ""graham cracker crumbs"", ""cream cheese"", ""butterscotch morsels"", ""nuts"", ""margarine"", ""milk""]",www.cookbooks.com/Recipe-Details.aspx?id=518247,dessert,4511.4,27.0,8.0,"The primary ingredients (butterscotch morsels and graham cracker crumbs) are commonly used in quantities that serve around 8 to 10 people, making 8 a reasonable estimate.",167.1,True,595.9,563.9,16.1,145.6,35383.0,False,True,False,True,True,True,False,True,True,True,True,True,True,True,True,True,False,True,False
Butterscotch Bars,"['450.0 g light brown sugar', '240.0 g Bisquick mix', '4 eggs, beaten (200.0 g)', '4.3 g vanilla', '240.0 g chopped nuts']","['Grease and flour pan, about 15 x 10-inch.', 'Preheat oven to 350°.', 'Mix sugar and Bisquick mix.', 'Add beaten eggs, vanilla and nuts.', 'Bake about 30 to 40 minutes.', 'Batter will fall just before ready to remove from oven.', 'Sprinkle with powdered sugar (optional).', 'Cut in squares.', 'Very easy to make.']","[""bisquick mix"", ""vanilla"", ""eggs"", ""light brown sugar"", ""nuts""]",www.cookbooks.com/Recipe-Details.aspx?id=332009,dessert,4412.9,15.0,8.0,"Directions suggest baking a pan, which is typically suitable for 8 servings.",294.2,True,645.1,456.4,22.1,151.0,301444.0,False,True,False,True,True,True,True,True,True,True,True,True,True,True,True,True,False,True,True
Apple Crumble Pie,"['1 (9 inch) deep dish pie shells (168.0 g)', '625.0 g apples, peeled, cored and thinly sliced', '108.0 g white sugar', '2.1 g ground cinnamon', '72.0 g white sugar', '120.6 g all-purpose flour', '80.8 g butter']","['Preheat oven to 400 degrees.', 'Arrange apple slices in unbaked pie shell.', 'Mix 1/2 cup sugar and cinnamon; sprinkle over apples.', 'Mix 1/3 cup sugar with flour; cut in butter until crumbly.', 'Spoon mixture over apples.', 'Bake in preheated oven for 35 to 40 minutes, or until apples are soft and top is lightly browned.', ""Be sure to check for browness of the crust - you may have to cover with tin foil if it's getting too brown.""]","[""dish pie shells"", ""flour"", ""apples"", ""white sugar"", ""ground cinnamon"", ""butter""]",www.food.com/recipe/apple-crumble-pie-137840,dessert,2766.0,9.0,4.0,The pie shell is typically suitable for 3-4 servings and the crumble topping suggests multiple portions.,307.3,True,453.6,264.3,16.9,22.4,1866744.0,False,True,True,True,True,True,False,True,True,True,True,True,True,True,True,True,False,True,True
Apple Crumble Pie,"['500.0 g apples, peeled and sliced', '10.2 g lemon juice', '86.6 g brown sugar, firmly packed', '53.6 g all-purpose flour, sifted', '54.7 g butter', '0.7 g cinnamon']","['Line 9 inch pie plate.', 'Arrange apples in pastry, and sprinkle with lemon juice.', 'Make crumble topping by blending sugar, flour, butter, and cinnamon together until fat is well distributed.', 'Sprinkle over apples.', 'Bake at 425°F for 20 minutes.', 'Reduce heat to 350°F and bake until apples are tender, about 20 minutes.']","[""lemon juice"", ""brown sugar"", ""cinnamon"", ""flour"", ""apples"", ""butter""]",www.food.com/recipe/apple-crumble-pie-287382,dessert,1180.2,4.0,4.0,The recipe yields 4 servings and it includes 500g of apples which is typically enough for 4 servings.,295.0,True,201.2,145.5,11.8,7.1,971938.0,False,True,True,True,True,True,False,True,True,True,True,True,True,True,True,True,False,True,True
Apple Crumble Pie,"['Pastry for single-crust pie (9 inches)', '108.0 g sugar', '80.4 g all-purpose flour', '109.3 g cold butter, cubed', '108.0 g sugar', '19.8 g all-purpose flour', '2.8 g ground cinnamon', '1.1 g ground nutmeg', '625.0 g chopped peeled tart apples (about 5 medium)']","['Preheat oven to 400°.', 'On a lightly floured surface, roll pastry dough to a 1/8-in.-thick circle; transfer to a 9-in. pie plate.', 'Trim pastry to 1/2 in. beyond rim of plate; flute edge.', 'Refrigerate while preparing topping and filling.', 'For topping, in a small bowl, mix sugar and flour; cut in butter until crumbly.', 'For filling, in a large bowl, mix sugar, flour, cinnamon and nutmeg.', 'Add apples and toss to coat.', 'Transfer to pastry-lined pie plate.', 'Sprinkle with topping.', 'Bake 10 minutes.', 'Reduce oven setting to 375°.', 'Bake 40-45 minutes or until topping is browned and apples are tender.', 'Cover edge loosely with foil during the last 15 minutes if needed to prevent overbrowning.', 'Cool on a wire rack.']","[""sugar"", ""ground nutmeg"", ""pastry"", ""cold butter"", ""all-purpose"", ""flour"", ""apples"", ""ground cinnamon""]",www.tasteofhome.com/recipes/apple-crumble-pie/,dessert,2322.1,8.0,7.0,"Given that the pastry is the main component and considering typical pie serving sizes, I would estimate that this pie serves approximately 6 to 8 people.",290.3,True,387.8,292.2,16.9,12.6,1506339.0,False,True,True,True,True,True,False,True,True,True,True,True,True,True,True,True,False,True,True
Apple Crumble Pie,"['216.0 g sugar', '14.2 g plain flour', '2.0 g grated lemon peel', '750.0 g cooking apples thinly sliced, peeled', '45.7 g lemon juice', '1 pie crust (182.0 g)', '57.5 g plain flour', '1.4 g cinnamon', '0.4 g ground ginger', '0.2 g mace', '0.6 g nutmeg', '54.7 g butter']","['Combine 1/2 cup of the sugar, the 2 tablespoons flour and the lemon peel.', 'Sprinkle apple slices with lemon juice.', 'Add sugar mixture and toss to coat.', 'Fill a pastry-lined 9-inch pie plate with apple mixture.']","[""sugar"", ""lemon juice"", ""nutmeg"", ""cinnamon"", ""crust"", ""mace"", ""flour"", ""ground ginger"", ""butter"", ""cooking apples""]",www.cookbooks.com/Recipe-Details.aspx?id=720188,dessert,1547.9,10.0,4.0,"The recipe mentions a single pie crust and serves 9 inches, suggesting it's meant for a single serving. Additionally, the amount of ingredients like sugar, flour, and lemon peel are relatively small, indicating a portion size suitable for one person.",154.8,True,480.5,309.6,18.3,23.0,549981.0,False,True,True,True,True,True,False,True,True,True,True,True,True,True,True,True,False,True,True
Apple Crumble Pie,"['4 gala apples, peeled and cut in 1"" chunks (800.0 g)', '5.5 g cinnamon', '12.8 g vanilla extract', '216.0 g coconut sugar', '1 pre-made pie crust', 'Crumb Topping', '351.0 g purely elizabeth Original Ancient Grain Oatmeal', '108.0 g coconut sugar', '85.0 g vegan butter']","['Preheat oven to 375°F.', 'In a bowl, combine apple chunks, cinnamon, vanilla and coconut sugar.', 'Toss to evenly coat apples in mixture.', 'Pour mixture into pre-made pie crust shell. (Whole Foods carries gluten-free, vegan options).', 'In the same bowl, add crumb-topping ingredients, using your hands or a spatula to combine and clump together.', 'Pour topping over apples.', 'Cover with aluminum foil and bake for 45 minutes.', 'Take off aluminum foil and bake for another 15 minutes.']","[""vanilla"", ""cinnamon"", ""crust"", ""coconut sugar"", ""butter"", ""gala apples""]",food52.com/recipes/32103-apple-crumble-pie,dessert,3020.6,13.0,4.0,"Given the fact that the main ingredient is listed as 4 gala apples, it can be roughly indicated as for 4 servings.",232.4,True,344.0,148.1,62.1,42.7,1364677.0,False,True,True,True,True,True,False,True,True,True,True,True,True,True,True,True,False,True,True
Chicken Bake,"['453.6 g frozen broccoli, cut, rinsed and drained', ""304.8 g cream of mushroom soup (Campbell's)"", '304.8 g condensed Cheddar cheese soup', '247.2 g milk', '717.5 g cut-up cooked chicken', '1.6 g onion powder', '240.0 g Bisquick', '370.8 g milk']","['Preheat oven to 450°.', 'Mix broccoli, soup, chicken and onion powder into ungreased baking dish, 13 x 9 x 2-inch.', 'Mix remaining ingredients and milk.', 'Pour evenly over soup mixture; sprinkle with parsley.', 'Bake 30 minutes until golden brown.', 'Let stand 5 minutes.', 'Makes 8 to 10 servings.']","[""bisquick"", ""cream of mushroom soup"", ""onion powder"", ""milk"", ""frozen broccoli"", ""cheddar cheese soup"", ""chicken""]",www.cookbooks.com/Recipe-Details.aspx?id=927668,main,3881.2,8.0,8.0,"Directions suggest 8 to 10 servings, which indicates a portion size suitable for 8 people.",485.2,False,562.0,358.0,20.0,282.4,311665.0,False,True,True,True,True,True,False,True,True,True,True,True,True,True,True,False,False,False,True
Chicken Bake,"['226.8 g lasagna noodles, cooked', '385.2 g small curd cottage cheese', '448.0 g shredded American cheese', '80.4 g chopped onion', '69.5 g chopped green pepper', '40.4 g butter', '305.0 g cream of chicken soup', '123.6 g milk', '170.1 g sliced mushrooms, drained', '48.0 g pimiento', '0.4 g basil', '717.5 g cooked diced chicken', '50.0 g parmesan cheese']","['Cook lasagna according to the directions on the box.', 'Blend cottage cheese and American cheese.', 'For the sauce, cook onion and green pepper in butter.', 'Stir in cream of chicken soup, milk, mushrooms, pimento, basil and chicken.', 'Lightly grease 9x13 pan.', 'Line pan with noodles.', 'Use 1/2 of the chicken mixture for the next layer then all of the cheese mixture and end with the rest of the chicken mixture.', 'Top with 1/2 cup grated Parmesan cheese.', 'Bake at 350 for 45 minutes.']","[""american cheese"", ""cream of chicken soup"", ""pimiento"", ""milk"", ""lasagna noodles"", ""parmesan cheese"", ""onion"", ""mushrooms"", ""basil"", ""cottage cheese"", ""chicken"", ""butter"", ""green pepper""]",www.food.com/recipe/chicken-bake-47181,main,4232.7,7.0,6.0,"The recipe uses substantial amounts of main ingredients such as cottage cheese, American cheese, and chicken, which are indicative of a larger serving size.",604.7,True,343.2,117.6,14.0,326.1,2076537.0,False,True,True,True,True,True,False,True,True,True,True,True,True,True,True,False,False,False,True
Chicken Bake,"['6 boneless skinless chicken breasts (336.0 g)', '305.0 g cream of chicken soup', '305.0 g cream of celery soup', '273.0 g chicken gravy', '6 slices Swiss cheese (168.0 g)', '1 pkg. Pepperidge Farm stuffing mix', '1 stick butter (113.0 g)', 'salt and pepper']","['Place chicken in baking dish.', 'Layer cheese on top of chicken. Mix in a bowl the soups, gravy, salt and pepper.', 'Pour over chicken and cheese.', 'Spread stuffing mix over top.', 'Pour melted butter over stuffing mix.', 'To double servings, add only more chicken, Swiss cheese and 1 can chicken broth.']","[""cream of chicken soup"", ""stuffing mix"", ""chicken breasts"", ""chicken gravy"", ""swiss cheese"", ""cream of celery soup"", ""butter"", ""salt""]",www.cookbooks.com/Recipe-Details.aspx?id=362926,main,2564.5,4.0,4.0,"The recipe uses 6 boneless skinless chicken breasts which is typically enough for 4 servings. Additionally, the directions mention layering cheese on top of chicken and spreading stuffing mix over it, suggesting a portion size suitable for 4 servings.",641.1,True,51.5,6.6,5.2,56.7,309634.0,True,True,True,True,True,True,False,True,False,True,True,True,True,True,True,False,False,False,True
Chicken Bake,"['3 garlic cloves, minced (9.0 g)', '4.5 g butter', '8 chicken thighs, boneless skinless (1064.0 g)', '2 artichokes, hearts (256.0 g)', '110.0 g mayonnaise', '25.0 g parmesan cheese, shaved', '2 bacon, slices (16.0 g)', '5 mushrooms (27.0 g)', '5.4 g red pepper flakes']","['In a casserole dish, mix up the minced artichokes, mayo, red pepper flakes and parmesan.', 'Melt the butter and fry the garlic.', 'Mix garlic in with the mayo mixture.', 'Place chicken in the casserole.', 'Spoon the mayo over top of the chicken.', 'Mince the bacon and mushrooms.', 'Place over the chicken.', 'Cook @ 400 for 30-40 minute (till the bacon browns and chicken is cooked through.']","[""artichokes"", ""bacon"", ""parmesan cheese"", ""red pepper"", ""mushrooms"", ""mayonnaise"", ""butter"", ""garlic"", ""chicken""]",www.food.com/recipe/chicken-bake-377246,main,4685.1,8.0,4.0,The recipe uses 8 boneless skinless chicken thighs which is typically sufficient for 4 servings.,585.6,True,47.1,4.2,16.9,122.4,2041803.0,True,True,False,True,True,True,False,True,True,True,True,True,True,True,False,False,False,False,False
Chicken Bake,"['478.3 g cooked chicken (shredded)', '453.6 g wide egg noodles', '567.0 g cream of chicken soup', '3213.6 g milk', '6.0 g instant chicken bouillon', '425.2 g sweet peas', '268.8 g sharp cheddar cheese (shredded)']","['Preheat oven to 350 degrees.', 'Prepare noodles according to package directions.', 'In a medium saucepan combine canned soup, milk and bouillon.', 'Heat just to boiling.', 'Remove from heat.', 'Add can of peas to soup mixture.', 'In a large bowl combine drained noodles, pea soup mixture and chicken.', 'Stir until evenly mixed.', 'Pour into 3 quart baking dish.', 'Sprinkle with shredded cheese.', 'Cover and bake at 350 degree for 20 - 30 minutes.']","[""cream of chicken soup"", ""instant chicken"", ""cheddar cheese"", ""egg noodles"", ""milk"", ""sweet peas"", ""chicken""]",www.food.com/recipe/chicken-bake-326813,main,4992.3,8.0,4.0,"Considering these quantities, especially the large amounts of noodles and soup, it seems most appropriate to estimate this recipe as a substantial meal rather than a light snack.",624.0,True,1862.1,1779.7,24.2,657.7,2051985.0,False,True,False,True,True,True,False,True,True,True,True,True,True,True,True,False,False,False,True
Chicken Bake,"['109.2 g melted oleo', '298.0 g each: cream of mushroom, cream of celery and cream of chicken soups', '4 chicken breasts (224.0 g)', '255.0 g Minute rice']","['Mix oleo, soups and rice together.', 'Pour into 9 x 13-inch pan. Lay chicken breasts on top.', 'Brush chicken with melted oleo and sprinkle with some paprika.', 'Bake at 275° for 2 1/2 hours.']","[""rice"", ""oleo"", ""cream of mushroom"", ""chicken breasts""]",www.cookbooks.com/Recipe-Details.aspx?id=276020,main,2162.9,4.0,4.0,The recipe uses 4 chicken breasts which seem sufficient for 4 servings and the cooking time suggests a portion size for 4 people.,540.7,True,215.4,10.8,27.1,74.6,296825.0,True,True,True,True,True,True,False,True,False,True,True,True,True,True,True,False,False,False,True
Chicken Bake,"['3 chicken breasts, cooked and cut into pieces (168.0 g)', '610.0 g cream of chicken soup', '340.0 g Chinese noodles', '120.0 g chopped celery', '110.0 g mayonnaise', '5.1 g lemon juice', '19.8 g chopped onion', '283.0 g Chinese mixed vegetables', 'cashews for garnish']","['Mix all ingredients together.', 'Put into a glass baking dish. (We use a 9 x 13-inch Pyrex dish.)', 'Cover with a sprinkling of cashews.', 'Bake at 350° for 45 minutes.']","[""cream of chicken soup"", ""chicken breasts"", ""lemon juice"", ""onion"", ""celery"", ""mayonnaise"", ""chinese noodles"", ""vegetables"", ""cashews""]",www.cookbooks.com/Recipe-Details.aspx?id=815439,main,3359.1,6.0,4.0,"The recipe includes cooked chicken breasts, noodles, and vegetables, suggesting a substantial serving size. The directions mention a glass baking dish and a baking time, which aligns with a typical serving size for a main dish.",559.8,True,307.5,7.2,36.4,87.6,539884.0,False,True,False,True,True,True,False,False,False,True,True,True,True,True,True,False,False,False,True
Chicken Bake,"['4 chicken breasts, deboned and cooked (224.0 g)', '204.0 g cooked rice', '60.0 g cooked celery', '305.0 g cream of chicken soup', '165.0 g mayonnaise', '237.0 g water chestnuts, sliced', '21.0 g crushed corn flakes', '1/2 stick melted butter (56.5 g)']","['Cook chicken until done, then cool and cut into small pieces. Add this to rice, celery, soup, mayonnaise and chestnuts.', 'Pour into baking dish.', 'Top with corn flakes mixed with butter.', 'Bake 30 minutes at 350°.']","[""cream of chicken soup"", ""chicken breasts"", ""water chestnuts"", ""corn flakes"", ""celery"", ""mayonnaise"", ""rice"", ""butter""]",www.cookbooks.com/Recipe-Details.aspx?id=1027052,main,2938.5,5.0,3.0,"The recipe primarily uses chicken breasts, which typically yield about 3-4 servings, and the quantities of other ingredients suggest a portioned meal rather than a large serving.",587.7,True,199.9,11.1,14.2,73.7,273186.0,False,True,False,True,True,True,False,False,False,True,True,True,True,True,True,False,False,False,True
Chicken Bake,"['4 chicken breast (cooked and cut up) (224.0 g)', '226.8 g lasagna noodles (cooked)', '80.4 g chopped onion', '69.5 g green pepper', '40.4 g butter', '252.0 g cream of chicken soup', '298.0 g mushrooms (drained)', '123.6 g milk', '385.2 g cottage cheese', '226.0 g cheddar cheese', '226.0 g mozzarella cheese']","['Cook onions and peppers in butter until tender.', 'Stir in soup mushrooms and milk.', 'Layer half the noodles in 9x13 pan, sprayed with Pam, then layer mixture. Layer cottage cheese, chicken and cheese.', 'Repeat layers.', 'Bake at 350 degrees for 45 minutes or until cheese has melted and browned.']","[""cream of chicken soup"", ""cottage cheese"", ""lasagna noodles"", ""cheddar cheese"", ""mozzarella cheese"", ""onion"", ""mushrooms"", ""milk"", ""butter"", ""chicken"", ""green pepper""]",www.cookbooks.com/Recipe-Details.aspx?id=84996,main,3459.7,6.0,6.0,"The recipe includes substantial amounts of protein (chicken) and carbohydrates (lasagna noodles), along with multiple layers and cheese components, which suggest it is designed for a larger portion size, fitting for 6 to 8 servings.",576.6,True,308.1,98.8,22.0,252.1,310486.0,False,True,True,True,True,True,False,True,True,True,True,True,True,True,True,False,False,False,True
Chicken Bake,"['480.0 g boiling water', 'dash of salt and pepper', '180.0 g uncooked rice', '305.0 g chunk chicken', '11.0 g cream of mushroom soup', '2 or 3 uncooked carrots, sliced (122.0 g)', '1 medium potato, diced (213.0 g)', '12.0 g chicken bouillon']","['Add bouillon, rice, carrots and potatoes to boiling water and salt; cover and simmer for 15 minutes.', 'Add mushroom soup (diluted).', 'Stir together thoroughly.', 'Pour into baking dish and top with chicken chunks and pepper.', 'Bake in 375° oven for 15 minutes, then stir and bake for 10 minutes longer or until all liquid is absorbed.', 'Strips of cheese may be placed on top of hot rice.']","[""chicken bouillon"", ""potato"", ""cream of mushroom soup"", ""carrots"", ""rice"", ""boiling water"", ""chicken"", ""salt""]",www.cookbooks.com/Recipe-Details.aspx?id=445369,main,763.2,1.0,4.0,"The main ingredients (rice, chicken, carrots, and potatoes) are in generous quantities and the recipe involves cooking these ingredients together in a pot before baking, suggesting a substantial serving size that would typically accommodate 4 to 6 people.",763.2,True,87.2,10.6,36.1,67.4,453191.0,True,True,True,True,True,True,False,True,True,True,True,True,True,True,True,False,False,False,True
Chicken Bake,"['6.0 g salt', '0.6 g pepper', '0.4 g garlic', '0.6 g paprika', '0.0 g thyme', '25.0 g Parmesan cheese', '1.0 g parsley', '36.0 g bread crumbs', '80.0 g water', '13.6 g oil', '54.7 g butter', '79.2 g white wine']","['Preheat oven to 350°.', 'Put all dry ingredients in large Ziploc bag.', 'Cut up fryer.', 'Shake chicken in bag to coat with seasonings. Arrange in baking pan (13 x 9-inch).', 'Pour water in bottom. Sprinkle with melted butter and oil.', 'Bake, uncovered, for 45 minutes.', 'Pour wine over chicken.', 'Lower heat to 325° and cover; bake 15 minutes.', 'Remove foil and bake 10 more minutes.']","[""oil"", ""pepper"", ""parmesan cheese"", ""water"", ""thyme"", ""parsley"", ""white wine"", ""paprika"", ""butter"", ""garlic"", ""bread crumbs"", ""salt""]",www.cookbooks.com/Recipe-Details.aspx?id=234506,main,831.9,1.0,1.0,estimated based on the size of the baking pan and the amount of bread crumbs,831.9,True,35.3,3.6,2.0,13.0,886406.0,False,True,True,True,True,True,False,True,True,True,True,False,True,True,False,True,False,True,True
Chicken Bake,"['264.0 g uncooked macaroni', '113.4 g cans mushrooms, drained', '69.5 g chopped green pepper', '53.8 g margarine', '1 medium onion, chopped (110.0 g)', '305.0 g celery soup', '247.2 g milk', '403.2 g grated Cheddar cheese', '717.5 g cooked chicken', '67.5 g stuffed olives, sliced', '0.6 g pepper', '47.5 g toasted almonds, sliced']","['Prepare macaroni according to package directions.', 'Drain. Saute pepper and onions in margarine, add mushrooms and cook until onions and pepper are tender.', 'Combine macaroni, cheese, onion mixture, soup, milk and pepper.', 'Mix well.', 'Stir in chicken and olives.', 'Pour in baking dish.', 'Cover with foil.', 'Bake at 350° for 20 minutes.', 'Remove from oven and top with almonds.', 'Bake, uncovered, for 10 minutes.']","[""macaroni"", ""pepper"", ""cheddar cheese"", ""onion"", ""mushrooms"", ""stuffed olives"", ""celery soup"", ""margarine"", ""milk"", ""almonds"", ""chicken"", ""green pepper""]",www.cookbooks.com/Recipe-Details.aspx?id=163659,main,4045.2,7.0,5.0,"Given the quantities of the main ingredients and the serving size suggested by the directions, I estimate that this recipe serves approximately 4 to 6 people.",577.9,True,262.3,148.4,21.4,272.1,485463.0,False,True,True,True,True,True,False,False,False,True,True,True,True,True,True,False,False,False,True
Chicken Bake,"['128.0 g diced carrot', '120.6 g chopped onion', '60.0 g diced celery', '24.3 g chicken broth', '304.8 g cream of chicken soup', '241.2 g sour cream', '717.5 g cubed cooked chicken', '113.4 g sliced mushrooms', 'salt and pepper', '237.1 g jiffy pancake mix', '2 eggs, slightly beaten (100.0 g)', '185.4 g milk', '37.2 g chopped red pepper', '34.8 g chopped green pepper', '268.8 g sharp cheddar cheese']","['Preheat oven to 350 degrees.', 'Lightly grease a 9x13 pan or 3 quart casserole dish.', 'In saucepan combine carrots, onion, celery and chicken broth, simmer 20 minutes.', 'In prepared pan mix soup, sour cream, chicken, mushrooms, salt and pepper.', 'Add the simmered vegetables mixing well.', 'For topping combine Pancake mix, eggs, milk and peppers mixing well.', 'Add 1 cup cheese blending well.', 'Drop by round tablespoon on top of casserole.', 'Bake 40-45 minutes.', 'Sprinkle remaining cheese on top and return to oven till melted.']","[""cream of chicken soup"", ""sour cream"", ""milk"", ""eggs"", ""cheddar cheese"", ""red pepper"", ""onion"", ""mushrooms"", ""celery"", ""pancake mix"", ""chicken broth"", ""carrot"", ""chicken"", ""green pepper"", ""salt""]",www.food.com/recipe/chicken-bake-260232,main,4072.0,7.0,6.0,"The recipe yields 6 to 8 servings, which aligns well with the quantities of ingredients and the cooking method described.",581.7,True,357.5,131.1,12.3,296.1,1670208.0,True,True,False,True,True,True,False,True,False,True,True,True,True,True,True,False,False,False,True
Chicken Bake,"['2 chickens, cut up (266.0 g)', '102.0 g raw rice', '11.0 g cream of mushroom soup', '305.0 g cream of celery soup', '305.0 g cream of chicken soup', '237.0 g water']","['Place chicken in large baking dish.', 'Sprinkle with rice.', 'Mix soups and water.', 'Pour over chicken.', 'Cover and bake at 375° for 1 hour.']","[""cream of chicken soup"", ""cream of mushroom soup"", ""water"", ""chickens"", ""cream of celery soup"", ""rice""]",www.cookbooks.com/Recipe-Details.aspx?id=1061392,main,952.8,2.0,4.0,"The recipe involves cooking a substantial amount of chicken and rice together, suggesting a portion for around 4-6 people.",476.4,True,108.1,8.3,11.3,70.8,768751.0,True,True,True,True,True,True,False,True,False,True,True,True,True,True,True,False,False,False,True
Ham And Cheese Roll-Ups,"['283.5 g cooked ham', '226.8 g cream cheese', 'garlic salt to taste', 'Worcestershire sauce (to taste)', '1/2 c. chopped nuts (optional)']","['Mix cream cheese, garlic salt, Worcestershire sauce and chopped nuts together.', 'Spread mixture on ham slices and roll up longways.', 'Refrigerate until firm.', 'Remove and slice in 1-inch slices.']","[""garlic salt"", ""nuts"", ""worcestershire sauce"", ""cream cheese""]",www.cookbooks.com/Recipe-Details.aspx?id=460745,main,1186.7,2.0,4.0,"The recipe involves mixing ham and cream cheese, rolling them up, and slicing into 1-inch pieces. Given that the main ingredients are relatively substantial (283.5g of cooked ham and 226.8g of cream cheese), it is reasonable to estimate that this recipe serves around 4 people.",593.4,True,12.5,22.7,0.0,60.7,672545.0,True,True,True,True,True,True,False,True,True,True,True,True,True,True,False,False,False,False,False
Ham And Cheese Roll-Ups,"['33.6 g shredded Cheddar cheese', '54.6 g margarine', '4 (1/8 inch) slices boiled ham (36.8 g)', '1 (3 oz.) pkg. softened cream cheese (28.0 g)', 'Ritz crackers']","['In small bowl combine cheeses and margarine until well blended.', 'Spread 1/4 of mixture on each ham slice.', 'Roll up from short side; chill several hours.']","[""crackers"", ""cheddar cheese"", ""cream cheese"", ""ham"", ""margarine""]",www.cookbooks.com/Recipe-Details.aspx?id=1048137,main,694.1,1.0,1.0,"The recipe uses small quantities of ingredients (ham slices, cheese, margarine, and cream cheese) to create a single roll-up, indicating it's meant for individual consumption.",694.1,True,3.2,1.1,0.0,18.1,356621.0,False,True,True,True,True,True,False,True,True,True,True,True,True,True,False,False,False,False,False
Ham And Cheese Roll-Ups,"['240.0 g Bisquick baking mix', '120.0 g water', '20.1 g prepared mustard', '170.1 g thinly sliced cooked smoked ham', '108.0 g shredded Swiss cheese', '40.2 g green onions, sliced', '1 small can mushroom pieces, drained (5.4 g)']","['Mix baking mix and water until dough forms.', 'Smooth into ball on cloth covered surface dusted with baking mix.', 'Knead 15 times. Roll into rectangle, 15 x 9-inches.', 'Spread with mustard.', 'Top with remaining ingredients.', 'Roll up tightly, beginning at 15-inch side.', 'Pinch edge into roll (moisten if necessary).', 'Wrap and refrigerate at least 30 minutes but no longer than 24 hours.', 'Heat oven to 400°.', 'Cut into 12 slices.', 'Place on greased and floured cookie sheet (replace filling if necessary).']","[""green onions"", ""swiss cheese"", ""ham"", ""water"", ""bisquick baking mix"", ""mushroom"", ""mustard""]",www.cookbooks.com/Recipe-Details.aspx?id=957746,main,1768.0,3.0,4.0,"The recipe uses 240.0g of Bisquick baking mix, which is commonly associated with serving sizes for 3-4 people, and the final product is cut into 12 slices, suggesting a standard serving size.",589.3,True,173.7,22.3,6.9,75.7,117830.0,False,True,True,True,True,True,False,True,True,False,True,True,True,True,False,False,False,False,False
Ham And Cheese Roll-Ups,"['8 sliced ham (224.0 g)', '226.8 g cream cheese', '8 thinly sliced Swiss cheese slices (224.0 g)', '7.5 g chopped fresh raw spinach', 'curry to taste']","['Mix together first three ingredients.', 'Spread on each ham slice and roll up.', 'Chill.', 'Cut rolls into smaller rolls.']","[""olives"", ""ham"", ""worcestershire sauce"", ""cream cheese""]",www.cookbooks.com/Recipe-Details.aspx?id=759735,main,890.0,2.0,4.0,directions suggest this kind of pan which is fitting for a 3 servings recipe,445.0,True,6.6,13.3,0.2,101.1,268038.0,True,True,True,True,True,True,False,True,True,True,True,True,True,True,False,False,False,False,False
Ham And Cheese Roll-Ups,"['33.6 g Cheddar cheese, shredded', '85.05 g cream cheese, softened', '54.6 g oleo, softened', '4 (1/8-inch) slices boiled ham (36.8 g)']","['Combine cheese and oleo; blend well.', 'Spread on ham.', 'Roll up and chill several hours.', 'Slice in about 3 1/2 dozen slices. Place on round Ritz crackers.', 'Let stand at room temperature for 20 minutes before serving.']","[""oleo"", ""cheddar cheese"", ""ham"", ""cream cheese""]",www.cookbooks.com/Recipe-Details.aspx?id=371400,main,889.2,1.0,3.0,"Directions suggest rolling up and chilling several hours, then slicing into about 3 1/2 dozen slices, which implies a portion size suitable for 3-4 servings.",889.2,True,2.4,1.1,0.0,18.1,889599.0,True,True,True,True,True,True,False,True,True,True,True,True,True,True,False,False,False,False,False
Ham And Cheese Roll-Ups,"['80.0 g Pemrose ham', '226.0 g American cheese slices', '85.0 g cream cheese', '4.5 g prepared mustard', '9.9 g grated onion', '30.0 g horseradish spread', 'dash of Tabasco sauce', '67.5 g stuffed olives, chopped', '27.1 g mayonnaise', '0.6 g paprika', 'dash of Worcestershire sauce', 'rye bread']","['Mix cheese, sugar and pineapple.', 'Spread on ham; roll up. Cover with wax paper and chill.', 'Slice and serve.']","[""ham slices"", ""pineapple"", ""confectioners sugar"", ""cream cheese""]",www.cookbooks.com/Recipe-Details.aspx?id=241404,main,1288.9,2.0,3.0,"The recipe involves rolling up a mixture of ham, cheese, and cream cheese, which is commonly done for serving 3 to 4 portions.",644.4,True,35.8,22.5,3.6,67.4,606412.0,False,True,False,True,True,True,False,True,True,False,True,True,True,True,False,False,False,False,False
Ham And Cheese Roll-Ups,"['8 thin slices boiled ham (73.6 g)', '8 thin slices Swiss cheese (224.0 g)', '226.8 g cream cheese, softened', '28.0 g dry onion soup mix', '45.0 g finely chopped ripe olives']","['Mix cream cheese, onion soup mix and ripe olives well.', 'Spread a thin layer of this mixture onto a slice of ham.', 'Top with a slice of cheese and spread a thin layer of mixture on top.', 'Roll lengthwise.', 'Wrap tightly in foil and refrigerate several hours or overnight.', 'Continue process with remaining ham, cheese and mixture.', 'Slice thinly and place on round rye crackers.', 'Serve.']","[""onion soup"", ""swiss cheese"", ""cream cheese"", ""thin"", ""olives""]",www.cookbooks.com/Recipe-Details.aspx?id=247159,main,1875.9,3.0,4.0,"The recipe involves 8 slices of ham and 8 slices of cheese, suggesting a portion size per roll-up. Each roll-up includes layers of cream cheese, onion soup mix, and cheese, indicating it's meant to serve multiple people.",625.3,True,9.3,2.5,2.0,79.4,315661.0,True,True,True,True,True,True,False,True,True,True,True,True,True,True,False,False,False,False,False
Ham And Cheese Roll-Ups,"['80.0 g Pemrose ham', '226.0 g American cheese slices', '85.05 g cream cheese', '4.5 g prepared mustard', '9.9 g grated onion', '30.0 g horseradish spread', 'dash of Tabasco sauce', '67.5 g stuffed olives, chopped', '27.1 g mayonnaise', '0.6 g paprika', 'dash of Worcestershire sauce', 'rye bread']","['Combine cream cheese, mustard, olives, onions, mayonnaise, horseradish spread, paprika, Worcestershire sauce and Tabasco; mix well.', 'Spread on slice of ham.', 'Place a square of cheese on top of cheese mixture.', 'Roll up.', 'Refrigerate overnight.', 'Cut rye bread with small round cutter.', 'Slice ham into 10 slices.', 'Place on top of bread.', 'Freezes well.']","[""horseradish spread"", ""tabasco sauce"", ""onion"", ""worcestershire sauce"", ""cream cheese"", ""ham"", ""rye bread"", ""mayonnaise"", ""paprika"", ""mustard"", ""stuffed olives"", ""american cheese slices""]",www.cookbooks.com/Recipe-Details.aspx?id=224366,main,1289.0,2.0,6.0,"The recipe uses moderate amounts of cheese and ham, which are typically sufficient for 6 servings. The preparation process involves rolling and cutting portions, suggesting a portion size suitable for 6 servings.",644.5,False,32.7,20.3,3.6,63.9,797705.0,False,True,False,True,True,True,False,True,True,False,True,True,True,True,False,False,False,False,False
Tortilla Roll-Ups,"['300.0 g flour tortillas', '226.8 g cream cheese, softened', '9.9 g grated onion', '28.2 g hot sauce', '29.7 g sour cream', '113.4 g green chilies, chopped', '2 pkg. very thinly sliced smoked ham (optional)']","['Mix together cream cheese, onion, hot sauce, sour cream and chopped chilies.', 'Spread thinly on tortillas; lay ham on top of spread.', 'Roll tortillas up tightly.', 'Chill.', 'When ready to serve, cut into bite size pinwheels.']","[""green chilies"", ""sour cream"", ""very"", ""flour tortillas"", ""onion"", ""cream cheese"", ""hot sauce""]",www.cookbooks.com/Recipe-Details.aspx?id=1007250,main,1513.0,4.0,3.0,"estimated based on the main ingredients such as flour tortillas and cream cheese, which are typically used in portions suitable for 3 to 4 servings",378.2,True,168.7,21.4,12.7,40.3,799234.0,False,True,True,True,True,True,False,True,True,True,True,True,True,True,False,False,False,False,False
Tortilla Roll-Ups,"['4 flour tortillas (196.0 g)', '450.0 g cream cheese', '45.0 g dry ranch dressing mix', '2 green onions, finely chopped (220.0 g)', '74.5 g finely chopped red pepper', '60.0 g finely chopped celery', '3.2 g sliced black olives']","['Mix cream cheese, ranch dressing and onions and spread on tortillas.', 'Layer with red pepper, celery and olives.', 'Roll tortillas up tight, wrap in plastic wrap and refrigerate for several hours or overnight.', 'Slice and serve.']","[""flour tortillas"", ""green onions"", ""red pepper"", ""cream cheese"", ""celery"", ""black olives""]",www.foodgeeks.com/recipes/4002,main,3669.0,4.0,4.0,"The recipe uses 4 flour tortillas, which is typically enough for 4 servings. Additionally, the ingredients list includes quantities that suggest a portion size suitable for 4 people.",917.2,True,151.3,39.6,13.2,47.9,1809867.0,False,True,True,True,True,True,False,True,False,True,True,True,True,True,True,True,False,True,True
Tortilla Roll-Ups,"['1 (8 count) package 10-inch flour tortillas (49.0 g)', '226.0 g mozzarella cheese', '478.3 g chicken, cooked and cubed', '2 1/2 green onions, chopped (275.0 g)', '113.4 g canchopped green chilies', '301.5 g sour cream', '304.76 g cream of chicken soup']","['Preheat oven to 350 degrees.', 'Mix all ingredients (excluding tortillas and mozzarella cheese) in a large bowl.', 'Divide, saving half to spread over top of casserole.', 'Fill each torilla with mixture and roll into a burrito shape.', 'Then place in a 9x13 lightly greased baking pan.', 'When your pan is full, pour reserved mixture over top.', 'Top casserole with mozzeralla cheese.', 'Bake until bubbly, about 25 minutes.']","[""green chilies"", ""cream of chicken soup"", ""sour cream"", ""flour tortillas"", ""green onions"", ""mozzarella cheese"", ""chicken""]",www.food.com/recipe/tortilla-roll-ups-89131,main,2142.6,4.0,8.0,The recipe yields a 9x13 baking pan which is typically used for serving 8-10 portions. The filling includes ingredients that would be sufficient for 8 servings.,535.6,True,225.6,137.9,11.5,250.4,1909685.0,False,True,True,True,True,True,False,True,True,True,True,True,True,True,True,False,False,False,True
Tortilla Roll-Ups,"['226.8 g cream cheese', '226.8 g sour cream', '1 small can chopped green chilies', '4 green onions, chopped (440.0 g)', '3.0 g garlic salt', '300.0 g flour tortillas (12)']","['Mix first five ingredients well.', 'Spread mixture onto flour tortillas and roll them up.', 'Chill.', 'Cut into slices like cinnamon rolls.', 'Great appetizers or party snacks.']","[""green chilies"", ""sour cream"", ""green onions"", ""garlic salt"", ""flour tortillas"", ""cream cheese""]",www.cookbooks.com/Recipe-Details.aspx?id=693727,main,2680.1,4.0,6.0,The recipe yields 6 to 8 servings and uses a moderate amount of ingredients suitable for a group of 6-8 people.,670.0,True,213.3,46.1,18.0,49.1,44560.0,False,True,True,True,True,True,False,True,True,True,True,True,True,True,True,True,False,True,True
Tortilla Roll-Ups,"['453.6 g cream cheese, softened', '453.6 g sour cream', '70.9 g sliced ham', 'jalapeno peppers to taste (3 to 4 forkfuls)', '8 large flour tortillas (576.0 g)']","['Mix all together.', 'Spread on tortillas.', 'Roll up tortilla and slice about 1-inch thick.', 'Serve with hot sauce or salsa.']","[""sour cream"", ""flour tortillas"", ""peppers"", ""ham"", ""cream cheese""]",www.cookbooks.com/Recipe-Details.aspx?id=974736,main,4037.9,7.0,4.0,Tortilla roll-ups typically require multiple tortillas and the ingredients suggest a portion size suitable for 4 servings.,576.8,True,330.6,57.4,20.2,97.9,89064.0,False,True,True,True,True,True,False,True,True,True,True,True,True,True,False,False,False,False,False
Tortilla Roll-Ups,"['226.8 g carton sour cream', '226.8 g pkg. cream cheese', '113.4 g green chilies', 'lemon juice to taste', '1.0 g cumin', '300.0 g flour tortillas', 'picante sauce']","['Combine sour cream, cream cheese, green chilies, lemon juice and cumin.', 'Spread mixture over each tortilla and refrigerate several hours or overnight.', 'Slice into 3/4-inch pieces and serve with picante sauce.']","[""green chilies"", ""cumin"", ""sour cream"", ""lemon juice"", ""flour tortillas"", ""picante sauce"", ""cream cheese""]",www.cookbooks.com/Recipe-Details.aspx?id=694056,main,2497.9,4.0,3.0,"The recipe involves 300 grams of flour tortillas, which usually serve around 3-4 people, and the preparation steps suggest a portion size per person.",624.5,True,176.9,27.4,12.5,45.1,657088.0,False,True,True,True,True,True,False,True,True,True,True,True,True,True,True,True,False,True,True
Tortilla Roll-Ups,"['12 flour tortillas (588.0 g)', '1 large tub soft cream cheese (28.0 g)', '1 small can chopped olives', '1 small can diced chilies', 'garlic powder to taste']","['Mix all ingredients together and chill for at least one hour.', 'Spread on flat flour tortilla and tightly roll.', 'Slice jelly roll style.', 'Serve with salsa.']","[""flour tortillas"", ""cream cheese"", ""chilies"", ""olives"", ""garlic""]",www.cookbooks.com/Recipe-Details.aspx?id=1057382,main,1928.9,3.0,4.0,The recipe uses 12 flour tortillas which is typically enough for 4 servings.,643.0,True,292.0,22.9,20.6,49.9,852753.0,False,True,True,True,True,True,False,True,True,True,True,True,True,True,True,True,False,True,True
Tortilla Roll-Ups,"['4 flour tortillas (196.0 g)', '226.8 g cream cheese', '14.0 g Ranch dip mix', '1/2 small bell pepper (37.0 g)', '25.7 g green chilies (canned)', '256.8 g grated cheese (sharp Cheddar)', '15.0 g cilantro (use fresh, if possible)', 'salsa']","['Soften cream cheese and mix in the Ranch dip packet.', 'Chop bell pepper.', 'Chop cilantro.', 'Spread cream cheese mix on tortilla. Sprinkle chopped bell pepper over cream cheese.', 'Sprinkle green chilies over.', 'Sprinkle grated cheese and cilantro.', 'Roll tortilla and secure with a toothpick.', 'Repeat until all ingredients are used, usually makes 4 Roll-Ups.', 'Wrap each in aluminum foil and chill at least 3 hours.', 'Slice before serving.', 'Serve with salsa.']","[""green chilies"", ""bell pepper"", ""flour tortillas"", ""cilantro"", ""cream cheese"", ""salsa"", ""grated cheese""]",www.cookbooks.com/Recipe-Details.aspx?id=584443,main,1733.3,4.0,4.0,The recipe clearly states 'usually makes 4 Roll-Ups.' This indicates that the intended number of servings is 4.,433.3,False,128.7,15.8,13.9,92.8,489686.0,False,True,True,True,True,True,False,True,True,True,True,True,True,True,True,True,False,True,True
Tortilla Roll-Ups,"['675.0 g bulk sausage', '513.6 g cream-style cottage cheese', '14.2 g flour', '1.0 g oregano', '1.8 g basil', '0.4 g garlic powder', '792.0 g spaghetti sauce', '10 large tortillas (720.0 g)', '169.5 g shredded Mozzarella cheese']","['Brown sausage and drain off fat.', 'Stir in cottage cheese and flour.', 'Add oregano, basil and garlic powder to the spaghetti sauce.', 'Stir in 1/2 cup of the spaghetti sauce into the sausage mixture.', 'Spoon about 1/3 cup meat mixture onto each tortilla; roll up jelly roll style.', 'Place tortillas, seam side down, in a 9 x 13-inch baking pan.', 'Pour remaining spaghetti sauce over tortillas. Bake covered at 375° for 35 to 40 minutes.', 'Uncover; sprinkle Mozzarella cheese atop.', 'Bake 3 minutes or until cheese melts.']","[""oregano"", ""mozzarella cheese"", ""flour"", ""basil"", ""garlic powder"", ""tortillas"", ""spaghetti sauce"", ""sausage"", ""cream-style""]",www.cookbooks.com/Recipe-Details.aspx?id=833938,main,5530.8,9.0,10.0,"Based on the main ingredients and the directions, it seems most fitting to serve this recipe as 10 servings.",614.5,True,859.0,93.7,315.4,254.1,230317.0,False,True,True,True,True,True,False,True,True,True,True,True,True,True,True,False,False,False,False
Tortilla Roll-Ups,"['226.8 g cream cheese, at room temperature', '22.5 g horseradish sauce to taste', '300.0 g tortillas', '1 red onion, chopped (110.0 g)', 'thinly sliced beef (deli-sliced)', '1 1/2 tomatoes, chopped (184.5 g)']","['Mix cream cheese and horseradish together.', 'Spread evenly over tortilla.', 'Put 1 slice of beef on tortilla.', 'Add onion and tomatoes.', 'Roll tightly and cut into 1-inch pieces.', 'Serve with additional horseradish sauce or salsa to dip in.']","[""horseradish sauce"", ""tomatoes"", ""cream cheese"", ""tortillas"", ""beef"", ""red onion""]",www.cookbooks.com/Recipe-Details.aspx?id=872625,main,1770.9,3.0,4.0,The recipe uses 300 grams of tortillas which is typically sufficient for 4 servings.,590.3,True,178.2,29.2,14.6,41.4,291928.0,False,True,True,True,True,True,False,True,True,True,True,True,True,True,True,False,False,False,False
Seafood Soup,"['1 large onions sliced (150.0 g)', '160.8 g green onions with tops, sliced', '3 cloves garlic chopped (9.0 g)', '8.1 g parsley leaves chopped', '1 each sweet red bell peppers seeded, diced (119.0 g)', '732.0 g tomato sauce', '237.6 g white wine dry', '240.0 g water', '0.1 g thyme crushed', '0.1 g rosemary leaves crushed', '6.0 g salt', '0.6 g black pepper', '1 each bay leaves (0.6 g)', '450.0 g crab meat cubed', '450.0 g shrimp', '6 each scallops (51.4 g)']","[""Combine onions and garlic and cook, covered, over low heat until soft, stirring frequently so they don't scorch."", 'Add parsley, bell pepper, tomato sauce, wine, water, thyme, rosemary, salt, pepper and bay leaf and simmer, covered 1 hour.', 'Add crab or white fish, shrimp, scallops or clams and cook, covered, for 8 to 10 minutes or until scallops or clam shells open.', 'Discard any shells that do not open.']","[""scallops"", ""salt"", ""black pepper"", ""scallions"", ""sweet red bell peppers"", ""crab meat"", ""water"", ""rosemary"", ""thyme"", ""bay leaves"", ""onions"", ""parsley"", ""white wine"", ""shrimp"", ""garlic"", ""tomato sauce""]",recipeland.com/recipe/v/seafood-soup-41342,main,1769.1,3.0,4.0,"Based on the ingredients and the cooking process, it is estimated to serve approximately 4 people.",589.7,True,94.7,43.1,18.1,193.3,2000378.0,True,False,True,True,True,True,True,True,True,True,True,False,True,False,False,False,False,False,True
Seafood Soup,"['225.0 g fresh medium-size shrimp, rinsed and drained', '411.1 g no-salt added tomatoes', '248.1 g no-salt added whole kernel corn', '49.7 g Kikkoman Less Sodium Soy Sauce', '100.0 g dry sherry', '5.1 g lemon juice', '225.0 g bay scallops, rinsed and drained', '8.0 g cornstarch', '1 green onion and top, minced (110.0 g)', 'Dash white pepper']","['Shell and devein shrimp, placing only shells in large saucepan.', 'Rinse shrimp; drain.', 'Pour 3 cups water over shells; bring to boil.', 'Reduce heat; simmer, uncovered, 20 to 25 minutes, or until liquid is reduced in half.', 'Strain liquid; discard shells and return stock to saucepan.', 'Stir in tomatoes, corn, less sodium soy sauce, sherry and lemon juice; cover and bring to boil.', 'Reduce heat; simmer 5 minutes.', 'Add shrimp and scallops; simmer, uncovered, 2 minutes, stirring occasionally to break up tomatoes.', 'Blend cornstarch and 1 Tsbp. water; stir into soup.', 'Bring to boil; cook 1 minute, stirring constantly.', 'Stir in green onion and pepper; serve immediately.']","[""soy sauce"", ""lemon juice"", ""green onion"", ""white pepper"", ""sherry"", ""cornstarch"", ""bay scallops"", ""shrimp"", ""salt""]",www.foodnetwork.com/recipes/seafood-soup.html,main,938.9,2.0,4.0,"Based on the ingredients and the nature of the dish, it seems most fitting to estimate this recipe for 4 servings.",469.4,True,43.8,16.4,7.3,82.5,1694748.0,True,False,True,True,True,False,True,True,True,True,True,False,True,False,False,False,False,False,True
Tortilla Roll-Ups,"['226.8 g cream cheese', '226.8 g sour cream', '1 small can chopped green chilies', '4 green onions, chopped (440.0 g)', '3.0 g garlic salt', '300.0 g flour tortillas (12)']","['Mix first five ingredients well.', 'Spread mixture onto flour tortillas and roll them up.', 'Chill.', 'Cut into slices like cinnamon rolls.', 'Great appetizers or party snacks.']","[""green chilies"", ""sour cream"", ""green onions"", ""garlic salt"", ""flour tortillas"", ""cream cheese""]",www.cookbooks.com/Recipe-Details.aspx?id=693727,main,2341.1,4.0,6.0,The recipe yields 6 to 8 servings and uses a moderate amount of ingredients suitable for a group of 6-8 people.,585.3,True,213.3,46.1,18.0,49.1,44560.0,False,True,True,True,True,True,False,True,True,True,True,True,True,True,True,True,False,True,True
Trout Amandine,"['54.7 g butter', '47.5 g blanched slivered almond', '4.5 g salt, divided', '15.2 g fresh lemon juice', '120.6 g all-purpose flour', '1.1 g pepper', '0.1 g chopped fresh thyme', '166.0 g vegetable oil', '6 bass fillets (954.0 g)', 'milk', '2.0 g chopped fresh parsley']","['Melt butter in a saucepan over medium heat.', 'Saute almonds in butter until golden.', 'Add 1/4 teaspoons salt and lemon juice; remove from heat. Set aside.', 'Combine remaining 1/2 teaspoons salt, flour, pepper, and thyme.', 'Heat oil in a large skillet over medium-high heat.', 'Dip fillets in milk; dredge in flour mixture.', 'Fry fillets, 2 at a time until browned on both sides; drain in paper towels.', 'Remove to a serving dish; drizzle with almond butter sauce, and sprinkle with parsley.']","[""blanched slivered almond"", ""all-purpose flour"", ""pepper"", ""lemon juice"", ""thyme"", ""vegetable oil"", ""parsley"", ""milk"", ""trout"", ""butter"", ""salt""]",www.food.com/recipe/trout-amandine-208618,main,3505.4,6.0,2.0,"Given the quantity of fish and the preparation method, it seems reasonable to assume this recipe serves around 2-3 people.",584.2,True,102.8,3.0,8.4,192.1,1165939.0,False,True,True,False,True,True,False,False,True,True,True,True,True,True,True,True,False,False,True
Corn Pancakes,"['141.0 g frozen corn kernels', '3 egg whites lrgs (150.0 g)', '237.1 g tofu Soft', '115.0 g all purpose flour Unbleached', '1.0 g chopped parsley', '4.4 g baking powder', '6.0 g salt', '2.3 g black pepper']","['Set aside 1/2 cup corn kernels.', 'In a food processor or blender, blend remaining 1 cup corn with 1 egg white, tofu, flour, parsley, baking power, salt and pepper until smooth, stopping once to scrape down the sides of the container.', 'Transfer mixture to a bowl and stir in reserved whole corn.', 'In another bowl, beat the remaining 2 egg whites to soft, moist peaks that droop slightly when the beater is lifted (just a couple of minutes).', 'Scoop the egg whites onto the corn batter and fold them in gently with a rubber spatula.', 'Preheat oven to low.', 'Spray a nonstick skillet lightly with a nonstick spray and place over moderate heat.', 'When the skillet is hot enough to make the batter sizzle, make pancakes, using 1/4 cup batter per cake.', 'Cook until browned on the bottom, 2-3 minutes, then turn and cook until cakes are golden brown on the other side, about 2 more minutes.', 'Transfer to a platter and keep warm in oven.', 'Continue until all batter is used.']","[""corn"", ""baking powder"", ""black pepper"", ""lite"", ""egg whites"", ""parsley"", ""flour unbleached"", ""salt""]",www.yummly.com/recipe/Corn-Pancakes-1653521,main,861.7,1.0,4.0,"The primary ingredient is the corn, which is typically consumed in a portion size suitable for 4 to 6 servings. The batter is cooked into individual portions, suggesting a portion size that could serve multiple people.",861.7,True,142.6,16.1,9.4,153.9,1606055.0,False,True,False,True,True,False,True,True,True,True,True,True,True,True,True,True,False,True,True
Corn Pancakes,"['314.0 g finely ground cornmeal, preferably organic', '80.4 g all-purpose flour', '21.7 g baking soda', '3.0 g coarse salt', '13.3 g sugar', '54.7 g (1/2 stick) unsalted butter, cut into small pieces', '494.4 g buttermilk', '92.7 g milk', 'oil for coating pan']","['Preheat the oven to 250 degrees.', 'In a bowl, combine the cornmeal, flour, baking soda, salt, sugar and butter.', 'Blend together with your fingertips or a pastry blender until the consistency of a coarse meal.', 'Pour in the buttermilk and stir just until the dry ingredients are evenly moistened.', 'Add just enough milk to form a thin pancake batter, stirring gently to combine.', 'Heat the griddle or large castiron skillet over medium heat and lightly coat with butter or oil.', 'Ladle on about 1/4 cup of batter for each pancake and cook until bubbles form on the surface of each pancake and the bottom is golden brown.', 'Flip and cook on the second side until golden, about 1 minute.', 'Transfer to a paper towellined baking sheet and keep warm in the oven while you cook the rest of the pancakes.', 'Served hot, topped with Maple Fruit Compote.']","[""buttermilk"", ""coarse salt"", ""sugar"", ""baking soda"", ""all-purpose"", ""ground cornmeal"", ""milk"", ""butter"", ""unsalted butter""]",www.foodnetwork.com/recipes/corn-pancakes-recipe.html,main,2127.1,4.0,4.0,estimated based on the typical portion size for pancakes and the quantities of the main ingredients,531.8,True,596.3,311.1,31.7,216.6,1830377.0,False,True,True,True,True,True,False,True,True,True,True,True,True,True,True,True,False,True,True
Apple Crumble Pie,"['170.1 g refrigerated pie crusts, brushed with', '1 egg white, slightly beaten (50.0 g)', '595.4 g apple pie filling', '57.5 g flour', '54.0 g sugar', '4.1 g ground cinnamon', '54.6 g margarine', '81.8 g chopped pecans']","['Bake pie crust at 375 for 5 minutes; cool.', 'Pour apple pie filling into shell.', 'Mix flour,sugar and cinnamon in small bowl.', 'Add in margarine until mixture resembles coarse crumbs; stir in pecans.', 'Sprinkle over pie filling.', 'Bake at 375 for 25-30 minutes, or until topping is golden brown.', 'Serve sprinkled with powdered sugar.']","[""egg"", ""sugar"", ""pecans"", ""apple pie filling"", ""flour"", ""margarine"", ""ground cinnamon""]",www.food.com/recipe/apple-crumble-pie-95408,main,2633.3,4.0,3.0,"The recipe uses a single pie crust, a substantial amount of apple pie filling, and a generous topping. Given the cooking time and the typical serving size, it is estimated to serve around 3 to 4 people.",658.3,True,360.2,143.1,17.5,67.1,2060176.0,False,True,False,True,True,True,False,False,True,True,True,True,True,True,True,True,False,True,True
Apple Crumble Pie,"['crumble topping', '47.2 g butter chilled', '57.5 g flour', '1.4 g ground cinnamon', '1.1 g ground nutmeg', '40.8 g rolled oats', '120.0 g chopped nuts mixed', '108.0 g sugar', 'pie', '76.7 g flour sifted', '188.6 g butter chilled, chopped', '13.3 g sugar', '4 apples peeled, cored and stewed (800.0 g)', 'ice cream, to serve']","['Preheat oven to 400°F. For the pastry, combine flour and butter in a large bowl. Rub in well using fingertips until the mixture resembles fine breadcrumbs. Stir in the sugar, then add enough water to bring the dough together. Knead into a ball, wrap in cling wrap and chill 20 mins. Roll out between 2 sheets of parchment paper until 1 inch thick. Ease into a 10 inch pie pan. Trim the excess pastry and chill 10 mins.', 'Place pan on a baking sheet. Line pastry with parchment paper and fill with dry beans. Bake 10 mins, then remove paper and beans and bake 5 more mins. Cool on a wire rack. Reduce oven temperature to 350°F.', 'To make the crumble topping, rub the butter and flour together with your fingers until the mixture resembles breadcrumbs. Stir in the spices, oats, nuts and sugar. Add 3 tbsp cold water and mix gently.', 'To assemble, fill pastry with the stewed apples, leaving a bit of space at the top Spoon on the crumble topping, then place the dish on a baking sheet and bake 30 mins, or until the crumble is browned. Serve warm or hot with whipped cream or ice cream, if using.']","[""nuts mixed"", ""sugar"", ""rolled oats"", ""ground nutmeg"", ""pie"", ""flour"", ""whipped cream"", ""apples"", ""crumble topping"", ""ground cinnamon"", ""butter""]",www.yummly.com/recipe/Apple-Crumble-Pie-1403842,main,3942.3,7.0,2.0,"The recipe includes a pastry for a single pie and a crumble topping for the same pie, suggesting a single serving. Additionally, the apples are stewed and presumably divided among the servings, supporting the idea of multiple servings. Given the quantities of ingredients and the nature of the dish, it is reasonable to assume that this recipe could serve approximately 2 to 3 people.",563.2,True,394.0,231.0,26.2,44.7,1638750.0,False,True,True,True,True,True,False,True,True,True,True,True,True,True,True,True,False,True,True
Italian Pork Chops,"['878.4 g of crushed saltine crackers', '200.0 g of grated parmesan cheese', '14.5 g italian seasoning', '18.9 g garlic powder, more if you like', '218.6 g of melted butter, margarine also works', '6 pork chops (1194.0 g)']","['Preheat oven to 425 degrees.', 'In a medium bowl combine crushed saltines,parmesan cheese,Italian seasoning and garlic powder,mix well together.', 'Dip chops in melted butter and then dredge in cracker mixture coating all sides', 'Place chops in a 9x13 inch baking dish.', 'Bake at 425 degrees for 30-40 min or until internal temperature reaches 160 degrees.']","[""saltine crackers"", ""italian seasoning"", ""parmesan cheese"", ""pork chops"", ""garlic"", ""butter""]",www.food.com/recipe/italian-pork-chops-318001,main,4487.7,7.0,6.0,"The recipe specifies cooking for 6 pork chops and the ingredients suggest a portion size for 6 people, hence the estimated number of servings is 6.",641.1,True,69.0,2.0,0.4,307.1,2132260.0,False,True,True,True,True,True,False,True,True,True,True,True,True,True,False,False,False,False,False
Italian Pork Chops,"['25.1 g shortening', '6 loin pork chops (1194.0 g)', '1 medium onion, chopped (110.0 g)', '34.8 g green pepper, chopped', '226.8 g tomato sauce', '240.0 g water', '4.4 g sugar', '1.0 g oregano', '1.5 g garlic salt', 'salt and pepper to taste', '5 medium potatoes, quartered (1065.0 g)', 'grated Romano cheese']","['Melt shortening in large skillet.', 'Add pork chops and brown quickly on both sides.', 'Remove chops and drain all but 2 tablespoons fat.', 'Cook onion and green pepper until soft.', 'Ad tomato sauce, water, sugar and seasonings.', 'Heat to boiling and cook for 5 minutes.', 'Arrange potatoes in 9 x 13-inch baking dish.', 'Place pork chops on top of potatoes and pour sauce over all.', 'Cover casserole with lid or foil and bake at 350° for 1 hour.', 'Remove cover and sprinkle with cheese.', 'Bake 15 minutes more.']","[""potatoes"", ""oregano"", ""sugar"", ""salt"", ""romano cheese"", ""shortening"", ""garlic salt"", ""onion"", ""water"", ""loin pork chops"", ""green pepper"", ""tomato sauce""]",www.cookbooks.com/Recipe-Details.aspx?id=273820,main,3210.7,5.0,4.0,"The recipe includes 6 loin pork chops and 5 medium potatoes, which are typical serving sizes for this type of dish, leading to an estimation of 4 servings.",642.1,True,200.9,24.8,153.6,271.0,493513.0,True,True,True,True,True,True,False,True,True,True,True,True,True,True,False,False,False,False,False
Italian Pork Chops,"['4 lean pork chops (3 to 4 oz each) (796.0 g)', 'pepper', '225.0 g fresh mushrooms, sliced', '1 medium onion, chopped (110.0 g)', '2 cloves garlic, crushed (6.0 g)', '1 green pepper, chopped (119.0 g)', '453.6 g canned tomato sauce', '202.8 g cooking sherry', '15.2 g lemon juice', '0.2 g dried oregano', '0.4 g dried basil']","['Sprinkle chops with pepper.', 'Coat a large skillet with cooking spray.', 'Place chops in skillet and brown on both sides.', 'Transfer to a 2-qt baking dish.', 'Cover the chops with mushrooms and set aside.', 'Saute the onions, garlic, and green pepper over medium heat until tender.', 'Stir in the tomato sauce, sherry, lemon juice, oregano, and basil.', 'Let simmer, uncovered, for 10 to 15 minutes.', 'Pour tomato mixture over pork chops.', 'Cover and bake at 350 for 40 minutes.']","[""oregano"", ""lean pork chops"", ""pepper"", ""lemon juice"", ""onion"", ""mushrooms"", ""basil"", ""cooking sherry"", ""garlic"", ""green pepper"", ""tomato sauce""]",www.food.com/recipe/italian-pork-chops-46270,main,2397.2,4.0,3.0,"directions suggest a cooking time suitable for a larger portion size, hence estimating the recipe serves 3 people.",599.3,True,58.4,23.9,19.5,176.1,1873742.0,True,True,True,True,True,True,True,True,True,True,True,False,True,True,False,False,False,False,False
Italian Pork Chops,"['6 bone-in pork loin chops (6 ounces each and 3/4 inch thick) (1194.0 g)', '27.1 g olive oil', '1 large onion, chopped (150.0 g)', '225.0 g fresh mushrooms, sliced', '1 garlic clove, minced (3.0 g)', '411.1 g Italian diced tomatoes, drained', '6.0 g salt', '0.5 g dried oregano', '0.9 g dried basil', '0.3 g pepper', '1 large green pepper, julienned (164.0 g)']","['In a large skillet, brown pork chops in batches on both sides in oil; remove from skillet.', 'Add the onion, mushrooms and garlic; saute for 5 minutes or until tender.', 'Stir in the tomatoes, salt, oregano, basil and pepper.', 'Return pork chops to skillet; arrange green pepper between the chops.', 'Reduce heat; cover and simmer for 30 minutes or until meat is tender.']","[""italian diced tomatoes"", ""oregano"", ""pepper"", ""chops"", ""onion"", ""mushrooms"", ""green pepper"", ""basil"", ""garlic"", ""olive oil"", ""salt""]",www.tasteofhome.com/recipes/italian-pork-chops/,main,2494.4,4.0,4.0,"The recipe includes 6 bone-in pork loin chops, which is typical for serving 3-4 people. The cooking process involves simmering all the ingredients together, suggesting a portion size suitable for 4 servings.",623.6,True,54.5,19.8,19.2,257.3,1520698.0,True,True,True,True,True,True,True,True,True,True,True,True,True,True,False,False,False,False,False
Italian Pork Chops,"['4 whole Small Pork Chops, Bone In (or 2 Large Chops) (796.0 g)', '411.1 g Tomato Sauce', '411.1 g Petite Diced Tomatoes', '2 cloves Garlic, Crushed (6.0 g)', '1/2 whole Onion, Diced (55.0 g)', '5.3 g Dried Basil', '3.0 g Dried Oregano', '13.6 g Olive Oil', '29.3 g Red Wine', '453.6 g Pasta', 'Salt And Pepper, to taste']","['Salt and pepper both sides of the pork chops, set aside.', 'Add the tomato sauce, diced tomatoes, garlic, onion, basil, and oregano to your crock pot or slow cooker.', 'In a pan heat up a little oil over medium high heat, sear each pork chop until brown on each side (30 seconds to a minute).', 'After each pork chop has been seared place it in the slow cooker, submerging it as much as possible in the tomato mixture.', 'Over medium-high heat add the red wine to the pan you seared the pork chops in to deglaze the pan.', 'Scrape up any brown bits that are stuck to the pan.', 'As soon as the pan is deglazed (about 30 seconds) dump the red wine liquid into the crock pot.', 'Cover crock pot and set on low for 8 hours (if some of your pork chops arent submerged in the tomato sauce you might want to rotate them every 2 hours.)', 'After 8 hours, boil some water and prepare pasta according to packaging instructions.', 'Then drain.', 'You may want to salt and pepper the tomato sauce at this point but I find the pork flavors it enough that its not necessary.', 'Place pork chops on top of pasta (it should be so tender it falls off the bone) and spoon tomato sauce over the whole thing.', 'Devour pasta and sop up any of the wonderful tomato sauce with a piece of bread.']","[""oregano"", ""tomatoes"", ""salt"", ""pasta"", ""onion"", ""dried basil"", ""pork chops"", ""red wine"", ""garlic"", ""olive oil"", ""tomato sauce""]",tastykitchen.com/recipes/main-courses/italian-pork-chops/,main,3413.7,6.0,4.0,"The recipe serves 4 pork chops and requires cooking them in a crockpot for 8 hours. Given the amount of pasta required and the serving size, it is reasonable to assume this recipe serves around 4 people.",568.9,True,387.8,40.5,28.0,233.9,2035594.0,False,True,True,True,True,True,True,True,True,True,True,False,True,True,False,False,False,False,False
Italian Pork Chops,"['5.5 pork chops (1094.5 g)', '1 large can tomato sauce (182.0 g)', '3 green peppers (357.0 g)', '3 onions (330.0 g)', 'salt and pepper', 'oregano']","['In large skillet, brown pork chops, adding salt and pepper to taste.', 'Arrange in a casserole dish.', 'Slice peppers and onions. Put on top of pork chops.', 'Pour large can of tomato sauce over everything.', 'Sprinkle with oregano.', 'Bake at 350° for 1 hour or until done.']","[""oregano"", ""green peppers"", ""onions"", ""pork chops"", ""tomato sauce"", ""salt""]",www.cookbooks.com/Recipe-Details.aspx?id=490071,main,2120.4,4.0,4.0,"directions suggest baking pork chops with vegetables and tomato sauce, typical serving size for such preparation is around 4 portions",530.1,True,56.9,20.5,14.4,234.9,189299.0,True,True,True,True,True,True,True,True,True,True,True,True,True,True,False,False,False,False,False
Italian Pork Chops,"['6 pork loin chops (1194.0 g)', '27.1 g olive oil', '1 medium onion, chopped (110.0 g)', '34.8 g green pepper, chopped', '226.8 g tomato sauce', '240.0 g water', '4.4 g sugar', '1.0 g oregano', '6.0 g garlic salt', 'pepper', '5 medium potatoes, peeled and quartered (1065.0 g)', '240.4 g grated romano cheese']","['Preheat oven to 350 degrees.', 'Heat shortening in large skillet; add pork chops and brown quickly on both sides.', 'Remove chops and drain off all but 2 tablespoons fat.', 'Cook onion and green pepper in remaining fat for about 3 minutes or until onion is soft.', 'Add tomato sauce, water, sugar and seasonings.', 'Heat to boiling and cook for about 5 minutes.', 'Arrange potatoes in a large shallow baking dish or casserole.', 'Place pork chops on top of potatoes and pour sauce over all.', 'Cover casserole with lid or foil.', 'Bake at 350 degrees for 1 hour.', 'Remove cover and sprinkle with grated romano cheese, returning to oven and baking 15 minutes longer.']","[""potatoes"", ""oregano"", ""sugar"", ""pepper"", ""romano cheese"", ""garlic salt"", ""onion"", ""water"", ""pork loin chops"", ""vegetable oil"", ""green pepper"", ""tomato sauce""]",www.food.com/recipe/italian-pork-chops-97460,main,4127.6,7.0,4.0,"Given the quantities of ingredients and the cooking method, I estimate this recipe serves approximately 4 people.",589.7,True,210.1,25.9,153.4,347.5,969118.0,True,True,True,True,True,True,False,True,True,True,True,True,True,True,False,False,False,False,False
Italian Pork Chops,"['6 center cut pork chops (1194.0 g)', '1 large can tomatoes (182.0 g)', '1 large green pepper, chopped (164.0 g)', '1 large onion, chopped (150.0 g)', '113.4 g sliced mushrooms', 'oregano', 'garlic salt', 'thyme']","['Season chops with garlic salt, thyme and oregano.', 'Place in shallow dish.', 'Mix onion, pepper and mushrooms in tomatoes and pour over pork chops.', 'Cover and bake at 350° for 1 1/2 hours. Serve with rice.']","[""oregano"", ""tomatoes"", ""onion"", ""mushrooms"", ""thyme"", ""garlic"", ""center"", ""green pepper""]",www.cookbooks.com/Recipe-Details.aspx?id=277196,main,2181.9,4.0,4.0,directions suggest serving with rice and the main ingredient is listed as 113.4 g of sliced mushrooms which can be roughly considered for 4 servings,545.5,True,29.0,11.2,7.7,251.7,622653.0,True,True,True,True,True,True,True,True,True,True,True,True,True,True,False,False,False,False,False
Italian Pork Chops,"['4 boneless pork chops (1/2-inch thick; 1 1/2 lb.) (796.0 g)', '60.0 g Bisquick mix', '78.3 g Italian dressing', '54.0 g Progresso garlic/herb bread crumbs', '27.3 g vegetable oil']","['Coat pork chops with Bisquick mix.', 'Dip coated chops into Italian dressing.', 'Then coat with bread crumbs.', 'Heat oil in a 12-inch nonstick skillet over medium-high heat.', 'Cook pork about 5 minutes or until golden brown.', 'Reduce heat to low.', 'Carefully turn chops.']","[""italian dressing"", ""bisquick mix"", ""progresso garlic"", ""pork chops"", ""vegetable oil""]",www.cookbooks.com/Recipe-Details.aspx?id=130114,main,2032.6,3.0,4.0,"The recipe involves multiple steps of preparation, including coating the pork chops with Bisquick mix, dipping them in Italian dressing, and then coating with bread crumbs. This indicates a substantial preparation process. The cooking method suggests a portion size that would serve 4 people, as the cooking time and method are designed for a specific serving size.",677.5,True,268.8,14.8,3.9,176.8,522947.0,False,True,True,True,True,True,True,True,True,True,True,True,True,True,False,False,False,False,False
Italian Pork Chops,"['2 whole Eggs (100.0 g)', '45.7 g Milk Or Cream', '9.0 g Dijon Mustard', '28.4 g Flour', ""5.8 g Lemon Zest (for 1 Teaspoon You'll Need 1 Small Lemon)"", '81.0 g Italian Bread Crumbs', 'Salt And Pepper, to taste', '4 Pork Chops (bone-in 3/4 Inch Pork Chops) (796.0 g)']","['1.', 'In a shallow pan, combine the eggs, milk, dijon, and salt and pepper.', 'In another pan, add the flour, lemon zest, and a little more salt and pepper.', 'In another pan, pour in the bread crumbs.', '2.', 'First, place the pork chops in the flour mixture and cover completely.', 'Next, drop the pork chop in the egg mixture and then into the bread crumbs.', '3.', 'Preheat the oven to 425F.', 'Spray a broiler pan with non stick spray.', 'Place the pork chops on the pan and cook for about 25 minutes; flipping half way through.', 'Then, switch the oven to broil and cook the pork chops until they are golden brown, about 5 minutes longer.']","[""dijon mustard"", ""eggs"", ""lemon zest"", ""flour"", ""milk"", ""italian bread"", ""salt""]",tastykitchen.com/recipes/main-courses/italian-pork-chops-2/,main,2125.1,4.0,1.0,"The main ingredient, pork chops, is listed individually and the quantities of other ingredients are small, indicating a single serving size.",531.3,True,88.6,7.8,4.4,229.7,1841808.0,False,True,False,True,True,True,False,True,True,False,True,True,True,True,False,False,False,False,False
Italian Pork Chops,"['4 nice pork chops (not too thick) (796.0 g)', '13.5 g margarine (butter burns too quick)', '14.5 g italian seasoning', '56.8 g garlic', '118.9 g onion powder (or use fresh if u like)', '4 tart apples, peeled and chopped (800.0 g)', '4 celery ribs, chopped fine (160.0 g)', 'pepper, blend']","['Cook celery until almost tender in 1 tablespoon of margarine.', 'strain and remove.', 'add chops and brown on one side -- season with spices and turn over season with remaining spices.', 'brown other side.', 'add apples , and partially cooked celery cover and cook on medium heat until chops are done and apples are tender but not mushy.']","[""pepper"", ""italian seasoning"", ""onion"", ""celery"", ""margarine"", ""pork chops"", ""apples"", ""garlic""]",www.food.com/recipe/italian-pork-chops-320873,main,2028.3,3.0,4.0,"directions suggest cooking chops and apples together, indicating a single serving size for both components.",676.1,True,188.0,106.9,21.8,172.4,2078349.0,True,True,True,True,True,True,False,True,False,True,True,True,True,True,False,False,False,False,False
Italian Pork Chops,"['1.8 g basil', '3 cloves garlic (9.0 g)', '6.0 g salt', '2.3 g pepper', '14.2 g flour', '48.7 g chicken broth', '4 (1-inch) pork chops (796.0 g)', '26.9 g butter', '13.6 g olive oil', '118.8 g white wine']","['Chop garlic fine.', 'Add salt and basil and mash into paste.', 'Rub pork chops with the paste and leave for 1 hour.']","[""pepper"", ""flour"", ""basil"", ""chicken broth"", ""pork chops"", ""white wine"", ""garlic"", ""butter"", ""olive oil"", ""salt""]",www.cookbooks.com/Recipe-Details.aspx?id=1039528,main,1973.9,3.0,2.0,estimated based on small quantities of herbs and spices without any indication of cooking time or portion sizes,658.0,True,31.3,10.7,1.2,176.2,288841.0,False,True,True,True,True,True,False,True,True,True,True,False,True,True,False,False,False,False,False
Cream Cheese Cookies,"['85.0 g cream cheese, softened', '109.3 g butter', '160.8 g all-purpose flour', 'strawberry preserves']","['Combine the cream cheese, butter and flour and blend completely.', 'Chill.', 'Roll out the dough, half at a time, to about 1/4 inch thick.', 'Cut into small rounds or other dainty shapes.', 'Make a small depression in the center of each cookie and place 1/2 teaspoons preserves.', 'Bake on an ungreased cookie sheet at 350 degrees for about 20 minutes.', ""Cool, and dust with confectioners' sugar if desired."", ""Note: I love using Knott's Berry Farm Raspberry preserves.""]","[""flour"", ""raspberry preserves"", ""butter"", ""cream cheese""]",www.food.com/recipe/cream-cheese-cookies-234554,main,1660.0,3.0,2.0,"The recipe does not specify the number of servings. However, it seems to be a small batch recipe as it mentions chilling and rolling out the dough, which is typically done for smaller quantities. The ingredients list includes 85g of cream cheese and 109.3g of butter, which is a moderate amount for a serving size. Given the preparation steps, it is reasonable to estimate this recipe serves around 2 people.",553.3,True,127.4,3.7,4.3,22.7,1729997.0,False,True,True,True,True,True,False,True,True,True,True,True,True,True,True,True,False,True,True
Cream Cheese Cookies,"['1 box vanilla wafers (30.0 g)', '1 box (2 to 2 1/2-inch) foiled baking cups', '2 (8 oz.) pkg. cream cheese (56.0 g)', '162.0 g sugar', '15.2 g lemon juice', '4.3 g vanilla', '2 eggs (100.0 g)', '595.0 g pie filling (any flavor)', '234.0 g oatmeal', '146.4 g coconut', '109.0 g chopped pecans', '165.0 g raisins, lightly floured']","['Bake at 375° for 10 minutes.', 'When removed from oven, loosen each cookie', 'cool on pan about 5 minutes.', 'Remove to paper towel and cool completely before storing in airtight container.']","[""sugar"", ""vanilla"", ""lemon juice"", ""eggs"", ""vanilla wafers"", ""pecans"", ""cream cheese"", ""raisins"", ""coconut"", ""baking cups"", ""oatmeal"", ""pie filling""]",www.cookbooks.com/Recipe-Details.aspx?id=712555,dessert,3938.1,13.0,3.0,"The recipe uses a small quantity of main ingredients such as vanilla wafers and cream cheese, which are typically sufficient for 3 to 4 servings. The directions indicate baking in individual portions, suggesting a smaller serving size.",302.9,True,625.3,290.4,50.7,92.2,890360.0,False,True,False,True,True,True,False,False,True,True,True,True,True,True,True,True,False,True,True
Cream Cheese Cookies,"['54.6 g margarine', '226.8 g cream cheese', '1 egg (50.0 g)', '1.1 g vanilla', ""524.5 g devil's food cake mix""]","['Cream margarine and cream cheese.', 'Blend in egg and vanilla.', 'Add cake mix 1/3 at a time and mix well.', 'Cover and chill 30 minutes.']","[""egg"", ""vanilla"", ""cake mix"", ""cream cheese"", ""margarine""]",www.cookbooks.com/Recipe-Details.aspx?id=918077,dessert,3392.1,11.0,8.0,directions suggest this kind of pan which is fitting for a 8 servings recipe,308.4,True,417.4,224.0,13.6,64.9,261006.0,False,True,False,True,True,True,False,True,True,True,True,True,True,True,True,True,False,True,False
Cream Cheese Cookies,"['54.6 g softened butter or margarine', '1 (8 oz.) pkg. softened cream cheese (28.0 g)', '1 egg (50.0 g)', '1.1 g vanilla', '524.0 g yellow cake mix']","['Cream butter and cheese.', 'Blend in egg and vanilla. Add dry cake mix, 1/3 at a time, mixing well after each addition.', '(If mixer is used, add last 1/3 of cake mix by hand.)', 'Cover and chill 30 minutes.']","[""egg"", ""vanilla"", ""cream cheese"", ""yellow cake mix"", ""butter""]",www.cookbooks.com/Recipe-Details.aspx?id=922146,dessert,2521.6,8.0,2.0,"The recipe involves mixing together softened butter/margarine, cream cheese, an egg, and yellow cake mix. Given the quantities of the main ingredients (butter/margarine, cream cheese, and cake mix) and the simplicity of the recipe, it is reasonable to assume this recipe serves around 2 people.",315.2,True,432.2,228.4,6.3,45.1,287988.0,False,True,False,True,True,True,False,True,True,True,True,True,True,True,True,True,False,True,False
Cream Cheese Cookies,"['72.9 g butter', '57.8 g brown sugar', '115.0 g flour', '120.0 g nuts', '1 egg, beaten (50.0 g)', '54.0 g sugar', '226.8 g cream cheese', '30.5 g milk', '2.1 g vanilla', '15.2 g lemon juice']","['Mix together the first 4 ingredients.', 'Take out about 1 cup of mixture.', 'Spread remaining ingredients in an 8 x 12 x 2-inch pan to make a crumb crust.', 'Bake at 350° for 12 to 15 minutes.']","[""egg"", ""sugar"", ""vanilla"", ""lemon juice"", ""brown sugar"", ""cream cheese"", ""flour"", ""nuts"", ""milk"", ""butter""]",www.cookbooks.com/Recipe-Details.aspx?id=1086284,dessert,2971.9,10.0,3.0,"The recipe involves mixing and baking, suggesting a single serving, but the presence of nuts and the size of the pan indicates it might serve 3 to 4 people. I've chosen 3 servings as a conservative estimate.",297.2,True,232.8,133.7,11.2,60.2,423975.0,False,True,False,True,True,True,False,True,True,True,True,True,True,True,True,True,False,True,True
Cream Cheese Cookies,"['1 stick butter (113.0 g)', '3 small pkg. Philadelphia cream cheese (84.0 g)', '216.0 g sugar', '115.0 g flour', '4.4 g baking powder', '4.3 g vanilla', '9 walnuts or pecans, chopped (31.5 g)']","['Bring butter and cream cheese to room temperature.', 'Cream butter and cream cheese together, slowly adding sugar.', 'Add flour, baking powder and vanilla until blended.', 'Add nuts.', 'Drop by teaspoon onto a cookie sheet.', 'Bake at 350° for 10 minutes.', 'Will brown lightly around bottom and lightly on top.', 'Then they are firmly set.']","[""baking powder"", ""sugar"", ""vanilla"", ""flour"", ""philadelphia cream cheese"", ""walnuts"", ""butter""]",www.cookbooks.com/Recipe-Details.aspx?id=754630,dessert,2389.6,8.0,4.0,"Cookies are a portion-sized treat, typically serving 3-4 per person.",298.7,True,316.8,222.0,5.3,23.1,402477.0,False,True,True,True,True,True,False,False,True,True,True,True,True,True,True,True,False,True,True
Cream Cheese Cookies,"['1 cake mix (any flavor; my favorite is German chocolate) (524.0 g)', '226.8 g cream cheese', '1 egg (50.0 g)', '1/2 stick oleo (56.5 g)', '1/2 c. chocolate chips (optional)']","['Have cream cheese and oleo at room temperature.', 'Mix other ingredients.', 'Take dough by teaspoonfuls.', 'Roll out in balls and place on greased cookie sheets.', 'Bake at 375° for 8 to 10 minutes or until done.']","[""oleo"", ""egg"", ""cream cheese"", ""cake"", ""nuts""]",www.cookbooks.com/Recipe-Details.aspx?id=444331,dessert,3400.7,11.0,8.0,The recipe yields 8 cookies and the main ingredients (cake mix and cream cheese) suggest that this quantity is suitable for serving 8 people.,309.2,True,416.0,223.6,13.6,64.8,608423.0,False,True,False,True,True,True,False,True,True,True,True,True,True,True,True,True,False,True,False
Cream Cheese Cookies,"['204.0 g shortening', '216.0 g sugar', '170.1 g cream cheese', '4.3 g vanilla', '2 egg yolks (100.0 g)', '230.0 g flour', '3.0 g salt']","['Mix all ingredients until well blended.', 'Roll into 1 inch balls.', 'Put 1/2 cherry on top and bake for 10 minutes at 350°. Makes 5 dozen.']","[""sugar"", ""vanilla"", ""shortening"", ""cream cheese"", ""flour"", ""egg yolks"", ""salt""]",www.cookbooks.com/Recipe-Details.aspx?id=320151,dessert,4519.1,5.0,25.0,"Makes 5 dozen cookies, which is equivalent to 25 cookies. This fits well with the serving size typically expected for a small batch cookie recipe.",903.8,False,397.7,226.6,6.2,70.3,448604.0,False,True,False,True,True,True,False,True,True,True,True,True,True,True,True,True,False,True,True
Cream Cheese Cookies,"['85.0 g cream cheese', '109.3 g butter (1/4 lb.)', '119.8 g sugar', '9 walnut, finely chopped (31.5 g)', '115.0 g flour']","['Cream the cream cheese and butter.', 'Gradually add sugar, nuts and flour.', 'Drop on ungreased cookie sheets and flatten dough with wet finger until wafer-thin.', 'Bake at 350° for 10 minutes.', 'Makes 3 dozen.']","[""sugar"", ""walnut"", ""cream cheese"", ""flour"", ""butter""]",www.cookbooks.com/Recipe-Details.aspx?id=1022474,dessert,2226.2,3.0,12.0,"The recipe makes 3 dozen cookies, which is equivalent to 36 cookies. Given the relatively small quantities of ingredients, it seems most appropriate to estimate this as serving 12 people.",742.1,False,214.4,125.6,5.2,24.1,606684.0,False,True,True,True,True,True,False,False,True,True,True,True,True,True,True,True,False,True,True
Cream Cheese Cookies,"['218.6 g butter, melted and cooled', '85.0 g cream cheese, softened', '216.0 g sugar', '1 egg yolk (50.0 g)', '287.5 g flour', '12.8 g vanilla', 'pecan halves']","['Cream together butter and cream cheese; add sugar. Beat egg yolk.', 'Add flour and vanilla.', 'Chill 1 hour.', 'Shape into 1-inch balls.', 'Put on greased cookie sheet.', 'Press pecan into cookie.', 'Bake at 350° for 12 minutes.']","[""sugar"", ""vanilla"", ""egg yolk"", ""cream cheese"", ""flour"", ""pecan halves"", ""butter""]",www.cookbooks.com/Recipe-Details.aspx?id=90422,dessert,4097.1,14.0,2.0,"Cookies are a small portion size, typically serving 2-3 per person. The recipe yields 12 cookies, which fits well within this range.",292.7,True,436.7,225.5,7.8,56.7,529184.0,False,True,False,True,True,True,False,False,True,True,True,True,True,True,True,True,False,True,True
Cream Cheese Cookies,"['204.0 g shortening', '85.05 g cream cheese', '216.0 g sugar', '1 egg yolk (50.0 g)', '4.3 g vanilla', '2.0 g finely grated orange rind', '287.5 g sifted flour', '3.0 g salt', '0.7 g cinnamon']","['Cream shortening and cheese together; add sugar and continue creaming.', 'Beat egg yolk, vanilla, and orange rind together.', 'Sift flour, salt and cinnamon together.', 'Mix all ingredients together.', 'Place cookies on a cookie sheet and bake 12-15 minutes at 350 degrees.']","[""sugar"", ""vanilla"", ""egg yolk"", ""shortening"", ""cinnamon"", ""cream cheese"", ""flour"", ""orange rind"", ""salt""]",www.cookbooks.com/Recipe-Details.aspx?id=77313,dessert,4311.8,14.0,2.0,"Cookies are a small portion size, typically serving 2-3 per person.",308.0,True,433.4,222.2,8.3,51.4,380616.0,False,True,False,True,True,True,False,True,True,True,True,True,True,True,True,True,False,True,True
Cream Cheese Cookies,"['218.4 g oleo, softened', '85.0 g cream cheese', '216.0 g sugar', '1 egg yolk (50.0 g)', '287.5 g flour (scant)', '4.3 g vanilla', 'candied cherries']","['Cream the oleo and cheese. Slowly add sugar and beat until fluffy. Beat in egg yolk.', 'Add flour and vanilla.', 'Mix well. Chill thoroughly.', 'Shape in small balls.', 'Press cherry lightly on dough to flatten. Bake at 325° for 12 to 15 minutes.']","[""oleo"", ""sugar"", ""vanilla"", ""egg yolk"", ""cream cheese"", ""flour"", ""candied cherries""]",www.cookbooks.com/Recipe-Details.aspx?id=281648,dessert,4070.7,14.0,3.0,directions suggest this kind of pan which is fitting for a 3 servings recipe,290.8,True,435.5,224.3,7.8,54.8,790096.0,False,True,False,True,True,True,False,True,True,True,True,True,True,True,True,True,False,True,True
Cream Cheese Cookies,"['226.8 g cream cheese', '54.6 g margarine', '432.0 g strawberry cake mix', '1 egg (50.0 g)', '1.1 g vanilla', '120.0 g chopped nuts']","['Beat cream cheese and butter until light and fluffy.', 'Mix in about 1/2 of the cake mix, the egg and vanilla until smooth.', 'Stir in remaining cake mix and nuts.', 'Drop dough by teaspoonful onto ungreased cookie sheet.', 'Bake at 375° for 8 to 10 minutes.', 'Cool slightly; remove from cookie sheet.', 'Makes about 5 dozen cookies.']","[""egg"", ""vanilla"", ""strawberry cake mix"", ""cream cheese"", ""nuts"", ""margarine""]",www.cookbooks.com/Recipe-Details.aspx?id=475768,dessert,2043.6,7.0,5.0,"Makes about 5 dozen cookies. One dozen equals 12, so 5 dozen equals 60 cookies. This aligns with the serving size typically expected for a cookie recipe.",291.9,True,52.7,25.7,16.7,46.9,78189.0,False,True,False,True,True,True,False,True,True,True,True,True,True,True,True,True,False,True,False
Stuffed Pizza,"['225.0 g Italian sausage', '225.0 g ground beef', '400.0 g Bisquick baking mix', '180.0 g cold water', '339.0 g shredded Mozzarella cheese', '439.4 g pizza sauce', 'favorite pizza toppings']","['Heat oven to 450°.', 'Grease rectangular baking dish, 13 x 9 x 2-inch.', 'Cook and stir sausage and ground beef until brown; drain and set aside.', 'Mix baking mix and water until dough forms.', 'Divide in two parts, one part slightly larger.', 'Roll larger portion of dough into rectangle, 16 x 14-inches.', 'Place in dish; press on bottom and up sides.', 'Sprinkle with 1 cup of cheese; cover with 3/4 cup pizza sauce and meat mixture and other toppings.', 'Cover with 1 1/2 cups of the cheese.', 'Roll remaining dough into rectangle, 13 x 9-inches.', 'Place over cheese in dish.', 'Press bottom and top crust edges together to seal.', 'Make small slits in top crust.', 'Spread crust with remaining pizza sauce and cheese.', 'Bake 22 to 25 minutes or until crust is golden.', 'Makes 8 to 10 servings.']","[""favorite pizza toppings"", ""pizza sauce"", ""mozzarella cheese"", ""cold water"", ""bisquick baking mix"", ""ground beef"", ""italian sausage""]",www.cookbooks.com/Recipe-Details.aspx?id=656631,main,3520.3,6.0,8.0,"The recipe specifies 8 to 10 servings, which aligns well with the quantities of ingredients and the scale of the dish. The combination of meat, cheese, and sauce suggests a substantial serving size suitable for 8 to 10 people.",586.7,False,466.5,45.5,115.6,238.4,174121.0,False,True,True,True,True,True,False,True,True,True,True,True,True,True,True,False,False,False,False
Stuffed Pizza,"['13.3 g sugar', '14.0 g (1/4 ounce each) active dry yeast', '300.0 g warm water', '522.6 g all-purpose flour', '18.0 g salt', '55.3 g canola oil', '450.0 g ground beef', '1 medium onion, chopped (110.0 g)', '63.8 g sliced ripe olives, drained', '127.6 g sliced mushrooms, drained', '283.5 g frozen chopped spinach, thawed and well drained', '226.0 g shredded part-skim mozzarella cheese', '1056.0 g spaghetti sauce']","['For crust, dissolve sugar and yeast in water; set aside.', 'In a large bowl, combine flour and salt.', 'Stir in yeast mixture and oil; mix until dough forms a ball.', 'Knead on a lightly floured surface 6-8 minutes or until smooth.', 'Place in a greased bowl, turning once to grease top.', 'Cover and let rise in a warm place until doubled, about 1 hour.', 'Meanwhile, for filling, cook beef and onion over medium heat until meat is no longer pink; drain and cool.', 'Stir in the olives, mushrooms, spinach and cheese; set aside.', 'Punch dough down.', 'Divide into two pieces, one slightly larger than the other.', 'Roll out the larger piece into a 15-in. circle.', 'Press onto the bottom and up the sides of a greased 12-in. deep-dish pizza pan.', 'Cover with meat mixture.', 'Roll out remaining dough into a 12-in. circle; place over meat mixture.', 'Crimp edges of crusts together to seal; gently press top crust onto meat filling. Cut a 1-in. slit in center of crust.', 'Spread spaghetti sauce over top crust.', 'Bake at 475° for 35-40 minutes or until lightly browned.']","[""sugar"", ""warm water"", ""active dry yeast"", ""olives"", ""mozzarella cheese"", ""canola oil"", ""onion"", ""mushrooms"", ""flour"", ""ground beef"", ""spaghetti sauce"", ""spinach"", ""salt""]",www.tasteofhome.com/recipes/stuffed-pizza/,main,4706.7,8.0,5.0,"The recipe includes substantial amounts of ground beef, vegetables, and cheese, suggesting it is meant for multiple servings.",588.3,True,533.0,77.8,53.2,290.4,1511982.0,False,True,True,True,True,True,False,True,True,True,True,True,True,True,True,False,False,False,False
Stuffed Pizza,"['3 loaves frozen dough (132.0 g)', '225.0 g baked ham', '112.5 g salami', '112.5 g sandwich pepperoni', 'Progresso pepper salad', '225.0 g Provolone']","['Thaw out in bread wrapper 3 loaves of frozen dough (Dakato Brand is best).', 'Let rise until double in size, about 8 hours. Grease 2 pizza pans (13 x 18-inch) with Crisco.', 'Cut dough in half.', 'Press 1/2 dough into each pan.', ""(Make sure dough doesn't shrink.)"", 'Cover with towel and let rise for 1 hour.']","[""sandwich pepperoni"", ""provolone"", ""salami"", ""ham"", ""progresso pepper""]",www.cookbooks.com/Recipe-Details.aspx?id=473986,main,2508.3,4.0,6.0,"The recipe involves preparing stuffed pizzas using multiple loaves of dough and various toppings. Given the number of loaves of dough (3), it is reasonable to assume this recipe serves around 6 to 8 people, which aligns with the yield mentioned in the directions.",627.1,True,88.3,62.0,1.2,146.0,21016.0,True,True,True,True,True,True,True,True,True,True,True,True,True,True,False,False,False,False,False
Stuffed Pizza,"['225.0 g sausage', '225.0 g hamburger', '420.0 g Bisquick', '339.0 g Mozzarella cheese', '180.0 g cold water', '400.0 g pizza sauce', 'your favorite pizza toppings']","['Lightly grease a 13 x 9-inch pan.', 'Brown sausage and hamburger and drain.', 'Mix Bisquick and water; divide dough in 2 parts, one larger.', 'Roll larger section into rectangle and place in pan.', 'Sprinkle 1 cup of cheese, 3/4 cup pizza sauce, meat and other toppings.', 'Cover with 1 1/2 cups of cheese.', 'Roll remaining dough and place on top of mixture.', 'Press edges together and make slits in top.', 'Spread with remaining pizza sauce and cheese.', 'Bake at 450° for 20 to 25 minutes.']","[""bisquick"", ""pizza sauce"", ""sausage"", ""mozzarella cheese"", ""cold water"", ""hamburger"", ""your favorite pizza""]",www.cookbooks.com/Recipe-Details.aspx?id=200480,main,3304.0,6.0,6.0,"estimated based on the substantial amounts of sausage, hamburger, and cheese, as well as the pan size commonly used for serving multiple portions.",550.7,True,477.1,56.2,115.3,208.7,610604.0,False,True,True,True,True,True,False,True,True,True,True,True,True,True,True,False,False,False,False
Stuffed Pizza,"['1818.0 g dairy pizza crusts (1 for bottom and 1 for top)', '369.0 g Ricotta cheese', '136.5 g frozen chopped broccoli, cooked and drained well', '2 eggs (100.0 g)', '242.0 g chopped tomatoes with spices, drained well', 'Mozzarella cheese', '226.0 g Parmesan cheese']","['Mix together Ricotta cheese, broccoli and eggs.', 'Spread on bottom crust.', 'Spoon chopped tomatoes on bottom crust.', 'Top with Mozzarella cheese and Parmesan cheese.', 'Top with second crust. Bake at 450° for 25 minutes.', 'One-half cup of pizza sauce last few minutes of baking.']","[""tomatoes"", ""eggs"", ""mozzarella cheese"", ""parmesan cheese"", ""broccoli"", ""ricotta cheese"", ""dairy pizza crusts""]",www.cookbooks.com/Recipe-Details.aspx?id=808368,main,7050.9,12.0,6.0,"Primary reason for the estimation is the combination of the pizza crusts and the substantial amount of cheese, which typically indicates a larger serving size.",587.6,True,675.1,55.3,44.6,343.2,763870.0,True,True,False,True,True,True,False,True,True,True,True,True,True,True,True,True,False,True,True
Stuffed Pizza,"['112.5 g sausage', '225.0 g ground beef', '339.0 g shredded Mozzarella cheese', '439.4 g spaghetti sauce', '420.0 g Bisquick mix', '180.0 g water']","['Cook sausage and ground beef until brown.', 'Drain grease.', 'Mix Bisquick and cold water until forms a ball.', 'Divide dough into 2 parts.']","[""bisquick mix"", ""pizza sauce"", ""mozzarella cheese"", ""water"", ""ground beef"", ""sausage""]",www.cookbooks.com/Recipe-Details.aspx?id=364995,main,3223.3,5.0,4.0,"The recipe involves cooking meat and using Bisquick, which are typically portioned for serving 4-6 people.",644.7,True,406.8,49.5,69.8,224.5,435820.0,False,True,True,True,True,True,False,True,True,True,True,True,True,True,True,False,False,False,False
Stuffed Pizza,"['450.0 g bulk italian sausage', '450.0 g ground beef', 'bisquick cup Original', '240.0 g cold water', '339.0 g shredded mozzarella cheese', '411.1 g pizza sauce', '238.0 g sliced mushrooms', '110.4 g chopped green bell pepper']","['Heat oven to 450 degrees.', 'Grease rectangular baking dish, 13 by 9 by 2 inches.', 'Cook sausage and ground beef in 10-inch skillet over medium heat, stirring occasionally, until brown.', 'Drain; set aside.', 'Stir Bisquick and water in large bowl until dough forms.', 'Divide dough into 2 parts, 1 part slightly larger.', 'Roll larger part dough into rectangle, 16 by 14 inches, on surface dusted with Bisquick.', 'Fold crosswise into thirds.', 'Place in center of baking dish; unfold.', 'Press on bottom and up sides of dish.', 'Sprinkle with 1 cup of the cheese; top with 3/4 cup of the pizza sauce, the meat mixture, mushrooms and bell pepper, pizza toppings and 1 1/2 cups of the cheese.', 'Roll remaining part dough into rectangle, 13 by 9 inches.', 'Fold crosswise into thirds.', 'Place on cheese in center of baking dish; unfold.', 'Press bottom and top crust edges together to seal.', 'Make small slits in top crust.', 'Spread remaining pizza sauce over crust; sprinkle with remaining cheese.', 'Bake uncovered 22 to 25 minutes or until edges of crust are golden brown.']","[""bisquick"", ""pizza sauce"", ""green bell pepper"", ""mozzarella cheese"", ""mushrooms"", ""cold water"", ""ground beef"", ""italian sausage""]",www.yummly.com/recipe/Stuffed-Pizza-1675396,main,3390.5,6.0,4.0,"Based on ingredients and baking dish, it is estimated that this recipe serves around 4 people.",565.1,True,342.2,31.0,205.7,303.5,1639847.0,False,True,True,True,True,True,False,True,True,True,True,True,True,True,True,False,False,False,False
Stuffed Pizza,"['425.2 g hormel chili with beans', '127.6 g diced green chilies, drained', '453.6 g crescent roll dough', '67.2 g shredded cheddar cheese, plus some for topping', 'shredded lettuce', 'chopped tomato', 'sliced black olives']","['Heat oven to 350.', 'Spray a 12-inch pizza pan with nonstick cooking spray.', 'In a medium-size bowl, combine chili and green chilies.', 'Slightly overlap crescent dough triangles, smallest point in center, around 12-inch pizza pan.', 'Position each triangle so outside edge is slightly hanging over the edge of the pan.', 'Spoon chili mixture in a ring on dough, halfway between center and edge of pan; bring top half of each triangle over chili and seal with other dough in center of circle.', 'Sprinkle with cheese.', 'Bake for 30-35 minutes or until golden brown.', 'Allow to cool slightly.', 'To serve, fill center of pizza with toppings and cut into 8 slices.']","[""green chilies"", ""tomato"", ""crescent roll"", ""shredded lettuce"", ""cheddar cheese"", ""hormel chili with"", ""black olives""]",www.food.com/recipe/stuffed-pizza-351053,main,2030.0,8.0,4.0,directions suggest this kind of pan which is fitting for a 3 servings recipe,253.8,False,359.7,204.9,38.1,69.0,1981294.0,False,True,True,True,True,True,False,True,True,True,True,True,True,True,True,True,False,True,True
Stuffed Pizza,"['1 1/2 balls fresh pizza dough (66.0 g)', '225.0 g sweet sausage', '298.0 g mushrooms', '1 medium onion, chopped (110.0 g)', '1 clove garlic, chopped (3.0 g)', '225.0 g pepperoni, sliced', '200.0 g pizza sauce', 'Parmesan cheese as needed', 'Mozzarella cheese as needed']","['Spread 1 ball of dough on round pizza pan.', 'Fry sausage, drain. Add mushrooms, onion, garlic, sauce and pepperoni.', 'Warm through. Place on pizza shell.', 'Top with cheeses.', 'Form 1/2 ball of dough and place on top.', 'Turn edges under.', 'Bake at 350° for 25 to 30 minutes.', 'When brown on top, remove from pan and bake on rack to brown bottom (5 to 10 minutes).', 'If your dough has holes on bottom this will create a mess.', 'Makes 8 big servings.']","[""pizza sauce"", ""mozzarella cheese"", ""parmesan cheese"", ""onion"", ""mushrooms"", ""sweet sausage"", ""clove garlic"", ""pepperoni""]",www.cookbooks.com/Recipe-Details.aspx?id=793108,main,2238.4,8.0,8.0,Directions explicitly state 'Makes 8 big servings.' so there is no need to estimate.,279.8,False,228.7,43.6,108.5,79.9,397701.0,True,True,True,True,True,True,False,True,True,True,True,True,True,True,False,False,False,False,False
Stuffed Pizza,"['Crust', '7.1 g active dry yeast', '300.0 g lukewarm water', '12.6 g melted shortening', '460.0 g flour', '26.6 g sugar', '6.0 g salt', 'oil', 'Filling', '675.0 g mild Italian sausage', '1 medium onion, chopped (110.0 g)', '1 medium green bell pepper, chopped (119.0 g)', '13.6 g oil', '3.0 g salt', '283.5 g mozzarella cheese, thinly sliced', '113.4 g mushrooms, drained and sliced', 'Topping', '793.8 g Italian-style tomatoes, drained and chopped', '2.4 g italian seasoning', '0.5 g fennel seed', '33.3 g parmesan cheese, grated']","['If using the breadmaker, place the wet ingredients in the pan, followed by the dry ingredients; set to dough cycle and allow to run.', 'If not using the breadmaker, dissolve the yeast in lukewarm water.', 'Add shortening, sugar and salt.', 'Stir in 2 cups flour.', 'Add enough more flour to form a soft dough.', 'Turn dough onto lightly floured board; knead until smooth and elastic, working in more flour as needed.', 'Divide dough into thirds; cover and set one third to the side.', 'Roll the remaining two-thirds into a 14 inch circle.', 'Brush a 12 inch, two-inch deep pizza pan lightly with oil.', 'Press dough evenly over bottom and up the sides of the pan.', ""Remove the sausage from the casing and crumble into the crust (it doesn't need precooking)."", 'Saute onion and green pepper in 1 tablespoon of oil until tender.', 'Stir in salt; sprinkle vegetables over the sausage.', 'Top with mozzarella cheese and mushrooms.', 'For the topping, saute tomatoes and spices for ten minutes, breaking up the tomatoes with a fork.', 'Roll out remaining one-third of dough into a 12 inch circle.', 'Set over the filling in the pan.', 'Crimp edges of top and bottom crust together to seal well.', 'Prick the top crust all over with a fork.', 'Spread tomato sauce over the top and sprinkle with parmesan.', 'Bake at 425F for 45 minutes, or until crust is golden.', 'Let stand ten minutes before serving.']","[""oil"", ""sugar"", ""italian seasoning"", ""mozzarella cheese"", ""crust"", ""fennel seed"", ""parmesan cheese"", ""mushrooms"", ""water"", ""filling"", ""onion"", ""flour"", ""salt"", ""italian-style tomatoes"", ""green bell pepper"", ""shortening"", ""topping"", ""italian sausage"", ""active dry yeast""]",www.food.com/recipe/stuffed-pizza-144416,main,5205.1,9.0,1.0,"The recipe includes detailed measurements for toppings and mentions the crust as a significant component, suggesting it is intended for a single large serving.",578.3,True,855.2,77.4,307.0,235.8,1070458.0,False,True,True,True,True,True,False,True,True,True,True,True,True,True,True,False,False,False,False
Easy Enchiladas,"['900.0 g ground beef', '1 1/2 onions, chopped (165.0 g)', '450.0 g Cheddar cheese, shredded', '849.0 g enchilada sauce', '472.4 g sour cream', '600.0 g flour tortillas, 10 count', '21.9 g cream of mushroom soup', '900.0 g ground chicken can be used for chicken enchiladas']","['Brown meat and onions.', 'Drain.', 'Heat together enchilada sauce, sour cream and soup.', 'Fill tortillas with meat, cheese and sauce, saving a portion of the sauce mixture and cheese for topping.', 'Roll up tortillas.', 'Place in 9x13x2 inch pan or dish. Pour remaining sauce over enchiladas and sprinkle with cheese.', 'Bake at 350° for 20 to 30 minutes.']","[""sour cream"", ""flour tortillas"", ""cream of mushroom soup"", ""cheddar cheese"", ""onions"", ""enchilada sauce"", ""ground beef"", ""ground chicken""]",www.cookbooks.com/Recipe-Details.aspx?id=143535,main,8566.7,14.0,7.0,"Given the quantities of the main ingredients and the fact that the recipe involves multiple tortillas, I would estimate that this recipe serves around 6 to 8 people.",611.9,True,381.3,59.9,27.3,603.0,810638.0,False,True,True,True,True,True,False,True,True,True,True,True,True,True,True,False,False,False,False
Easy Enchiladas,"['300.0 g corn tortillas', '1 lb. cooked hamburger, seasoned to taste, or diced chicken or diced turkey meat', '1 onion, chopped (110.0 g)', 'shredded cheese (Cheddar or Monterey Jack or both)', '907.2 g Las Palmas red chili sauce', 'sour cream (optional)']","['Heat sauce in a 10-inch skillet.', 'Dip a tortilla in the sauce to make it easy to work with.', 'Place the tortilla on your Dutch oven lid or plate and add some meat, onion and cheese.', 'Roll up and gently place in a Dutch oven or pan.', 'When pan is full, pour the rest of the sauce over the enchiladas and sprinkle a little cheese on top.', 'Heat until sauce bubbles or cheese melts.', 'Serve warm and top with some sour cream.']","[""sour cream"", ""red chili sauce"", ""onion"", ""cheese"", ""corn tortillas"", ""hamburger""]",www.cookbooks.com/Recipe-Details.aspx?id=617321,main,1152.5,2.0,4.0,"The recipe uses 300g of corn tortillas which is typically enough for 4 servings. Additionally, the directions mention using a Dutch oven or pan, which is suitable for serving 4 to 6 portions.",576.2,True,193.9,38.9,18.7,34.0,287540.0,False,True,True,True,True,True,False,True,True,True,True,True,True,True,True,False,False,False,True
Easy Enchiladas,"['450.0 g ground beef', '425.0 g tomato sauce', '588.0 g tomato soup', 'chili powder to taste', '1 doz. corn tortillas (49.0 g)', 'garlic powder', 'salt', 'grated sharp yellow cheese']","['Fry tortillas in oil until soft.', 'Stack; set aside.', 'Brown meat and add tomato sauce, chili and garlic powder to taste.', 'Simmer. Roll meat mixture in tortilla (you can secure with toothpick).', 'Place stuffed tortillas in flat Pyrex dish.', 'Cover with tomato soup mixed with chili and grated cheese.', 'Bake at 350° until cheese is melted.', 'Sprinkle with sliced green peppers.']","[""yellow cheese"", ""salt"", ""chili powder"", ""garlic"", ""tomato soup"", ""ground beef"", ""corn tortillas"", ""tomato sauce""]",www.cookbooks.com/Recipe-Details.aspx?id=221991,main,1853.8,3.0,4.0,"The recipe uses 450g of ground beef, which is typical for 3-4 servings, and 588g of tomato soup, which can serve around 4-5 people. Considering the corn tortillas, which amount to 1 dozen (12), suggesting a portion size per person, the cooking process indicates that a single serving would be a stuffed tortilla topped with the tomato soup mixture.",617.9,True,136.1,65.3,14.6,152.7,534560.0,False,True,True,True,True,True,False,True,True,True,True,True,True,True,True,False,False,False,False
Easy Enchiladas,"['453.6 g prepared salsa', '450.0 g ground beef', '439.4 g prepared salsa con queso', '20 (8 inch) flour tortillas (980.0 g)', '226.8 g shredded cheese blend']","['Preheat an oven to 350 degrees F (175 degrees C).', 'Grease a 9x13 inch baking dish, and pour the salsa into the bottom of the dish.', 'Set aside.', 'Cook and stir the ground beef in a skillet over medium heat for about 10 minutes, until meat is browned and crumbly.', 'Drain the grease from the beef, and add the salsa con queso to the skillet, stirring to mix well.', 'Place about 2 tablespoons of the beef mixture down the center of each tortilla, roll the tortillas, and place them seam side down on top of the salsa in the baking dish.', 'Sprinkle the shredded cheese on top of the enchiladas.', 'Bake for 15 to 20 minutes in the preheated oven, until the cheese is browned and the enchiladas are hot and bubbling.']","[""queso"", ""flour tortillas"", ""salsa"", ""cheddar-monterey"", ""ground beef""]",www.allrecipes.com/recipe/186877/easy-enchiladas/,main,5391.5,9.0,4.0,"The salsa con queso is a key component and typically serves multiple enchiladas, while the flour tortillas suggest a substantial portion of the recipe, indicating it could serve a few people.",599.1,True,574.9,72.3,51.3,293.3,923331.0,False,True,True,True,True,True,False,True,True,True,True,True,True,True,True,False,False,False,False
Easy Enchiladas,"['300.0 g flour tortillas', '226.8 g Old El Paso taco sauce (hot or mild)', '445.0 g refried beans, smashed', '450.0 g ground beef', 'Velveeta cheese']","['Brown beef.', 'Add beans and half jar of sauce; simmer.', 'Put meat mixture and sliced Velveeta on tortillas.', 'Roll and place on cookie sheet.', 'Cover and heat.']","[""velveeta cheese"", ""flour tortillas"", ""taco sauce"", ""beans"", ""ground beef""]",www.cookbooks.com/Recipe-Details.aspx?id=570569,main,2487.0,4.0,4.0,The recipe uses 300g of flour tortillas which is typically enough for 4 servings.,621.8,True,209.9,14.0,32.5,185.7,813323.0,False,True,True,True,True,True,False,True,True,True,True,True,True,True,True,False,False,False,False
Easy Enchiladas,"['283.5 g tortillas, soft', '226.8 g enchilada sauce', '226.8 g lipton rice (taco or mexican flavor)', '453.6 g refried beans', '450.0 g ground turkey', '340.2 g shredded Mexican blend cheese', '453.6 g sour cream (optional)']","['fully cook cut up chicken or beef', 'at same time cook rice per package instructions.', 'when all is done add refried beans, rice and meat together with a small hand full of cheese and a couple tablespoons of sauce.', 'mix well.', 'in glass cake dish, cover bottom with sauce.', 'roll ingredients in tortillas and place across dish.', '10 tortillas total may need extra dish (smaller).', 'cover with sauce and cheese.', 'bake 20 @ 350 degrees.', 'or until cheese is brown.', 'when cooled add a dollop of sour cream.', 'ENJOY!']","[""sour cream"", ""blend cheese"", ""beans"", ""enchilada sauce"", ""rice"", ""tortillas"", ""chicken""]",www.food.com/recipe/easy-enchiladas-123724,main,4098.6,7.0,3.0,estimated based on the number of tortillas (10) which typically serve 3-4 people and the substantial amount of ground turkey which suggests a portioned meal.,585.5,True,382.6,23.0,46.4,250.7,1985467.0,False,True,True,True,True,True,False,True,True,True,True,True,True,True,True,False,False,False,True
Easy Enchiladas,"['450.0 g ground beef', '35.4 g taco seasoning', '164.8 g milk', '129.5 g salsa', '14.2 g Velveeta cheese', '907.2 g burritos (frozen)']","['Brown and prepare the ground beef according to the package of taco instructions.', 'Add the milk, salsa, and cheese to the taco meat.', 'Heat untill all cheese is melted well and mixed throughout.', 'Arrange as many frozen burritos as close as you can in a shallow baking dish.', 'Pour the cheese mixture over the burritos until they are just covered.', 'I shake the pan a bit to make sure the mix gets in all of the spaces.', 'Cover with foil and back 40-45 minutes.']","[""velveeta cheese"", ""burritos"", ""salsa"", ""milk"", ""ground beef""]",www.food.com/recipe/easy-enchiladas-450334,main,3541.8,6.0,3.0,"The recipe uses 450 grams of ground beef, which is commonly used for 3-4 servings, and 907.2 grams of frozen burritos, which typically serve around 3-4 people. The directions suggest portioning the dish into individual servings.",590.3,True,399.6,106.2,45.3,219.8,1963646.0,True,True,True,True,True,True,False,True,True,True,True,True,True,True,True,False,False,False,False
Easy Enchiladas,"['900.0 g ground beef', '305.0 g cream of onion soup', '226.8 g sour cream', '278.0 g diced green chilies', '452.0 g shredded cheese of your choice', '407.0 g flour tortilla shells', '6.4 g sliced black olives']","['Brown and drain ground beef.', 'Pour into large bowl.', 'Mix the remaining ingredients, minus the salsa and tortilla shells, with the ground beef.', 'Fill and roll tortilla shells with meat mixture into a burrito shape.', 'Pour salsa over top if desired and microwave until hot.']","[""green chilies"", ""sour cream"", ""cream of onion soup"", ""shredded cheese"", ""black olives"", ""ground beef"", ""flour tortilla""]",cookpad.com/us/recipes/343739-easy-enchiladas,main,6278.1,10.0,4.0,"The recipe includes 452.0 g of shredded cheese and 407.0 g of flour tortilla shells, which are typically used for 4-6 servings. The ingredients suggest a portion size suitable for 4 servings.",627.8,True,319.3,34.3,20.3,446.0,1993384.0,False,True,True,True,True,True,False,True,True,True,True,True,True,True,True,False,False,False,False
Easy Enchiladas,"['478.3 g cubed cooked chicken', '226.8 g cream cheese, softened', '8 flour tortillas (8 in) (392.0 g)', '242.4 g plain yogurt or 1 cup sour cream', '259.0 g salsa', '268.8 g shredded cheddar cheese', '56.7 g sliced ripe olives, drained', 'shredded lettuce', 'chopped tomato']","['Combine chicken and cream cheese.', 'Spoon about 1/4 cup of mixture down the center of each tortilla.', 'Roll up the tortillas tightly and place seam down in a greased 9 x 13 inch baking dish.', 'In a small bowl, combine yogurt and salsa then spread over tortillas.', 'Bake uncovered at 350 for 20 minutes.', 'Sprinkle with cheese and olives.', 'Bake 10 to 15 minutes longer or until cheese is melted.', 'Serve with the lettuce and tomatoes.']","[""tomato"", ""flour tortillas"", ""cheddar cheese"", ""shredded lettuce"", ""cream cheese"", ""salsa"", ""yogurt"", ""olives"", ""chicken""]",www.food.com/recipe/easy-enchiladas-428828,main,4336.6,7.0,4.0,"The recipe uses a combination of ingredients including chicken, tortillas, cheese, and various toppings, which typically indicates a portion size suitable for 4 to 6 servings.",619.5,True,242.7,42.8,20.5,204.8,2126047.0,False,True,True,True,True,True,False,True,True,True,True,True,True,True,True,False,False,False,True
Easy Enchiladas,"['450.0 g ground beef', '160.8 g chopped onion', '3.0 g salt', '445.0 g refried beans', '300.0 g 10-inch flour tortillas', '294.0 g tomato soup', '170.1 g tomato paste', '340.2 g water', '55.2 g salad oil', '16.0 g chili powder', '1.6 g fresh minced garlic', '3.0 g salt', '453.6 g grated Cheddar cheese']","['Brown beef with onion and salt.', 'Drain fat and stir in beans.', 'Set aside.', 'Combine soup, tomato paste, water, oil, chili powder, garlic and salt. Simmer 15 minutes.', 'Place 1/2 cup g sauce in bottom of a 9 x 13-inch baking dish.', 'On each tortilla, place 2 tablespoons sauce (smear around) and about 4 tablespoons meat/bean mixture down the center.', 'Sprinkle 1/8 cup cheese on top of meat/bean mixture and roll up tortilla.', 'Place flap side down in baking dish.', 'Fill each tortilla the same until you run out of meat/beans.', 'Pour remaining sauce across the top.', 'Sprinkle on remaining cheese.', 'Bake at 350° for 20 to 30 minutes or until cheese melts.', 'Serve with shredded lettuce and sour cream.']","[""tomato paste"", ""flour tortillas"", ""salad oil"", ""chili powder"", ""cheddar cheese"", ""onion"", ""tomato soup"", ""water"", ""beans"", ""ground beef"", ""garlic"", ""salt""]",www.cookbooks.com/Recipe-Details.aspx?id=967538,main,5173.7,9.0,6.0,"Given the generous portion sizes and the preparation method, 6 servings seems like a conservative estimate.",574.9,True,318.3,67.9,50.0,308.5,801375.0,False,True,True,True,True,True,False,True,True,True,True,True,True,True,True,False,False,False,False
Easy Enchiladas,"['300.0 g flour tortillas (taco size)', '177.2 g chicken, drained', '11.0 g cream of mushroom soup', '3.2 g black olives, chopped', '139.0 g mild green chilies', '113.4 g sour cream', '283.0 g mild enchilada sauce', '226.8 g shredded Jack cheese']","['Preheat oven to 350°.', 'In a large bowl, combine chicken, soup, olives, green chilies and sour cream.', 'Add 1/2 cup enchilada sauce.', 'Mix thoroughly.', 'Spread mixture evenly in each tortilla.', 'Roll.', 'Continue procedure with each tortilla.', 'Place in baking dish.', 'Cover with remaining enchilada sauce.', 'Spread Jack cheese evenly over enchiladas.', 'Cover with foil and bake at 350° for 30 minutes or until cheese is completely melted.', 'Serve with refried beans and small salad.']","[""green chilies"", ""sour cream"", ""flour tortillas"", ""cream of mushroom soup or chicken"", ""black olives"", ""cheese"", ""enchilada sauce"", ""chicken""]",www.cookbooks.com/Recipe-Details.aspx?id=641114,main,2457.9,4.0,6.0,"The recipe includes multiple ingredients that are commonly used in portioned servings, such as tortillas, chicken, and enchilada sauce, which are often prepared for a specific number of people. The additional mention of serving with refried beans and a small salad further supports the idea that this recipe is designed for a group of people rather than a single meal.",614.5,True,174.9,20.2,14.4,114.5,157407.0,False,True,True,True,True,True,False,True,True,True,True,True,True,True,True,False,False,False,True
Easy Enchiladas,"['453.6 g sour cream', '478.3 g cooked chicken', '226.8 g colby-monterey jack cheese', '259.0 g salsa', '10.0 g cilantro', '2.0 g cumin', '10 tortillas (490.0 g)', 'lettuce', 'tomatoes']","['Mix 1 cup sour cream, 1 cup cheese, 1/4 cup salsa, chicken, cumin and cilantro.', 'place ~1/4 cup of mixture in a tortill and roll.', 'place seam side down in a greased baking pan.', 'repeat until mixture is gone.', 'Brush a bit a bit of water over the top of the enchiladas and put remaining salsa over the top.', 'Cover pan with aluminum foil and bake at 350 for 30 minute.', 'Remove from oven, sprinkle with remaining cheese and bake for 5 min or until cheese is melted.', 'Top with lettuce and tomato;.', 'serve with sour cream.']","[""cumin"", ""sour cream"", ""tomatoes"", ""cilantro"", ""colby-monterey"", ""salsa"", ""tortillas"", ""chicken""]",www.food.com/recipe/easy-enchiladas-285231,main,4013.8,7.0,4.0,"The recipe involves multiple servings of cheese, chicken, and tortillas, which typically indicates a portion size suitable for 4-6 people.",573.4,True,287.1,44.1,26.5,193.4,1975731.0,False,True,True,True,True,True,False,True,True,True,True,True,True,True,True,False,False,False,True
Gobs,"['432.0 g white sugar', '2 eggs (100.0 g)', '102.0 g shortening', '247.2 g buttermilk', '4.3 g vanilla', '240.0 g boiling water', '460.0 g flour', '2.2 g baking powder', '4.7 g flour', '3.0 g salt', '21.7 g baking soda', '95.4 g cocoa']","['Bake at 450° until firm.', 'Cream white sugar, eggs and shortening.', 'Add buttermilk, vanilla and boiling water.', 'Sift together the flour, baking powder, salt, baking soda and cocoa.', 'Mix together ingredients and drop by teaspoonfuls on ungreased cookie sheets.', 'Cool and spread with filling.']","[""buttermilk"", ""baking powder"", ""vanilla"", ""shortening"", ""eggs"", ""baking soda"", ""flour"", ""cocoa"", ""white sugar"", ""boiling water"", ""salt""]",www.cookbooks.com/Recipe-Details.aspx?id=152579,dessert,4993.7,17.0,24.0,"The recipe includes substantial amounts of flour and sugar, suggesting a larger serving size suitable for 24 to 30 people.",293.7,True,955.1,562.9,47.9,204.5,815258.0,False,True,False,True,True,True,False,True,True,True,True,True,True,True,True,True,False,True,True
Gobs,"['432.0 g sugar', '97.4 g Crisco', '247.2 g sour milk (1 tbsp. vinegar in 1 c. milk)', '240.0 g boiling water', '4.3 g vanilla', '460.0 g flour', '21.7 g baking soda', '2.2 g baking powder', '1.5 g salt', '63.6 g cocoa powder', '453.6 g powdered sugar', '146.1 g Crisco', '2 egg whites (100.0 g)', '3.0 g salt', '12.8 g vanilla', '60.9 g milk', '28.4 g flour']","['Gobs:.', 'Mix sugar, crisco, sour milk, water, and vanilla together.', 'Sift flour, baking soda, baking powder, salt, and cocoa into the mixture.', 'Drop by teaspoon onto ungreased cookie sheet.', 'Bake at 450 degrees for 5 minutes.', 'Icing:.', 'Combine all ingredients using a mixer.', 'Add icing between the gobs.']","[""sour milk"", ""sugar"", ""vanilla"", ""crisco"", ""baking powder"", ""baking soda"", ""powdered sugar"", ""egg whites"", ""flour"", ""milk"", ""boiling water"", ""cocoa powder"", ""salt""]",www.food.com/recipe/gobs-303198,dessert,8150.2,27.0,6.0,"The recipe includes substantial quantities of ingredients such as sugar, Crisco, and flour, suggesting a larger serving size. The directions do not specify the number of servings, but the generous ingredient amounts imply a range of 6 to 8 servings.",301.9,True,1463.5,1059.3,36.8,173.6,2154559.0,False,True,False,True,True,True,False,True,True,True,True,True,True,True,True,True,False,True,True
Gobs,"['97.4 g Crisco', '2 eggs (100.0 g)', '431.3 g flour', '21.7 g soda', '2.2 g baking powder', '247.2 g sour milk', '240.0 g boiling water', '63.6 g cocoa', '6.0 g salt', '42.5 g flour', '370.8 g milk', '292.1 g Crisco', '1 box powdered sugar (250.0 g)', '4.3 g vanilla']","['Cream Crisco; add eggs.', 'Add to flour mixture.', 'Mix.', 'Add sour milk.', 'Last add water.', 'Drop by tablespoon and bake 8 minutes at 350°.', 'Cook flour and milk until thickened.', 'Beat in Crisco with powdered sugar until fluffy; add cooled paste and vanilla.', 'Beat until creamy and spread between 2 cookies.']","[""sour milk"", ""baking powder"", ""crisco"", ""vanilla"", ""eggs"", ""powdered sugar"", ""soda"", ""flour"", ""cocoa"", ""milk"", ""boiling water"", ""salt""]",www.cookbooks.com/Recipe-Details.aspx?id=107122,dessert,6235.1,21.0,7.0,"Given the generous portion quantities and the small portions in directions, I estimate that this recipe would serve around 6 to 8 people.",296.9,True,977.7,591.0,36.4,163.4,14201.0,False,True,False,True,True,True,False,True,True,True,True,True,True,True,True,True,False,True,True
Gobs,"['432.0 g sugar', '2 eggs (100.0 g)', '4.3 g vanilla', '21.7 g soda', '3.0 g salt', '240.0 g boiling water (last)', '109.3 g butter', '247.2 g sour milk', '460.0 g flour', '2.2 g baking powder', '63.6 g cocoa']","['Cream together sugar and butter.', 'Add eggs, milk and vanilla. Sift in flour, soda, baking powder, salt and cocoa, adding water last.', 'Drop from teaspoon on ungreased cookie sheet.', 'Bake at 450° for 5 minutes.']","[""sour milk"", ""sugar"", ""vanilla"", ""baking powder"", ""eggs"", ""soda"", ""flour"", ""cocoa"", ""boiling water"", ""butter"", ""salt""]",www.cookbooks.com/Recipe-Details.aspx?id=399345,dessert,4835.5,16.0,2.0,"The recipe yields 240.0 g of dough, which is typically enough for 2 servings.",302.2,True,948.3,575.7,36.0,133.4,327295.0,False,True,False,True,True,True,False,True,True,True,True,True,True,True,True,True,False,True,True
Spanish Rice,"['204.0 g of rice', '13.61 g oil', '1 pod of garlic (3.0 g)', '1/2 onion (55.0 g)', '1/2 green pepper (59.5 g)', '480.0 g of water', '226.8 g of tomato sauce', 'salt and pepper to taste']","['in medium fry pan add oil and rice, fry till lightly browned.', 'add minced garlic, chopped onion and sliced green pepper, lightly cook about four minutes.', 'add 2 cups of water, tomato sauce and salt and pepper.', 'cook cover till rice is tender.']","[""oil"", ""salt"", ""onion"", ""water"", ""rice"", ""garlic"", ""green pepper"", ""tomato sauce""]",www.epicurious.com/recipes/member/views/spanish-rice-1200006,main,969.6,2.0,4.0,"Spanish rice recipe calls for 200g of rice which is typically sufficient for 2-3 people. Given the quantities of other ingredients and the cooking process, it seems appropriate to estimate this recipe serves around 4 people.",484.8,True,173.7,15.5,18.1,33.9,1306694.0,True,True,True,True,True,True,True,True,True,True,True,True,True,True,True,True,True,True,True
Spanish Rice,"['450.0 g hamburger', '204.0 g minute rice', '19.8 g onions', '822.0 g tomato paste', '237.0 g of water', '1 green pepper (119.0 g)', 'chili powder to taste', 'salt and pepper to taste']","['Mix RAW hamburger and rice.', 'Add onion, salt, green pepper and chili powder.', 'Add tomato paste and water.', 'Bake @ 400 degrees for 1 hour, stirring & adding water 2-3 times.', 'Mix all the water in at the beginning instead of adding gradually.']","[""tomato paste"", ""chili powder"", ""water"", ""minute rice"", ""onions"", ""hamburger"", ""green pepper"", ""salt""]",www.epicurious.com/recipes/member/views/spanish-rice-1269582,main,2104.0,4.0,4.0,"The recipe includes 450g of hamburger and 204g of rice, which are substantial portions and typically serve 4 people.",526.0,True,310.0,128.7,46.7,140.0,1350976.0,True,True,True,True,True,True,True,True,True,True,True,True,True,True,True,True,True,True,True
Spanish Rice,"['27.1 g Olive Oil', '1 head Onion (110.0 g)', '1 clove Garlic Minced (3.0 g)', '408.0 g White Long Grain Rice', '720.0 g Chicken Stock', '32.3 g Tomato Paste', '0.1 g Oregano', '6.0 g Salt']","['*Check the instructions on the rice package for the proportions of liquid to rice. They can range from 1:1 to 2:1. If your rice calls for 2 cups of water for every cup of rice, then for this recipe, use 4 cups of stock for 2 cups of rice.', 'Brown the rice: Heat olive oil in large skillet on medium/high heat.', 'Add the rice and stir it so that the rice is lightly coated with the oil.', 'Cook on medium high heat, stirring often, until much of the rice has browned.', 'Add onion, garlic: Add the onion and cook, stirring frequently another 3 minutes, until the onions begin to soften.', 'Add the garlic and cook until the onions are translucent and softened, about a minute more.', 'Combine broth, tomato sauce, oregano, salt, and browned rice and onions: To save time you can bring the stock to a simmer in a separate saucepan, with the tomato sauce, oregano, and salt.', 'Simmer, cover, cook until the rice has absorbed the stock: Bring everything to a simmer, cover the pot and lower the heat to barely maintain a low simmer.', 'Cook for 15-25 minutes, depending on the type of rice and the instructions on the rice package.', 'Remove from heat and let sit for 5 minutes.']","[""oregano"", ""tomato paste"", ""onion"", ""rice"", ""garlic"", ""chicken"", ""olive oil"", ""salt""]",www.epicurious.com/recipes/member/views/spanish-rice-589659641dbf768a12c72f51,main,2063.5,3.0,2.0,"The recipe uses relatively small quantities of rice and stock, suggesting a smaller serving size. The directions indicate cooking according to package instructions, implying a standard serving size.",687.8,True,348.4,30.2,28.6,80.9,1307289.0,True,True,True,True,True,True,True,True,True,True,True,True,True,True,True,True,False,False,True
Spanish Rice,"['306.0 g rice', '640.0 g water', '6.0 g salt', '450.0 g ground beef', '966.1 g tomatoes, blended', '31.4 g vinegar', '16.0 g Worcestershire sauce', '86.6 g brown sugar']","['Put rice, water and salt in large saucepan and bring to a boil and boil for 14 minutes.', 'Take off heat stir and replace lid. Let stand for 6 minutes.', 'Brown ground beef and chopped celery until ground beef is cooked.', 'Mix tomatoes vinegar, worcestershire sauce and brown sugar and add to ground beef mixture.', 'Cook down a bit.', 'Add rice.', 'Cook until heated through.']","[""vinegar"", ""tomatoes"", ""brown sugar"", ""water"", ""rice"", ""ground beef"", ""worcestershire sauce"", ""salt""]",www.epicurious.com/recipes/member/views/spanish-rice-50051414,main,2852.7,5.0,4.0,"Given these quantities, it seems most appropriate to estimate this recipe for around 4 servings.",570.5,True,360.1,123.4,30.6,188.7,1358679.0,True,True,True,True,True,True,True,True,True,True,True,True,True,True,True,True,False,False,False
Spanish Rice,"['450.0 g Ground Beef', '80.4 g Onion, Chopped', '1 clove Garlic Clove, Minced (3.0 g)', '294.0 g Condensed Tomato Soup', '240.0 g Water', '102.0 g Rice, Uncooked', '3.0 g Salt', '5.3 g Worcestershire', '1 dash Pepper']","['Brown beef and cook onion and garlic. Pour off fat.', 'Add remaining ingredients and bring to a boil.', 'Cover and cook over low heat for 20 minutes of until liquid is gone.']","[""pepper"", ""onion"", ""water"", ""worcestershire"", ""clove garlic"", ""rice"", ""ground beef"", ""salt""]",www.epicurious.com/recipes/member/views/spanish-rice-59b2ae0aed60845e59e6d3a6,main,2098.3,3.0,4.0,"The recipe includes 102.0 g of rice, which is typically sufficient for about 4 servings.",699.4,True,130.6,30.7,11.0,155.4,1323603.0,True,True,True,True,True,True,True,True,True,True,True,True,True,True,True,True,False,False,False
Spanish Rice,"['2 green bell peppers (238.0 g)', '1 yellow onion (110.0 g)', '484.0 g of diced tomatoes (or 4 tomatoes)', '127.6 g extra virgin olive oil', 'salt']","['Cut the bell peppers and onion.', 'Throw them in a pan with half of the olive oil.', 'Cook them until they are slightly brown (appear cooked).', 'Add the cans of tomato and the rest of the olive oil.', 'Lower temperature to a simmer.', 'Add a couple of pinches of salt.', 'Let simmer as long as possible, the longer it simmers the better it tastes.', 'I usually try to let it simmer about an hour.', 'Put over white or brown rice.']","[""tomatoes"", ""extra virgin olive oil"", ""green bell peppers"", ""yellow onion"", ""salt""]",www.epicurious.com/recipes/member/views/spanish-rice-1230748,main,1332.7,2.0,4.0,"The recipe involves cooking bell peppers and onions in olive oil, then adding diced tomatoes. Given the quantities of ingredients and the cooking process described, it seems suitable for serving 4 people.",666.4,True,40.5,17.4,9.8,7.2,1302647.0,True,True,True,True,True,True,True,True,True,True,True,True,True,True,True,True,True,True,True
Spanish Rice,"['4.5 g olive oil', '1/2 small onion, chopped (35.0 g)', '360.0 g uncooked rice', '1/2 small red bell pepper, seeded and chopped (37.0 g)', '960.0 g water', '2.0 g chili powder', '0.2 g garlic powder', '226.8 g tomato sauce']","['Heat oil in a nonstick skillet over medium heat until hot.', 'Add onion and uncooked rice.', 'Cook, stirring frequently, until rice begins to brown.', 'Stir in the bell pepper, water, chili powder, garlic powder and tomato sauce.', 'Heat to boiling.', 'Reduce heat, cover and simmer about 25 minutes or until rice is tender and liquid is absorbed.']","[""chili powder"", ""onion"", ""water"", ""red bell pepper"", ""rice"", ""garlic"", ""olive oil"", ""tomato sauce""]",www.epicurious.com/recipes/member/views/spanish-rice-50124169,main,599.6,1.0,4.0,"The recipe uses 360g of uncooked rice, which is typically suitable for 4-6 servings, making 4 servings a reasonable estimate.",599.6,True,95.0,12.3,11.5,18.0,1297816.0,True,True,True,True,True,True,True,True,True,True,True,True,True,True,True,True,True,True,True
Spanish Rice,"['27.2 g oil', '408.0 g rice', '240.0 g water', '2 1/2 large blended tomatoes (455.0 g)', '160.8 g diced onions', '1 can of corn (optional)']","['Start by browning rice in pan of oil.', 'Add water, tomato sauce and onions and corn (if desired.)', 'Cover pan and lower flame.', 'Cook for about 20 minutes.']","[""oil"", ""corn"", ""water"", ""onions"", ""rice"", ""tomato sauce""]",www.epicurious.com/recipes/member/views/spanish-rice-1214851,main,1876.0,3.0,2.0,primary ingredient (rice) serves approximately 2-3 people,625.3,True,338.3,29.0,33.5,65.7,1301031.0,True,True,True,True,True,True,True,True,True,True,True,True,True,True,True,True,True,True,True
Spanish Rice,"['1 medium bag long grain rice (185.0 g)', '1/2 bell pepper (sliced) (59.5 g)', '1/2 medium onion (sliced) (55.0 g)', '1 medium tomato (sliced) (123.0 g)', '2.0 g cumin', '2.3 g pepper', '1.6 g garlic powder (or 2 cloves garlic)', '3.0 g salt', '1/2 bunch cilantro (chopped) (1.1 g)', '1 sm. tomato sauce (123.0 g)', '54.5 g canola oil']","['Turn your flame to high, heat the frying pan, then add canola oil.', 'Allow to heat.', 'Add one handful of long grain rice for each person.', 'Allow rice to brown stirring constantly to prevent charring. (Note: A little char adds a little flavor)', 'Once rice is browned, add sliced onions, bell peppers and lastly the tomatoes.', 'Allow the searing of the vegetables while still stirring the rice.', 'Once you have reached the desired tenderness of the vegetables, add the can of tomato sauce and fill the frying pan with water, just enough to cover the rice.', 'Add the salt, pepper, cumin and garlic (powder)and chopped cilantro.', 'DO NOT MIX! Just cover and wait for a boil.', 'Once it begins to boil, reduce heat and allow to simmer (approx 20-25 mins).', 'If the rice becomes dry, add a little water.', 'If the rice has reached the intended texture, remove lid and allow to cool.']","[""cumin"", ""tomato"", ""bell pepper"", ""pepper"", ""cilantro"", ""onion"", ""long grain rice"", ""canola oil"", ""tomato sauce"", ""garlic"", ""salt""]",www.epicurious.com/recipes/member/views/spanish-rice-50116759,main,1274.6,2.0,4.0,Spanish rice recipe serves 4 people based on the amount of rice required and the cooking time mentioned in the directions.,637.3,True,161.4,14.6,17.5,31.6,1351426.0,True,True,True,True,True,True,True,True,True,True,True,True,True,True,True,True,True,True,True
Spanish Rice,"['900.0 g Ground Turkey', '1 sweet onion (110.0 g)', '408.0 g of white rice', '400.0 g tomato Juice', '242.0 g of tomatoes', 'water']","['First put the hamburger and onions in a frying pan and cook until done.', 'Second Cook the rice until done according to instructions on the package.', 'Third mix the hamburger, rice, tomato juice and tomatoes into a pot and heat on medium until it is hot.', 'Season with salt and/or pepper to taste.']","[""sweet onion"", ""tomatoes"", ""ground hamburger"", ""white rice"", ""water"", ""tomato juice""]",www.epicurious.com/recipes/member/views/spanish-rice-50058004,main,2989.8,5.0,4.0,"The recipe involves cooking ground turkey and rice, which typically serve around 4 people. The quantities of ingredients suggest a portion size suitable for 4 servings.",598.0,True,340.8,31.7,34.9,244.1,1301802.0,True,True,True,True,True,True,True,True,True,True,True,True,True,True,True,True,False,False,True
Gobs,"['39.0 g flour', '247.2 g milk', '216.0 g sugar', '194.7 g Crisco', '1.5 g salt', '4.3 g vanilla']","['Put in pan and cook until thick the flour and enough milk to make a paste.', 'Add the rest of the milk and cook until it thickens.', 'Stir at all times.', 'Take off and let set until cold.', 'Add the sugar and beat with mixer until smooth.', 'Add the Crisco, salt and vanilla.', 'Beat until creamy.', 'The longer you beat it, the fluffier it gets.']","[""sugar"", ""crisco"", ""vanilla"", ""flour"", ""milk"", ""salt""]",www.cookbooks.com/Recipe-Details.aspx?id=585285,dessert,2948.1,10.0,1.0,"The recipe uses small quantities of flour and milk, typical for a single serving dessert.",294.8,True,380.0,351.2,1.1,24.0,296366.0,False,True,True,True,True,True,False,True,True,True,True,True,True,True,True,True,False,True,True
Vegetable Pizza,"['226.0 g crescent dinner rolls', '226.8 g cream cheese', '55.0 g mayonnaise', '45.0 g dry Ranch dressing mix', '81.1 g shredded cheese', 'chipped vegetables (your choice: broccoli, carrots, onions, bell pepper, radishes and cauliflower)']","['Roll out dough covering baking sheet.', 'Bake at 350° until done.', 'Mix cream cheese, mayonnaise and dressing.', 'Spread over crust.', 'Add vegetables.', 'Top with cheese.', 'Bake at 350° for 10 to 15 minutes.']","[""crescent dinner rolls"", ""dressing mix"", ""shredded cheese"", ""cream cheese"", ""mayonnaise"", ""vegetables""]",www.cookbooks.com/Recipe-Details.aspx?id=824496,main,2486.7,4.0,4.0,"Considering the main ingredients since directions claim a single pizza-like dish rather than multiple small portions, I estimate this recipe serves approximately 3 to 4 people.",621.7,True,123.7,27.1,0.0,54.2,563751.0,False,True,False,True,True,True,False,True,True,True,True,True,True,True,True,True,False,True,True
Vegetable Pizza,"['452.0 g crescent rolls', '226.8 g cream cheese', '45.0 g dry Hidden Valley Ranch dressing', '129.8 g Miracle Whip', '226.8 g shredded Cheddar cheese', 'finely chopped cauliflower', 'finely chopped broccoli', 'finely chopped green pepper', 'finely chopped mushrooms', 'finely chopped red onion', 'finely chopped carrot']","['Spread crescent rolls on a cookie sheet to make a rectangle. Seal at perforations.', 'Bake at 350° for 10 to 15 minutes, until golden brown.', 'Cool.']","[""miracle"", ""dry hidden valley"", ""cheddar cheese"", ""mushrooms"", ""cream cheese"", ""broccoli"", ""cauliflower"", ""carrot"", ""red onion"", ""crescent rolls"", ""green pepper""]",www.cookbooks.com/Recipe-Details.aspx?id=985250,main,3603.6,6.0,3.0,"The primary ingredient, crescent rolls, is commonly used in quantities that serve around 3-4 people, making this a suitable estimate.",600.6,True,218.8,48.9,2.5,41.6,457784.0,False,True,True,True,True,True,False,True,True,True,True,True,True,True,True,True,False,True,True
Vegetable Pizza,"['452.0 g Weis crescent rolls', '226.8 g cream cheese', '330.0 g mayo', '22.5 g Hidden Valley Ranch (powder mix)', 'cauliflower, broccoli and green peppers, cut into small pieces', 'shredded carrots', '226.0 g shredded orange Cheddar cheese']","['Line 9 x 13-inch cookie sheet with crescent rolls; bake as directed.', 'Blend cream cheese, mayo and Hidden Valley mix until smooth; spread on crust when cool.', 'Arrange cauliflower, broccoli and green peppers; add carrots and cheese and refrigerate.', 'Cut into squares for serving.']","[""valley"", ""cheddar cheese"", ""cream cheese"", ""mayo"", ""carrots"", ""cauliflower"", ""crescent rolls""]",www.cookbooks.com/Recipe-Details.aspx?id=390542,main,5638.6,9.0,4.0,"The primary ingredients (crescent rolls) suggest a portion size of around 3-4 people, and the directions indicate that the pizza is cut into squares for serving, implying individual portions.",626.5,True,205.0,37.9,0.0,93.9,438138.0,False,True,True,True,True,True,False,True,True,True,True,True,True,True,True,True,False,True,True
Vegetable Pizza,"['226.0 g crescent rolls', '226.8 g cream cheese', '45.0 g powdered Hidden Valley dressing mix', '16.0 g Miracle Whip salad dressing', '120.6 g sour cream', 'chopped tomatoes, broccoli, cauliflower, onions, bell peppers, carrots and your other favorite vegetables']","['Line a lightly greased 13 x 9-inch cookie sheet with ready to bake crescent dough.', 'Bake until golden brown (about 10 minutes).', 'Let cool.', 'Mix cream cheese, dressing mix, Miracle Whip and sour cream.', 'Spread over baked crust.', 'Top with assorted chopped vegetables of your choice.']","[""sour cream"", ""powdered hidden valley dressing mix"", ""miracle"", ""tomatoes"", ""cream cheese"", ""crescent rolls""]",www.cookbooks.com/Recipe-Details.aspx?id=173043,main,2022.2,3.0,4.0,Vegetable pizza typically serves around 8 people due to the large amount of dough and the generous portioning of toppings.,674.1,True,109.2,25.1,0.3,21.4,691755.0,False,True,True,True,True,True,False,True,True,True,True,True,True,True,True,True,False,True,True
Vegetable Pizza,"['452.0 g crescent rolls', '453.6 g pkg. cream cheese', '928.0 g Knorr vegetable soup', '220.0 g mayonnaise', 'vegetables, cut up in small pieces: cauliflower, broccoli, carrots, green onions, green olives and black olives']","['Open crescent rolls and arrange on 11 x 14-inch cookie sheet.', 'Seal ends of crescent rolls (roll out flat).', 'Bake until done.', 'Cool.', 'Mix cream cheese, soup mix and mayonnaise.', 'Spread over crescent crust, add fresh vegetable pieces, cut and serve.']","[""cream cheese"", ""mayonnaise"", ""vegetables"", ""vegetable soup"", ""crescent rolls""]",www.cookbooks.com/Recipe-Details.aspx?id=398491,main,4716.7,8.0,8.0,"Vegetable pizza uses a large amount of dough (crescent rolls) which typically serves around 8 people. The recipe also includes a substantial amount of cream cheese, soup, and mayonnaise, suggesting a larger serving size.",589.6,True,229.7,55.9,0.0,64.4,246307.0,False,True,False,True,True,True,False,True,True,True,True,True,True,True,True,True,False,True,True
Vegetable Pizza,"['226.8 g crescent rolls', '226.8 g cream cheese', '165.0 g mayonnaise', '28.4 g ranch dressing mix', '0.4 g garlic powder', '1 bunch fresh broccoli flowerets (no stalks) (11.0 g)', '2 small tomatoes, diced (182.0 g)', '1 small green pepper, seeded (74.0 g)', '1 bunch green onion, diced (15.0 g)', '2 garlic cloves (6.0 g)', '107.0 g chopped cauliflower', '6 medium carrots, shredded (366.0 g)', '113.0 g shredded Mozzarella cheese, grated', 'parmesan cheese, if desired']","['Roll out the crescent roll dough onto a 9x13 inch baking sheet, and pinch together edges to form the pizza crust.', 'Bake crust for 12 minutes in the preheated oven at 350 degrees.', 'Once finished cooking, remove crust from oven and let cool 15 minutes without removing it from the baking sheet.', 'In a small mixing bowl, combine cream cheese, mayonnaise, garlic powder and dry Ranch dressing mix.', 'Spread the mixture over the cooled crust.', 'Arrange broccoli, tomato, green bell pepper, green onion, garlic, cauliflower, shredded carrots, and Cheddar cheese over the cream cheese layer.', 'Chill for one hour, slice and serve.']","[""fresh broccoli"", ""tomatoes"", ""parmesan cheese"", ""green onion"", ""cream cheese"", ""shredded cheese"", ""mayonnaise"", ""carrots"", ""cauliflower"", ""garlic"", ""crescent rolls"", ""green pepper""]",www.food.com/recipe/vegetable-pizza-381440,main,3231.1,5.0,6.0,"Considering the complexity and the amount of ingredients involved, I estimate this recipe serves around 6 to 8 people.",646.2,True,171.0,53.4,18.6,76.5,1850578.0,False,True,False,True,True,True,False,True,True,True,True,True,True,True,True,True,False,True,True
Vegetable Pizza,"['452.0 g Pillsbury crescent rolls', '2 (8 oz.) pkg. cream cheese (56.0 g)', '137.5 g mayonnaise', '1.1 g dill weed', 'assorted chopped vegetables']","['Press crescent rolls into a 13 x 15-inch jelly roll pan.', 'Bake as directed on package.', 'Combine cream cheese, mayonnaise and dill weed until smooth and creamy.', 'Spread on crust.', 'Top with veggies like:', 'broccoli, cherry tomatoes, onions, green peppers, celery, carrots and yellow squash.', 'Refrigerate.', 'Cut into serving squares.']","[""cream cheese"", ""mayonnaise"", ""vegetables"", ""crescent rolls"", ""dill weed""]",www.cookbooks.com/Recipe-Details.aspx?id=513850,main,2743.5,5.0,6.0,"The recipe uses a single large sheet of crescent rolls, which typically serves around 3-4 people, and the variety of vegetables suggests multiple portions. Given the directions, it seems to be meant for a larger group.",548.7,True,197.9,35.2,0.0,37.1,615097.0,False,True,False,True,True,True,False,True,True,True,True,True,True,True,True,True,False,True,True
Vegetable Pizza,"['452.0 g Pillsbury crescent rolls', '226.8 g cream cheese', '220.0 g mayonnaise', '45.0 g Hidden Valley Ranch dressing mix (dry)', 'chopped fresh broccoli', 'chopped carrots', 'Cheddar cheese', 'onion', 'red pepper']","['In a jelly roll pan, lay out 2 packs of Pillsbury crescent rolls.', 'Pinch together seams and bake 8 to 10 minutes.', 'Cool.', 'Mix cream cheese, mayonnaise and Hidden Valley Ranch dressing mix.', 'Spread mixture on crescents and top with finely chopped broccoli, carrots, Cheddar cheese, onion and red pepper.', 'Cut and serve.']","[""fresh broccoli"", ""cheddar cheese"", ""red pepper"", ""onion"", ""cream cheese"", ""mayonnaise"", ""carrots"", ""crescent rolls""]",www.cookbooks.com/Recipe-Details.aspx?id=1023031,main,4078.9,7.0,8.0,Directions indicate to use a jelly roll pan which is suitable for 8 servings.,582.7,True,210.3,44.2,0.0,48.9,269503.0,False,True,False,True,True,True,False,True,True,True,True,True,True,True,True,True,False,True,True
Vegetable Pizza,"['452.0 g crescent rolls', '226.8 g cream cheese', '1 small carton sour cream (224.0 g)', '13.6 g mayonnaise', '45.0 g dry Hidden Valley Ranch dressing mix', '82.8 g chopped peppers', '68.3 g chopped broccoli', '90.0 g chopped celery', '80.2 g chopped cauliflower', '120.6 g chopped onions', '96.0 g chopped carrots', '183.1 g chopped tomatoes', 'yellow and white shredded cheese']","['Spread Bisquick mix, pizza dough or crescent rolls on cookie sheet and bake at 325° until brown.', 'Mix together cream cheese, sour cream, mayonnaise and Hidden Valley Ranch dressing mix.', 'Spread this mixture over baked crust.', 'Sprinkle vegetables over mixture and crust.', 'Top with cheese.']","[""bisquick"", ""sour cream"", ""tomatoes"", ""dry hidden valley"", ""peppers"", ""cream cheese"", ""celery"", ""mayonnaise"", ""broccoli"", ""cauliflower"", ""onions"", ""carrots"", ""yellow and""]",www.cookbooks.com/Recipe-Details.aspx?id=734519,main,3496.1,6.0,6.0,directions suggest this kind of pan which is fitting for a 6 servings recipe,582.7,True,311.3,69.5,32.7,68.9,271762.0,False,True,False,True,True,True,False,True,False,True,True,True,True,True,True,True,False,True,True
Vegetable Pizza,"['226.8 g crescent rolls', '226.8 g cream cheese', '146.7 g mayonnaise', '2.2 g dill weed', '0.2 g curry powder', '1 tomato, seeded and diced (123.0 g)', '1 bunch green onions, diced (110.0 g)', '1 cucumber, diced (201.0 g)', '1/2 green pepper, diced (59.5 g)', '67.5 g sliced green olives', '67.5 g sliced black olives', '1 bunch broccoli, cut up (11.0 g)', '2 carrots, peeled and sliced (122.0 g)']","['Unroll crescent rolls into a greased 9 x 13-inch pan.', 'Press seams together.', 'Bake at 350° for 10 minutes.', 'Cream dill weed, cream cheese, mayonnaise and curry powder together.', 'Spread on cooled rolls.', 'Spread vegetables on top.', 'Serve chilled.']","[""tomato"", ""green olives"", ""curry powder"", ""green onions"", ""cream cheese"", ""black olives"", ""mayonnaise"", ""broccoli"", ""cucumber"", ""carrots"", ""crescent rolls"", ""green pepper"", ""dill weed""]",www.cookbooks.com/Recipe-Details.aspx?id=410143,main,2918.1,5.0,6.0,directions suggest this kind of pan which is fitting for a 6 servings recipe,583.6,True,155.1,43.2,12.5,38.4,701495.0,False,True,False,True,True,True,False,True,True,True,True,True,True,True,True,True,False,True,True
Vegetable Pizza,"['370.8 g scalded milk', '221.3 g vegetable oil', '108.0 g sugar', '6.0 g salt', '14.1 g yeast', '8.9 g sugar', '120.0 g warm water', '632.5 g flour', '3 eggs (150.0 g)', '226.8 g cream cheese', '146.7 g mayonnaise', '45.0 g original Ranch dressing mix']","['Mix first 4 ingredients and let cool, then mix yeast, sugar nd water.', 'Add yeast mixture to milk and beat well, then add 2 cups flour.', 'Beat in 3 eggs, one at a time.', 'Now add final 3 1/2 cups flour.', 'Refrigerate overnight.', 'Spread dough out on cookie sheet and bake in a 375° oven for 15 minutes.', 'Mix together in bowl cream cheese, mayonnaise and dressing mix.', 'Spread on top of cooled dough.', 'Top with your choice of freshly cut vegetables. Cut and serve.', 'It is also good with shredded Cheddar cheese.']","[""sugar"", ""warm water"", ""eggs"", ""dressing mix"", ""cream cheese"", ""flour"", ""yeast"", ""mayonnaise"", ""milk"", ""vegetable oil"", ""salt""]",www.cookbooks.com/Recipe-Details.aspx?id=218937,main,7512.1,13.0,7.0,"Given that the dough is spread out and baked, and considering the toppings, I would estimate that this recipe serves around 6 to 8 people.",577.9,True,800.3,335.3,18.0,182.3,416558.0,False,True,False,True,True,True,False,True,True,True,True,True,True,True,True,True,False,True,True
Carbonara,"['2.4 g Old Bay Seasoning', '1.6 g onion powder', '0.3 g dried parsley', 'salt (to taste)', '4 chicken breasts, cut into strips (224.0 g)', '1 onion, diced (110.0 g)', '145.0 g peas', '1.6 g garlic', '109.3 g butter', '28.4 g bacon bits', '113.4 g mushrooms (or fresh)', '28.4 g flour', '494.4 g milk', '97.4 g chicken broth', '81.1 g shredded cheese (I used four cheese Mexican)', '100.0 g grated parmesan cheese']","['Melt half a stick of butter in a saucepan.', ""Cook chicken, garlic, bacon bits, mushrooms, onion and peas until tender and you won't get food poisoning."", 'Season with a bit of salt, onion powder and old bay.', 'Move cooked ingredients to the side and mix together half a stick of butter and four tablespoons of flour on low to medium heat (3 minutes) until it resembles a creamy paste.', 'Stir in two cups of milk and a cup of chicken broth and mix well.', 'Bring to a slow boil. Mix often.', 'Add one cup of shredded cheese and a cup of grated Parmesan cheese.', 'Add your other cooked ingredients.', 'Allow to thicken and simmer on low for about ten minutes.', 'Add more milk or chicken broth if you want a thinner sauce or you find the cheese gets stringy.', 'Use over your favorite pasta.']","[""peas"", ""chicken breasts"", ""bacon bits"", ""parmesan cheese"", ""onion powder"", ""onion"", ""mushrooms"", ""shredded cheese"", ""flour"", ""chicken broth"", ""parsley"", ""milk"", ""garlic"", ""butter"", ""salt""]",www.food.com/recipe/easy-chicken-carbonara-534079,main,2856.8,5.0,5.0,"Considering these points, I estimate that this recipe serves around 4 to 6 people. Given the substantial amount of chicken and the accompanying ingredients, it seems appropriate to serve this as a main course for a group.",571.4,True,384.8,301.9,18.2,163.7,1009881.0,False,True,True,True,True,True,False,True,True,True,True,True,True,True,False,False,False,False,False
Carbonara,"['453.6 g linguine', '450.0 g bacon', '2 eggs (100.0 g)', '59.8 g sweet cream butter', '474.7 g whipping cream', '100.0 g grated Parmesan cheese', '8.1 g parsley flakes', 'white pepper to taste (optional)']","['Cut bacon into pieces and fry.', 'Drain grease.', 'Keep bacon warm.', 'Prepare linguine according to package directions.', 'In a saucepan, combine eggs, butter and whipping cream over low heat, stirring occasionally.', 'Remove from heat after butter is fully melted and when thickened sauce coats spoon.', 'Combine drained linguine, bacon and sauce and stir until thoroughly mixed.', 'Add Parmesan cheese, parsley flakes and white pepper (optional).', 'Stir until Parmesan cheese is completely melted and everything is thoroughly mixed.', 'Serve immediately.', 'Serves 4 to 6.', 'Can be halved or doubled.']","[""bacon"", ""eggs"", ""parmesan cheese"", ""white pepper"", ""parsley flakes"", ""sweet cream butter"", ""linguine"", ""whipping cream""]",www.cookbooks.com/Recipe-Details.aspx?id=289846,main,6048.4,10.0,4.0,"Estimated servings to be 4 based on the recipe ingredients and directions, which suggest serving 4 to 6 people, but the quantities seem more suitable for 4 people.",604.8,True,380.6,32.3,14.8,227.0,120642.0,False,True,False,True,True,True,False,True,True,True,True,True,True,True,False,False,False,False,False
Carbonara,"['340.2 g spaghetti', '40.7 g olive oil', '148.8 g frozen peas', '3 zucchini halved lengthwise, sliced (588.0 g)', '283.5 g artichokes in oil, drained, chopped', '283.5 g red peppers drained, chopped', '1 clove garlic peeled, halved (3.0 g)', '3 eggs (150.0 g)', '159.0 g heavy cream', '3.0 g fresh parsley leaves chopped', '70.9 g grated Parmesan cheese freshly']","['Cook pasta in boiling salted water with 1 tbsp oil for 6-7 mins until al dente, adding peas and zucchini for last 2 mins of cooking.', 'Drain.', 'Meanwhile, saute artichokes, red peppers and garlic in remaining oil for 2-3 mins, until browned.', 'Remove from the heat and set aside.', 'Discard garlic.', 'Whisk together eggs, heavy cream, parsley and 1/2 the cheese.', 'Add pasta and vegetables.', 'Cook over low heat until eggs are creamy.', 'Sprinkle with remaining cheese.', 'Serve.']","[""artichokes"", ""red peppers"", ""heavy cream"", ""eggs"", ""parmesan cheese"", ""clove garlic"", ""olive oil"", ""parsley"", ""linguine"", ""zucchini"", ""frozen peas""]",www.yummly.com/recipe/Creamy-Vegetables-Carbonara-1401526,main,3115.9,5.0,4.0,"Considering these factors, I would estimate that this recipe serves approximately 4 to 6 people. Given the precision of the measurements and the combination of pasta and eggs, I'll go with a conservative estimate of 4 servings.",623.2,True,358.0,52.5,46.7,168.4,1607494.0,False,True,False,True,True,True,False,True,True,True,True,True,True,True,True,True,False,True,True
Carbonara,"['226.8 g ziti pasta', '80.8 g butter', '357.8 g heavy cream', '240.0 g chopped ham', '450.0 g fresh asparagus, cooked to crisp', '100.0 g freshly grated parmesan cheese', 'salt and pepper']","['Cook Ziti as directed until al dente.', 'Melt the butter in a skillet over med heat .', 'Add the cream, ham and asparagus, increase heat until liquid comes to a full boil; reduce heat.', 'Add cooked ziti to the sauce, then parmesan cheese.', 'Mix gently until pasta is completely coated.', 'Serve.']","[""heavy cream"", ""fresh asparagus"", ""ham"", ""freshly grated parmesan cheese"", ""butter"", ""pasta"", ""salt""]",www.food.com/recipe/ziti-alla-carbonara-162277,main,3492.3,6.0,4.0,"The recipe calls for 226.8g of pasta, which is typically sufficient for 3-4 people, and the dish includes additional components such as cooked asparagus and parmesan cheese.",582.1,True,211.0,37.1,16.7,118.2,1111469.0,False,True,True,True,True,True,False,True,True,True,True,True,True,True,False,False,False,False,False
Carbonara,"['226.0 g refrigerated cheese tortellini', '8 bacon strips, chopped (64.0 g)', '242.4 g heavy whipping cream', '50.0 g grated Parmesan cheese', '8.1 g chopped fresh parsley']","['Cook tortellini according to package directions', 'Drain.', 'Meanwhile, in a large skillet, cook bacon over medium heat until crisp, stirring occasionally.', 'Remove with a slotted spoon; drain on paper towels.', 'Pour off drippings.', 'In same pan, combine cream, cheese, parsley and bacon; heat through over medium heat.', 'Stir in tortellini.', 'Serve immediately.']","[""bacon"", ""refrigerated cheese tortellini"", ""parmesan cheese"", ""heavy whipping cream"", ""parsley""]",www.tasteofhome.com/recipes/tortellini-carbonara/,main,1731.2,3.0,4.0,"The recipe uses 226g of refrigerated cheese tortellini, which is commonly used per person, and 84g of bacon, which is also typical for 4 servings. The remaining ingredients are quantities that would be consistent across multiple servings.",577.1,True,127.1,11.6,4.6,68.6,1526966.0,True,True,True,True,True,True,False,True,True,True,True,True,True,True,False,False,False,False,False
Carbonara,"['450.0 g fettuccine', '54.3 g olive oil', '2 garlic cloves, minced (6.0 g)', '40.6 g shallots', '113.4 g dry white wine', '113.4 g chicken stock', '29.4 g heavy cream', '2 large eggs (100.0 g)', '56.7 g parmigiano reggiano', '56.7 g Pecorino Romano', '145.0 g fresh cooked english peas', '226.8 g cherry tomatoes', '14.0 g prosciutto', '8 slices bacon, cooked (64.0 g)']","['Cook pasta, drain and reserve 1 cup liquid.', 'Toss cooked pasta in 2 tbls olive oil and set aside.', 'Mix eggs and cheeses heat saucepan, add oil and bacon, stirring for 2 minutes', 'Add garlic, hallots and cook for 4 minutes.', 'Add white wine and reduce almost all the way down.', 'Add the chicken stock, reduce by half.', 'Add heavy cream and pasta water.', 'Add the pasta and the roasted tomatoes to the saucepan.', 'Remove from heat and toss in the egg cheese mixture and julianne prosciutto.', 'Season with salt and pepper and top with bacon']","[""bacon"", ""tomatoes"", ""romano"", ""parmigiano reggiano"", ""heavy cream"", ""eggs"", ""fettucinne"", ""shallots"", ""frsh cooked english peas"", ""white wine"", ""garlic"", ""chicken"", ""olive oil""]",www.epicurious.com/recipes/member/views/fettuccine-carbonara-52823011,main,2993.1,5.0,4.0,"The recipe primarily uses pasta as its main ingredient, which is commonly associated with 4 servings. The directions suggest a portioned serving method, further supporting this estimation.",598.6,True,306.0,24.8,29.5,171.0,1344454.0,False,True,False,True,True,True,False,True,True,True,True,False,True,True,False,False,False,False,False
Carbonara,"['12 slices bacon, chopped (96.0 g)', '121.2 g heavy whipping cream', '50.0 g grated parmesan cheese', '4 large egg yolks (200.0 g)', '16.0 g Worcestershire sauce', '450.0 g vermicelli']","['Cook bacon until crispy over medium high heat, drain and set aside, reserving 2 tablespoons bacon grease.', ""Set the pasta to boil according to the package's directions."", 'Whisk cream, Parmesan, egg yolks, and worcestershire sauce in a medium sized bowl.', 'Whisk in the warm bacon drippings that had previously been set aside.', 'Whisk until blended and set aside.', 'Drain pasta and return to pot.', 'Carefully add cream mixture and toss until pasta is well coated.', 'Add bacon, and pepper to taste.', 'Serve.']","[""bacon"", ""vermicelli"", ""parmesan cheese"", ""heavy whipping cream"", ""egg yolks"", ""worcestershire sauce""]",www.food.com/recipe/bacon-carbonara-336716,main,3297.2,5.0,4.0,"Carbonara is typically a dish that serves 4-6 people, considering the amount of pasta and the ingredients used. The recipe calls for 450g of vermicelli, which is generally appropriate for 4 servings.",659.4,True,354.2,19.0,14.4,160.5,1219355.0,True,True,False,True,True,True,False,True,True,True,True,True,True,True,False,False,False,False,False
Carbonara,"['26.9 g butter', '4 strips bacon chopped (32.0 g)', '340.2 g button mushrooms sliced', '113.4 g shiitake mushrooms sliced', '2 cloves garlic crushed (6.0 g)', '360.0 g chicken stock', '363.6 g cream', '680.4 g tagliatelle', '56.7 g Parmesan cheese grated']","['For the sauce, heat butter in a large frying pan.', 'Add bacon and mushrooms and cook, stirring, until browned lightly.', 'Add garlic and cook, stirring, until fragrant.', 'Stir in stock and boil, uncovered, until reduced by half.', 'Add cream and bring to a boil.', 'Reduce heat and simmer, uncovered, until slightly thickened.', 'Meanwhile, cook the pasta in boiling salted water according to package instructions.', 'Drain and toss with sauce.', 'Sprinkle with Parmesan to serve.']","[""bacon"", ""parmesan cheese"", ""shiitake mushrooms"", ""mushrooms"", ""cream"", ""garlic"", ""tagliatelle"", ""butter"", ""chicken stock""]",www.yummly.com/recipe/Tagliatelle-Carbonara-with-Mushrooms-1401193,main,4109.6,7.0,4.0,"The recipe mentions 680.4 grams of tagliatelle, which seems to be the main ingredient serving size. Given that tagliatelle is typically served per person, we can reasonably assume this amount serves around 3-4 people.",587.1,True,523.5,49.1,41.9,156.6,1625921.0,True,True,True,True,True,True,False,True,True,True,True,True,True,True,False,False,False,False,False
Carbonara,"['450.0 g asparagus, medium-thick', '40.8 g extra-virgin olive oil', '3 large cloves garlic, sliced (9.0 g)', 'Salt', '283.5 g dry penne pasta', '3 large eggs (150.0 g)', 'Ground black pepper', '237.1 g grated pecorino (about 2 ounces)', '9.6 g minced tarragon leaves']","['Snap off the ends of the asparagus.', 'If the stalks are thick, peel the bottoms.', 'Slant-cut the asparagus in 1-inch pieces.', 'Heat 2 tablespoons oil in a large skillet.', 'Add garlic and cook on medium-low until the garlic is fragrant.', 'Add asparagus and stir-fry until al dente, about 5 minutes.', 'Remove pan from heat.', 'Bring a large pot of salted water to a boil.', 'Add penne and cook until al dente.', 'In a medium-size bowl, beat eggs enough to blend them.', 'Gradually whisk 1/2 cup of the pasta water into the eggs.', 'Drain pasta and add to skillet.', 'Add remaining oil and toss with asparagus over low heat, just enough to combine and warm the ingredients.', 'Season with salt and pepper.', 'Remove pan from heat.', 'Very slowly stir about half the egg mixture into the pasta and asparagus, mixing everything constantly.', 'Dont worry if some of the egg scrambles a bit.', 'Quickly stir the cheese into remaining eggs, pour over the ingredients in the skillet and mix.', 'Fold in tarragon.', 'Serve immediately.']","[""extra-virgin olive oil"", ""penne pasta"", ""eggs"", ""tarragon leaves"", ""ground black pepper"", ""pecorino"", ""garlic"", ""salt""]",cooking.nytimes.com/recipes/1015811,main,2651.9,4.0,3.0,"The recipe includes 283.5g of pasta, which is generally suitable for 2-3 servings, and 450g of asparagus, which typically serves around 3-4 people. The directions indicate cooking the pasta separately and then combining it with the asparagus, which aligns well with serving 3-4 portions.",663.0,True,238.7,17.0,19.4,180.8,2184998.0,False,True,False,True,True,True,False,True,True,True,True,True,True,True,True,True,False,True,True
Pizza,"['452.0 g crescent rolls', '283.5 g mushrooms', '50.0 g parmesan cheese', '109.3 g butter', '40.2 g minced red onion', '1.6 g garlic powder', 'cracked black pepper', '1.0 g herbes de provence']","['Clean mushrooms, chop and set aside.', 'Preheat oven to 350 degrees.', 'In a 13x9 pan roll out cresent dough, sealing seams and making a small edge.', 'Melt butter, add garlic powder and toss with mushrooms.', 'Spread mushrooms equally over cresent dough.', 'Sprinkle with red onion.', 'Sprinkle herbs and pepper evenly over vegetables.', 'Sprinkle cheese evenly over vegetables.', 'Bake 25-30 minutes or until golden brown.', 'Cut into serving pieces.']","[""parmesan cheese"", ""garlic"", ""mushrooms"", ""herbes"", ""cracked black pepper"", ""crescent rolls"", ""red onion"", ""butter""]",www.food.com/recipe/mushroom-pizza-82932,main,2693.8,4.0,8.0,Directions suggest a 13x9 pan which is commonly used for baking 8 servings of pizza.,673.4,True,224.7,37.4,11.5,52.2,2182827.0,False,True,True,True,True,True,False,True,True,True,True,True,True,True,True,True,False,True,True
Pizza,"['226.8 g bow tie pasta (uncooked)', '1435.2 g green peppers, chopped', '2 cloves garlic, minced (6.0 g)', '411.08 g stewed tomatoes', '113.4 g pepperoni, sliced', '31.8 g pepper', '1 onion, chopped (110.0 g)', '1435.2 g red peppers, chopped', '13.6 g olive oil', '23.0 g basil (dry)', '113.4 g mozzarella cheese, diced (or buy pre-shredded)']","['cook pasta.', 'Saute garlic and vegetables in the oil.', 'Add tomatoes and basil and cook for 10 minutes.', 'Stir in remaining ingredients and toss with pasta.', 'Serve and enjoy!']","[""tomatoes"", ""pepper"", ""green peppers"", ""red peppers"", ""mozzarella cheese"", ""onion"", ""basil"", ""olive oil"", ""garlic"", ""pasta"", ""pepperoni""]",www.food.com/recipe/pepperoni-pizza-pasta-12448,main,2579.7,4.0,3.0,"The recipe involves cooking pasta, which is typically sufficient for 3 servings. The quantities of ingredients do not suggest a larger portion size.",644.9,True,365.3,76.2,75.7,118.5,2227760.0,False,True,True,True,True,True,False,True,True,True,True,True,True,True,False,False,False,False,False
Pizza,"['1 slice bread (25.0 g)', '1 slice yellow American cheese (28.0 g)', '1 slice bacon (8.0 g)', '1 slice tomato (123.0 g)', '1 slice onion (110.0 g)', 'oregano']","['On cookie sheet, place bread.', 'Place in order on bread, cheese, tomato, 1 ring from onion slice, cut bacon strip in half and place 2 halves on top.', 'Sprinkle with oregano.', 'Place on top rack in oven and bake at 400° until bread is golden and cheese is melted slightly.', 'Remove and let cool 3 minutes.']","[""bread"", ""bacon"", ""tomato"", ""oregano"", ""onion"", ""cheese""]",www.cookbooks.com/Recipe-Details.aspx?id=1053242,main,235.8,1.0,2.0,"Pizza recipe uses a single slice of bread as the main ingredient, which typically serves 1-2 people. The other ingredients are relatively small portions and the preparation method suggests a single serving.",235.8,True,29.0,10.6,5.6,11.9,287968.0,False,True,True,True,True,True,False,True,True,True,True,True,True,True,False,False,False,False,False
Pizza,"['4 whole wheat flour tortillas (low fat) (196.0 g)', '445.0 g fat-free refried beans', '259.0 g salsa', '28.1 g frozen corn (thawed)', '40.6 g chopped fresh cilantro', '85.0 g reduced-fat monterey jack cheese, shredded', '85.0 g cheddar cheese, shredded', 'light sour cream']","['Preheat broiler and place rack on second level in oven.', 'Place tortillas on baking sheet.', 'Spread each with equal portion of with refried beans.', 'To each tortilla, add salsa, corn, cilantro and top with cheeses.', 'Broil until cheese begins to lightly brown and beans are heated through, about 10 minutes.', 'Garnish with light sour cream.']","[""frozen corn"", ""light sour cream"", ""cheddar cheese"", ""whole wheat flour tortillas"", ""salsa"", ""cheese"", ""beans"", ""fresh cilantro""]",www.food.com/recipe/quick-mexican-pizza-15780,main,1840.0,3.0,4.0,"The recipe uses a combination of tortillas, beans, salsa, corn, and cheese, which are typically portioned for 4 servings.",613.3,True,203.6,22.3,50.3,90.0,2182121.0,False,True,True,True,True,True,False,True,True,True,True,True,True,True,True,True,False,True,True
Pizza,"['1 ready-to-use baked pizza crust (12 inch) (390.0 g)', '69.0 g KRAFT Original Barbecue Sauce', '114.0 g frozen BOCA Veggie Ground Crumbles', '67.2 g KRAFT Pizza Shredded Low-Moisture Mozzarella & Cheddar Cheeses', '41.2 g drained canned pineapple tidbits', '46.3 g green pepper strips', '53.6 g sliced red onions']","['Heat oven to 450 degrees F.', 'Place pizza crust on baking sheet; spread with sauce.', 'Top with remaining ingredients.', 'Bake 10 min.', 'or until crumbles are heated through (160 degrees F) and cheese is melted.']","[""mozzarella &"", ""green pepper"", ""pineapple tidbits"", ""barbecue sauce"", ""red onions"", ""veggie ground crumbles"", ""ready""]",www.kraftrecipes.com/recipes/boca-hawaiian-pizza-73964.aspx,main,1582.9,3.0,4.0,"The pizza uses a single large crust that typically serves 3-4 people, and the other ingredients are generally portioned out per person.",527.6,True,238.8,62.4,9.2,54.8,2042279.0,True,True,True,True,True,True,False,True,True,True,True,True,True,True,True,True,False,True,True
Pizza,"['1 pastry for single-crust pie (390.0 g)', '625.0 g granny smith apples', '67.2 g sharp cheddar cheese, grated', '86.6 g brown sugar, packed', '58.5 g walnuts, chopped', '1.4 g cinnamon', '1.1 g nutmeg', '26.9 g butter']","[""Roll the pastry to fit a greased 12' pizza pan."", 'Flute the edges.', 'Bake the crust at 400 degrees for 10 minutes.', 'Arrange the apple slices in a single, circular pattern.', 'Sprinkle the cheese on top of the apples.', 'Combine the brown sugar, nuts and spices and sprinkle over the cheese.', 'Dot the top with pieces of cold butter.', 'Bake at 400 degrees for 20 minutes.', 'Serve warm.']","[""nutmeg"", ""brown sugar"", ""cheddar cheese"", ""pastry"", ""cinnamon"", ""walnuts"", ""butter"", ""granny smith apples""]",www.food.com/recipe/cheddar-apple-pizza-322934,main,2531.2,4.0,8.0,The recipe uses a single crust pie pastry which typically serves around 8 people. The crust alone is substantial and would serve a group of 8.,632.8,True,374.6,192.0,17.4,41.8,1809303.0,True,True,True,True,True,True,False,False,True,True,True,True,True,True,True,True,False,True,True
Pizza,"['55.0 g mayonnaise', '365.1 g Ranch Dressing, divided', '201.6 g shredded triple cheddar cheese', '358.7 g finely chopped cooked chicken', '8 slice bacon cooked and crumbled (64.0 g)', '42.0 g shredded lettuce', '1 tomato finally chopped (123.0 g)', '391.2 g refrigerated pizza crust']","['preheat oven to 400', 'unroll pizza dough on to greased cooking sheet.', 'bake for 10 minutes.', 'mix mayonnaise and 1/3 cup of ranch dressing.', 'spread on to crust.', 'tap with half of cheese, chicken, remaining cheese and bacon.', 'bake 5 minutes or until crust is golden brown and cheese is melted.', 'top with lettuce and tomato drizzle with remaining dressing']","[""bacon"", ""dressing"", ""cheddar cheese"", ""shredded lettuce"", ""crust"", ""mayonnaise"", ""tomato finally"", ""chicken""]",cookpad.com/us/recipes/360038-chicken-club-pizza,main,4645.0,8.0,3.0,"estimated based on the crust size and the substantial amount of cheese, suggesting a portion size suitable for 3 to 4 people",580.6,True,219.1,52.0,2.4,142.0,1991079.0,True,True,False,True,True,True,False,True,True,True,True,True,True,True,False,False,False,False,False
Cacio e Pepe,"['226.8 g spaghetti', '113.4 g half a stick butter', '6.0 g black pepper, freshly cracked', '62.5 g freshly grated parmesan cheese']","['Bring a pot of salted water to a boil.', 'Add the pasta and cook to al dente.', 'While the pasta cooks, melt butter in a large saute pan over medium heat.', 'Add the fresh cracked pepper.', 'When the butter begins to bubble, turn off the flame and remove from heat.', 'When the pasta is ready, add the noodles and 2 1/2 tablespoons of the water to the saute pan.', 'Cook over medium high heat until the liquid bubbles and thickens, tossing the pasta as needed.', 'Remove from the heat and add the Parmesan cheese, tossing rigorously until all ingredients are incorporated into a creamy sauce.', 'Garnish with additional black pepper and Parmesan, and serve immediately.']","[""spaghetti"", ""butter"", ""black pepper"", ""freshly grated parmesan cheese""]",www.food.com/recipe/cacio-e-pepe-524501,main,1691.6,3.0,4.0,"The recipe calls for 226.8g of spaghetti, which is typically sufficient for 4 servings. Additionally, the cooking time and serving instructions suggest a portion size suitable for 4 people.",563.9,True,185.7,6.1,8.8,47.9,1005970.0,False,True,True,True,True,True,False,True,True,True,True,True,True,True,True,True,False,True,True
Cacio e Pepe,"['264.0 g pasta (any kind, try tortiglioni)', '74.1 g pecorino romano cheese', '2.3 g black pepper']","['Cook the pasta al dente; drain.', 'Put the put back on the stove.', 'Immediately sprinkle the finely grated cheese over the pasta, and mix in some of the water used to boil the pasta, until the cheese melts into a light, almost watery, creamy sauce.', 'Grate pepper on top.']","[""black pepper"", ""pecorino romano cheese"", ""pasta""]",www.food.com/recipe/cacio-e-pepe-344207,main,1259.9,2.0,2.0,The recipe uses 264g of pasta which is typically sufficient for 2 servings.,630.0,True,201.4,7.6,9.0,58.1,988183.0,False,True,True,True,True,True,False,True,True,True,True,True,True,True,True,True,False,True,True
Cacio e Pepe,"['Salt, to taste', '340.2 g bucatini', '80.8 g unsalted butter', '3.4 g freshly ground pepper', '1 cup freshly grated Asiago, as needed', '1 egg yolk (50.0 g)']","['Bring a pot of water to a boil and add some salt to the water (not too much, as you will use this water for your sauce).', 'Add the pasta and cook according to package instructions.', 'Reserve 1/2 cup pasta water, then drain.', 'In the same pot the pasta was boiled in, add 1/3 cup of the pasta water.', 'Melt your butter into this and add the pepper.', 'Return the cooked pasta to the pot and toss to coat.', 'Add the cheese and egg yolk and, using tongs, toss the ingredients together until combined.', 'If the pasta seems a little sticky, add the remaining pasta water.', ""If it's a little wet, add more cheese."", 'Taste for seasoning and adjust as necessary.']","[""egg yolk"", ""salt"", ""freshly ground pepper"", ""pasta"", ""unsalted butter""]",food52.com/recipes/34609-cacio-e-pepe,main,2011.3,3.0,3.0,"The primary ingredient, bucatini, is listed as 340.2 grams, which typically corresponds to about 3-4 servings. Additionally, the directions suggest cooking the pasta and then tossing it with a sauce made from melted butter, pepper, and cheese, which aligns well with a pasta dish that would serve 3-4 people.",670.4,True,256.7,9.3,11.7,62.1,1405188.0,True,True,False,True,True,True,False,True,True,True,True,True,True,True,True,True,False,True,True
Cacio e Pepe,"['340.2 g spaghetti', '53.9 g unsalted butter, at room temperature', '13.6 g extra-virgin olive oil', '160.3 g grated pecorino romano cheese', 'salt, to taste', 'fresh ground black pepper, to taste (lots of it)']","['Bring a large pot of salted water to a boil.', 'Add the spaghetti and cook until al dente, 8 to 10 minutes.', 'While the pasta cooks, mash the soft butter with the olive oil and pecorino cheese in a large bowl to form a paste.', 'When the pasta is tender, drain it, reserving 1/2 cup of the pasta cooking water.', 'Add the spaghetti directly to the bowl with the butter mixture.', 'Toss well to coat, adding the pasta water as needed to make a thick, creamy sauce that coats the pasta strands.', 'Season with salt and lots of freshly ground black pepper.', 'Divide the pasta among four plates; serve immediately.']","[""spaghetti"", ""fresh ground black pepper"", ""pecorino romano cheese"", ""extra-virgin olive oil"", ""unsalted butter"", ""salt""]",www.food.com/recipe/cacio-e-pepe-529988,main,2363.5,4.0,4.0,"The recipe serves 4 people as indicated by the serving size of spaghetti and pecorino cheese, and the directions suggest a portioned serving of pasta.",590.9,True,260.0,10.3,10.9,95.7,1112525.0,False,True,True,True,True,True,False,True,True,True,True,True,True,True,True,True,False,True,True
Cacio e Pepe,"['240.4 g Pecorino Romano', '237.1 g Parmigiano reggiano', '26.9 g Butter', '13.6 g Olive oil', '6.8 g Black peppercorns', '450.0 g Dried spaghetti', '3 cloves Garlic (9.0 g)', '1 handful Kosher Salt']","['Freshly grate 1 cup of the Parmigiano reggiano and 1 cup of the Pecorino Romano. Set aside', 'In a large pan, toast the tablespoon of black peppercorns until aromatic, careful not burn', 'Using a mortar and pestle or flat side of a knife, grind the toasted peppercorns. Set aside', 'Peel and thinly slice the 3 cloves of garlic. Set aside', 'In the same pan used to toast the black peppercorns, heat 1 tablespoon of olive oil over medium high heat', 'Add the slices of garlic and about half the toasted pepper, cook the garlic watching it carefully, to a light brown (about 3-5 min)... being very careful not to burn the garlic. Cover and set aside', 'In a large pot, throw a small handful of kosher salt into the water (should taste like the ocean) and bring to boil', 'Watch the pasta and just before el dente, reserve 1 cup of the pasta water, and start putting the pasta into the large pan with the olive oil, pepper and garlic', 'Add the 2 tablespoons of butter, 1/4 cup of the pasta water, and start mixing in the cheese and remaining toasted pepper', 'Continue to stir and add in additional pasta water to gain the desired consistency']","[""black peppercorns"", ""pecorino romano"", ""parmigiano reggiano"", ""handful"", ""garlic"", ""butter"", ""olive oil""]",www.epicurious.com/recipes/member/views/cacio-e-pepe-5bf5aa39edb5d954f466cae1,main,2905.2,5.0,4.0,"The recipe involves a substantial amount of pasta and cheese, which are key components indicating a larger serving size. The directions suggest a portioning process that aligns well with a specific serving size, supporting a total of 4 servings.",581.0,True,354.9,15.2,16.3,250.3,1332801.0,False,True,True,True,True,True,False,True,True,True,True,True,True,True,True,True,False,True,True
Chocolate Dream Dessert,"['172.5 g plain flour', '327.6 g margarine, melted', '240.0 g nuts', '216.0 g confectioners sugar', '226.8 g cream cheese (soft)', '75.0 g Cool Whip', '99.2 g instant vanilla pudding', '99.2 g instant chocolate pudding', '741.6 g milk']","['Mix first 3 ingredients.', 'Spread in 9 x 13-inch baking dish.', 'Press down and bake at 350° for 20 minutes.', 'Let cool completely.', 'Mix next 3 ingredients together and spread on pastry.', 'Whip next 3 ingredients and spread on first layer.', 'Top with Cool Whip.', 'Sprinkle grated Heath or chocolate bar on top.', 'Chill until firm.']","[""instant vanilla pudding"", ""instant chocolate pudding"", ""cream cheese"", ""flour"", ""nuts"", ""margarine"", ""confectioners sugar"", ""milk""]",www.cookbooks.com/Recipe-Details.aspx?id=427824,dessert,7667.6,26.0,6.0,"The baking dish size (9 x 13 inches) suggests it can accommodate 6 servings, and the layered structure indicates it's meant for multiple portions.",294.9,True,879.9,706.3,26.2,135.1,468638.0,False,True,True,True,True,True,False,True,True,True,True,True,True,True,True,True,False,True,False
Chocolate Dream Dessert,"['115.0 g flour', '1 stick margarine (113.0 g)', '109.0 g pecans', '216.0 g confectioners sugar', '226.0 g cream cheese', '75.0 g Cool Whip', '96.0 g instant vanilla pudding', '96.0 g instant chocolate pudding', '494.4 g milk']","['Mix together flour, margarine and pecans and press in 9 x 13-inch pan.', 'Bake at 350° for 20 minutes.', 'Cool completely.', 'Mix together confectioners sugar, cream cheese and Cool Whip and spread on crust.', 'Mix well the puddings and milk and spread on cheese layer.', 'Top with remainder of large container Cool Whip.', 'Garnish with grated chocolate bar or nuts.', 'Refrigerate one hour.']","[""instant vanilla pudding"", ""instant chocolate pudding"", ""pecans"", ""cream cheese"", ""flour"", ""margarine"", ""confectioners sugar"", ""milk""]",www.cookbooks.com/Recipe-Details.aspx?id=1066160,dessert,4957.4,8.0,6.0,"Given the typical serving sizes for layered desserts, 6 servings seems appropriate. ",619.7,True,679.3,566.8,18.8,82.3,871884.0,False,True,True,True,True,True,False,False,True,True,True,True,True,True,True,True,False,True,False
Chocolate Dream Dessert,"['172.5 g flour', '327.6 g margarine', '163.5 g pecans, chopped', '226.8 g cream cheese', '75.0 g Cool Whip', '134.4 g powdered sugar', '96.0 g instant vanilla pudding mix', '96.0 g instant chocolate pudding mix', '494.4 g milk']","['Spread on top of cream cheese layer.', 'Ice with remaining Cool Whip and refrigerate.', 'Shred Hershey bar on top.']","[""instant vanilla pudding mix"", ""powdered sugar"", ""pecans"", ""cream cheese"", ""flour"", ""margarine"", ""instant chocolate pudding mix"", ""milk""]",www.cookbooks.com/Recipe-Details.aspx?id=781408,dessert,6890.6,23.0,6.0,"Given the large quantities of ingredients and the layered dessert structure suggest a substantial portion size, typically suitable for 6 to 8 servings.",299.6,True,717.8,542.4,26.2,81.9,630953.0,False,True,True,True,True,True,False,False,True,True,True,True,True,True,True,True,False,True,False
Chocolate Dream Dessert,"['432.0 g chocolate cake mix', '96.4 g instant vanilla pudding mix', '300.0 g chocolate syrup', '340.2 g frozen whipped topping, thawed', '54.5 g chopped pecans']","['Prepare and bake cake according to package directions; using a 13 x 9 inch baking pan.', 'Cool cake on a wire rack.', 'Meanwhile, prepare pudding according to package directions; pour pudding into a 13 x 9 inch baking dish.', 'Tear cake into small pieces and gently push down into the pudding.', 'Drizzle with 3/4 cup of chocolate syrup.', 'Spread with whipped topping.', 'Drizzle with remaining chocolate syrup.', 'Sprinkle with pecans.', 'Refrigerate until serving.']","[""frozen whipped topping"", ""chocolate cake mix"", ""pecans"", ""chocolate syrup""]",www.cookbooks.com/Recipe-Details.aspx?id=75774,dessert,4851.0,16.0,4.0,"The primary ingredient, the chocolate cake mix, is listed as 432.0 grams, which is typically sufficient for 3-4 servings, and the recipe structure aligns well with a 4-serving portion.",303.2,True,596.5,477.1,37.4,39.3,652012.0,False,True,True,True,True,True,True,False,True,True,True,True,True,True,True,True,True,True,False
Chocolate Dream Dessert,"['160.8 g all-purpose flour', '109.0 g finely chopped pecans', '109.3 g cold butter', '226.8 g cream cheese, softened', ""216.0 g confectioners' sugar"", '226.8 g frozen whipped topping, thawed, divided', '96.4 g instant vanilla pudding mix', '110.6 g instant chocolate pudding mix', '741.6 g cold whole milk', '1 chocolate bar, grated']","['In a bowl, combine the flour and pecans; cut in butter until mixture resembles fine crumbs.', 'Press into a 13x9-in. baking pan. ', 'Bake at 350° for 15-20 minutes or until golden brown.', 'Cool on a wire rack.', 'Place the cream cheese, sugar and half the whipped topping in a large bowl', 'Beat until smooth.', 'Spread over crust.', 'Whisk pudding mixes and milk for 2 minutes or until soft-set.', 'Spread over cream cheese mixture', 'Chill until firm.', 'Spread with remaining whipped topping', 'Sprinkle with grated chocolate.', 'Refrigerate until serving.']","[""sugar"", ""frozen whipped topping"", ""pecans"", ""cold butter"", ""cream cheese"", ""chocolate"", ""flour"", ""milk"", ""chocolate pudding""]",www.tasteofhome.com/recipes/chocolate-dream-dessert/,dessert,5833.4,19.0,6.0,"The recipe involves multiple layers and chilling times, suggesting a substantial dish. Given the moderate quantities of ingredients, it is reasonable to estimate that this recipe could serve around 6 to 8 people.",307.0,True,955.1,783.9,21.5,112.0,1512611.0,False,True,True,True,True,True,False,False,True,True,True,True,True,True,True,True,False,True,False
Chocolate Dream Dessert,"['2 blocks firm tofu (648.0 g)', '1 large banana (136.0 g)', '340.2 g pkg. semi-sweet dark chocolate chips', '4.3 g vanilla']","['Melt chocolate chips in microwave oven with 2 tablespoons water.', 'Thoroughly blend tofu in blender or a food processor.', 'Add melted chocolate and vanilla to the tofu and blend for 2 minutes.', 'Slice banana and layer with chocolate mixture in either pudding cups or graham cracker pie crust.', 'Refrigerate 1 to 2 hours.', 'Garnish with remaining banana slices and almond slices if desired.']","[""semi-sweet dark chocolate chips"", ""banana"", ""vanilla""]",www.cookbooks.com/Recipe-Details.aspx?id=119286,dessert,2726.6,9.0,4.0,"Considering the quantities of the main ingredients and the directions, it seems like this recipe could serve around 4 to 6 people. Given the tofu and chocolate chips, it aligns well with a larger serving size.",303.0,True,257.1,146.4,23.5,156.7,568353.0,True,True,True,True,True,False,True,True,True,True,True,True,True,True,True,True,True,True,False
Chocolate Dream Dessert,"['226.8 g whipped cream', '226.8 g cream cheese', '96.0 g chocolate instant pudding', '96.0 g vanilla instant pudding', '108.0 g sugar', '230.0 g flour', '109.0 g chopped pecans', '2 sticks margarine (226.0 g)', '741.6 g milk']","['Preheat oven to 350°.', 'Melt butter in glass baking dish (8 1/2 x 11-inches).', 'Add flour to butter paste.', 'Add pecans (1/2).', 'Bake until brown.']","[""chocolate instant pudding"", ""sugar"", ""vanilla instant pudding"", ""pecans"", ""cream cheese"", ""flour"", ""whipped cream"", ""margarine"", ""milk""]",www.cookbooks.com/Recipe-Details.aspx?id=345971,dessert,6188.9,21.0,6.0,"The large quantity of milk (741.6g) and the baking instructions suggest this recipe is designed for a significant portion, likely intended for 6-8 servings.",294.7,True,796.3,598.0,22.0,126.6,570272.0,False,True,True,True,True,True,False,False,True,True,True,True,True,True,True,True,False,True,True
Chocolate Dream Dessert,"['115.0 g flour', '1 stick oleo (113.0 g)', '120.0 g chopped nuts', '1 (8 oz.) pkg. cream cheese (28.0 g)', '40.3 g Dream Whip', '216.0 g sugar', '192.0 g chocolate instant pudding', '741.6 g milk', 'Cool Whip', 'chopped nuts (optional)', 'chocolate chips (optional)']","['Melt oleo; add flour and nuts.', 'Press in a 9 x 13-inch pan. Bake at 350° for 15 minutes; let cool.']","[""oleo"", ""chocolate instant pudding"", ""sugar"", ""cream cheese"", ""flour"", ""nuts"", ""milk"", ""chocolate chips"", ""dream whip""]",www.cookbooks.com/Recipe-Details.aspx?id=870984,dessert,4405.9,15.0,6.0,"The primary ingredients such as cream cheese, sugar, pudding, and milk are substantial and suggest a larger number of servings, around 6 to 8.",293.7,True,848.2,733.3,21.7,99.7,781278.0,False,True,True,True,True,True,False,True,True,True,True,True,True,True,True,True,False,True,False
Chicken Curry,"['675.0 g chicken thighs', '6.0 g salt', '27.3 g vegetable oil', '9.0 g garlic cloves', '4.0 g curry powder', '0.4 g cayenne', '382.7 g unsweetened coconut milk', '411.1 g stewed tomatoes', '36.0 g currants', '283.5 g baby okra', '146.4 g unsalted roasted cashews']","['Pat chicken dry and sprinkle with 1/2 teaspoon salt.', 'Heat oil in a 12-inch heavy skillet over moderately high heat until hot but not smoking', 'Brown chicken, turning over once, about 5 minutes total.', 'Transfer chicken with tongs to a plate.', 'Stir garlic, curry, and cayenne into fat in skillet, then add coconut milk, tomatoes with their juice, currants, and remaining 1/2 teaspoon salt and bring to a simmer.', 'Add okra and chicken along with any juices accumulated on plate and briskly simmer, partially covered, until chicken is cooked through, 15 to 20 minutes.', 'Sprinkle with cashews.']","[""cayenne"", ""accompaniment"", ""unsweetened coconut milk"", ""tomatoes"", ""curry powder"", ""currants"", ""cashews"", ""baby okra"", ""chicken"", ""garlic"", ""vegetable oil"", ""salt""]",www.epicurious.com/recipes/food/views/chicken-curry-237212,main,3538.0,6.0,3.0,"Primary reason for this estimation is the amount of chicken specified in the recipe, which is 675.0 grams. This portion size is commonly associated with serving 3 to 4 people, making 3 servings the most fitting option.",589.7,True,85.7,53.1,15.7,74.9,1305832.0,True,True,True,True,True,True,False,False,True,True,True,True,True,True,True,False,False,False,True
Chicken Curry,"['21.3 g all purpose flour', '18.0 g curry powder', '3.0 g cumin', '6.0 g salt', '312.0 g potatoes', '192.0 g bias-sliced carrots', '125.0 g cooking apple', '120.6 g onion', '6.0 g cloves garlic', '14.0 g jalapeno pepper', '4.9 g instant chicken bouillon granules', '120.0 g water', '382.7 g unsweetened coconut milk']","['In a large plastic bag combine flour, curry powder, cumin, and salt.', 'Add chicken, a few pieces at a time; seal and shake to coat.', 'In a 3-1/2- or 4-quart slow cooker combine potatoes, carrots, apple, onion, garlic, jalapeno peppers, and chicken bouillon.', 'Top with chicken.', 'Pour water over chicken mixture.', 'Cover; cook on low-heat setting for 6 to 8 hours or on high-heat setting for 3 to 4 hours.', 'If using low-heat setting, turn the slow cooker to high-heat setting.', 'Stir coconut milk into chicken mixture.', 'Cover; cook for 30 minutes more. Serve over hot cooked rice.', 'Sprinkle each serving with raisins and peanuts.']","[""potatoes"", ""ground cumin"", ""pepper"", ""curry powder"", ""cooking apple"", ""instant chicken"", ""onion"", ""all-purpose"", ""water"", ""raisins"", ""carrots"", ""milk"", ""rice"", ""garlic"", ""chicken"", ""peanuts"", ""salt""]",www.epicurious.com/recipes/member/views/chicken-curry-50127579,main,1396.2,2.0,4.0,"Given the generous quantities of vegetables and the fact that the dish is cooked for a significant amount of time, I would estimate that this recipe serves around 4 to 6 people.",698.1,True,147.4,42.1,67.1,18.0,1341170.0,False,True,True,True,True,True,False,True,True,True,True,True,True,True,True,False,False,False,True
Chicken Curry,"['56.0 g pound-boneless chicken breast', '0.8 g black pepper', '3.0 g salt', '13.3 g sugar', '6.0 g curry powder', '27.2 g oil', '0.8 g garlic powder', '1.1 g onion powder', '13.5 g butter', '55.0 g medium-sized white onion', '183.0 g carrots', '852.0 g medium-sized potatoes', '194.7 g of chicken broth', '397.0 g of coconut milk']","['Wash and Cut chicken in bite-sized pieces', 'Marinade chicken in cooking bowl', 'Add in: 0.76 g pepper, 3.01 g salt, 8.87 g sugar, 13.61 g oil, 6.0 g curry powder, 0.79 g garlic powder, 1.1 g onion powder.', 'Mix and Marinade for half an hour.', 'Wash and cut carrots and potatoes in bite-sized pieces', 'soak potatoes in water bowl to prevent browning', 'dice the onion', 'warm up medium-size pot', 'add 13.61 g oil, diced onion, 13.47 g butter (low heat)', 'let simmer for 5 minutes with lid closed', 'add marinaded chicken, mix and close lid - mix occasionally, for about 10 minutes until chicken is fully cooked', 'add in chicken broth and coconut milk', 'stir occasionally and cover lid, wait for broth to simmer - cook for approx. 8 to 10 minutes on low heat', 'taste and season with a little salt/sugar/curry powder (if needed, depending on individual taste)', 'add in carrots and potatoes', 'mix well and close lid, wait for simmering - about 10 minutes for carrots and potatoes to cook']","[""potatoes"", ""oil"", ""sugar"", ""curry powder"", ""black ground pepper"", ""white onion"", ""onion powder"", ""coconut milk"", ""chicken breast"", ""chicken broth"", ""carrots"", ""garlic"", ""butter"", ""salt""]",www.epicurious.com/recipes/member/views/chicken-curry-50091934,main,2541.9,4.0,4.0,"The recipe involves marinating chicken, cutting vegetables into bite-sized pieces, and then cooking them together in a pot. Given the quantities of ingredients and the cooking process, it seems suitable for 4 servings.",635.5,True,224.2,74.1,127.1,60.4,1309175.0,True,True,True,True,True,True,False,True,True,True,True,True,True,True,True,False,False,False,True
Chicken Curry,"['150.0 g onion', '27.1 g olive oil', '12.0 g curry powder', '121.5 g tomato juice', '118.8 g dry red wine', '32.0 g chutney', '6.0 g kosher salt']","['In a large, deep skillet, cook the onion in the oil over medium heat, stirring, until golden brown, about 10 minutes.', 'Add the curry powder and cook, stirring, for 30 seconds.', 'Stir in the tomato juice, wine, and chutney and simmer for 2 minutes to blend the flavors.', 'Add the chicken and simmer, covered, stirring occasionally, until cooked through, about 10 minutes.', 'Add the salt.', 'Serve half the chicken curry over rice.', 'Top with the peanuts, bell pepper, and scallions.', 'Freeze the remaining chicken curry.']","[""curry powder"", ""chutney"", ""onion"", ""kosher salt"", ""skinless"", ""red wine"", ""rice"", ""tomato juice"", ""olive oil""]",www.epicurious.com/recipes/member/views/chicken-curry-50019740,main,536.5,1.0,2.0,The recipe yields 2 servings as stated in the directions and the ingredients do not suggest a larger portion size.,536.5,True,51.9,25.3,9.7,5.0,1273963.0,True,True,True,True,True,True,True,True,True,True,True,False,True,True,False,True,True,True,False
Chicken Curry,"['13.6 g olive oil', '160.8 g onion', '9.0 g garlic cloves', '450.0 g skinned boned chicken breast', '6.0 g curry powder', '0.6 g marjoram', '488.2 g tomato', '97.4 g fat-free less-sodium chicken broth', '1.1 g cayenne pepper', '127.2 g fat-free yogurt', '3.3 g all-purpose flour', '346.0 g couscous']","['Heat the oil in a large nonstick skillet over medium-high heat.', 'Add onion and garlic; cook 4 minutes or until onion is tender.', 'Add the chicken; cook 4 minutes.', 'Add curry powder and marjoram; cook 1 minute.', 'Add tomato, broth, and pepper; reduce heat, and simmer 15 minutes.', 'Remove from heat.', 'Combine yogurt and flour; stir with a whisk, and add to chicken mixture.', 'Cook 1 minute or until slightly thick.', 'Serve mixture over couscous; top with raisins, if desired.']","[""tomato"", ""curry powder"", ""cayenne pepper"", ""ground marjoram"", ""onion"", ""raisins"", ""yogurt"", ""flour"", ""couscous"", ""chicken broth"", ""ingredients"", ""garlic"", ""chicken"", ""olive oil""]",www.epicurious.com/recipes/member/views/chicken-curry-50026142,main,2561.5,4.0,3.0,"estimated based on the quantity of chicken breast and couscous, which are typical serving sizes for this dish",640.4,True,346.2,48.1,29.9,141.0,1283774.0,False,True,True,True,True,True,False,True,True,True,True,True,True,True,True,False,False,False,True
Chicken Curry,"['900.0 g chicken thighs', '4.0 g madras curry powder', '2.3 g paprika', '150.0 g onion', '21.0 g cloves garlic', '6.6 g inch piece ginger or', '246.0 g plum tomatoes', '4.0 g cilantro', '3.1 g tumeric', '4.0 g cumin', '0.7 g coriander', '9.9 g garam masala', '6.0 g salt', '1.1 g black pepper freshly', '1.0 g cardamon', '0.5 g cloves', '397.0 g coconut milk']","['Combine the chicken with the Madras curry powder, paprika, and 1/2 tsp salt.', 'Heat oil in a stock pot and brown the chicken in it.', 'Set the chicken aside.', '3Heat oil in the same stock pot.', 'Fry onion, garlic, ginger, and chilies until the until starts to turn golden.', 'Add spices and fry for 1 minute.', 'Add tomatoes plus any juice and cilantro.', 'Fry until the tomatoes are broken down.', 'Scrap the contents of the pot into a blender.', 'Add cocunut milk and blend until smooth.', 'Add the blended curry and the reserved chicken plus any juices to the pot.', 'Simmer on low heat for at least 30 minutes, stirring occasionally.']","[""red chilies"", ""ground cumin"", ""tomatoes"", ""ginger"", ""curry powder"", ""ground tumeric"", ""black pepper"", ""cilantro"", ""chicken thighs"", ""onion"", ""ground cloves"", ""ground cardamon"", ""coconut milk"", ""garam masala"", ""ground coriander"", ""paprika"", ""garlic"", ""salt""]",www.epicurious.com/recipes/member/views/chicken-curry-50142841,main,4020.1,7.0,4.0,The recipe serves 4 people based on the quantity of chicken and the cooking time which is sufficient for that number of servings.,574.3,True,67.6,23.6,14.4,96.2,1356001.0,True,True,True,True,True,True,False,True,True,True,True,True,True,True,True,False,False,False,True
Chicken Curry,"['40.9 g vegetable oil', '532.0 g chicken thighs', '150.0 g onion', '9.5 g ginger-garlic paste', '12.0 g curry powder', '1.5 g cinnamon', '2.4 g bay leaves', '0.4 g cloves', '5.4 g red pepper flakes', '0.6 g black peppercorns', '3.3 g coriander seeds']","['Heat oil in a small pot over medium heat.', 'Add chicken, onion and ginger-garlic paste.', 'Season with curry powder, cinnamon stick, cardamon pods, bay leaves, cloves, red pepper flakes, black peppercorns and coriander seeds.', 'Cover and simmer for about 30 mins, stirring occasionally.']","[""ginger-garlic"", ""black peppercorns"", ""curry powder"", ""cinnamon"", ""chicken thighs"", ""onion"", ""cloves"", ""red pepper"", ""coriander seeds"", ""bay leaves"", ""green cardamon"", ""vegetable oil""]",www.epicurious.com/recipes/member/views/chicken-curry-1266182,main,2292.5,4.0,4.0,The recipe involves cooking chicken thighs which typically serve 4-6 people. The ingredients suggest a moderate portion size suitable for 4 servings.,573.1,True,36.4,7.4,14.1,56.4,1362687.0,True,True,True,True,True,True,True,True,True,True,True,True,True,True,True,True,False,False,True
Chicken Curry,"['280.0 g chicken breasts', '612.0 g white rice', '567.0 g broccoli', '304.8 g condensed cream of mushroom soup', '220.0 g mayonnaise', '185.4 g milk', '15.2 g lemon juice', '4.0 g curry powder']","['Heat oven to 350 degrees.', 'Coat a 12x7x2"" baking pan with nonstick cooking spray.', 'Spoon cooked rice into baking dish and spread evenly.', 'Scatter 3/4 of the broccoli over the rice.', 'Chop the chicken into bite size pieces and spread evenly over top.', 'In a large bowl, whisk the soup, mayo, milk, lemon juice and curry powder until blended and smooth.', 'Pour evenly over the top.', 'Sprinkle remaining broccoli over the top.', 'Bake 350 degree oven covered for 30 min.', 'Uncover and bake 15 more minutes.', 'Serve hot.']","[""condensed cream"", ""lemon juice"", ""curry powder"", ""white rice"", ""mayonnaise"", ""broccoli"", ""chicken""]",www.epicurious.com/recipes/member/views/chicken-curry-50142010,main,4668.1,8.0,10.0,"The recipe includes chicken breasts, rice, and broccoli. Considering the quantities and typical serving sizes, the recipe seems to serve around 10 people.",583.5,True,627.2,130.0,57.0,168.4,1270699.0,True,True,False,True,True,True,False,True,True,True,True,True,True,True,True,False,False,False,True
Chicken Curry,"['110.6 g canola oil', '321.6 g onions', '19.2 g garlic', '15.6 g ginger', '242.0 g tomatoes', '12.0 g salt', '1.1 g black pepper', '3.0 g turmeric', '6.0 g cumin', '1.0 g coriander', '14.9 g garam masala', '1.1 g cayenne pepper', '900.0 g chicken thighs', '253.0 g chickpeas', '241.2 g sour cream', '8.0 g cilantro']","['In a large pan, heat oil on medium heat for one minute.', 'Add onions and cinnamon, and saute for five to eight minutes, until onions are golden.', 'Add garlic and saute for four more minutes. Add ginger, tomatoes, salt, pepper, turmeric, cumin, coriander, garam masala and cayenne.', 'Cook the masala for five minutes, until the oil separates.', 'Add chicken to the masala and stir thoroughly.', 'Cook for 10 minutes, until the chicken looks cooked on the outside.', 'Add sour cream, cream or coconut milk, and stir.', 'Increase the heat to medium-high.', 'When curry starts to boil, reduce the heat to medium, cover and cook for 15 minutes, stirring two or three times, until chicken is completely cooked.', 'Note: poke the thighs with a knife. If the meat is still pink, cook for five more minutes.', 'Remove and discard the cinnamon sticks and add chickpeas.', 'If using bone-in chicken, cool curry for at least half an hour and transfer cooked chicken to a mixing bowl.', 'After chicken has cooled a bit, peel meat off the bones and discard the bones.', 'Stir the chicken back into the curry and heat medium heat until it starts to boil lightly.', 'Stir in cilantro immediately before serving.']","[""sour cream"", ""ground cumin"", ""tomatoes"", ""ginger"", ""cayenne pepper"", ""kilo"", ""cinnamon"", ""cilantro"", ""canola oil"", ""ground black pepper"", ""onions"", ""ground coriander"", ""garam masala"", ""turmeric"", ""garlic"", ""chickpeas"", ""ingredients"", ""salt""]",www.epicurious.com/recipes/member/views/chicken-curry-53056671,main,5157.9,9.0,4.0,The recipe serves 4 people based on the quantity of ingredients and the cooking time which is suitable for a family dinner or a small gathering.,573.1,True,259.0,56.4,49.8,156.6,1316905.0,True,True,True,True,True,True,False,True,True,True,True,True,True,True,True,False,False,False,True
Chicken Curry,"['27.2 g cooking oil', '112.0 g chicken breasts', '12.0 g chicken broth', '3.0 g cumin seeds', '6.0 g garlic cloves', '36.7 g of an onion', '14.9 g garam masala', '1.6 g tumeric', '182.0 g tomato', '13.5 g butter', '24.3 g chicken broth', '29.8 g lime juice']","['Rub the chicken pieces with the curry paste.', 'Heat the oil in a frying pan over medium heat.', 'Stir fry the chicken and add a few spoonfuls of broth to the pan when the chicken is almost done so that it stays moist.', 'When cooked, remove the chicken and pan juices to a bowl (scrape to keep as much chili paste as possible) and set aside for later.', 'Heat some more oil in the pan over medium heat.', 'Add the cumin seeds and cook for 30 seconds.', 'Add the garlic, onion, and ginger and stir fry for a few more minutes.', 'Add the spice powders and stir fry for 30 seconds.', ""Add the tomato and all of its juices right away so the powders don't burn in the dry pan, then add the butter, broth, and lime juice. Stir in the chicken and curry paste liquid."", 'Turn down the heat to medium-low and simmer uncovered, stirring occasionally, for 10 minutes.', 'Optional: when the 10 minutes is almost over, stir in the chopped spinach and cook until it wilts for a spinach-chicken curry', 'Serve curry on rice, and with yogurt on the side if you need something to tame the spice.']","[""spinach"", ""tomato"", ""chicken breasts"", ""tumeric"", ""cooking oil"", ""curry"", ""cumin seeds"", ""onion"", ""yogurt"", ""ginger root"", ""chicken broth"", ""garam masala"", ""lime juice"", ""garlic"", ""butter""]",www.epicurious.com/recipes/member/views/chicken-curry-50042421,main,722.2,1.0,4.0,The recipe serves 4 people based on the quantity of ingredients and the serving suggestion in the directions.,722.2,True,34.4,13.8,6.1,27.4,1345569.0,True,True,True,True,True,True,False,True,True,True,True,True,True,True,True,False,False,False,True
Gourmet Chili,"['110.0 g onion', '6.0 g garlic cloves', '2025.0 g chuck', '450.0 g tomatoes', '98.0 g tomato soup', '1.0 g red pepper', '0.7 g cumin', '13.3 g chili powder', '3.0 g bay leaves', '9.1 g paprika']","['Saute onion and garlic until brown.', 'Saute ground chuck until brown, then drain grease.', 'Add all ingredients to meat.', 'Simmer 45 minutes to 1 hour.']","[""cumin"", ""tomatoes"", ""chili powder"", ""red pepper"", ""onion"", ""tomato soup"", ""ground chuck"", ""bay leaves"", ""paprika"", ""garlic"", ""salt""]",www.cookbooks.com/Recipe-Details.aspx?id=660976,main,4648.0,8.0,4.0,"The recipe involves sautéing onions and garlic, adding ground chuck, and simmering with various spices. Given the quantities of ingredients and the cooking process, it is reasonable to estimate this recipe serves around 4 people.",581.0,True,58.8,26.6,17.2,508.6,463029.0,True,True,True,True,True,True,True,True,True,True,True,True,True,True,True,True,True,True,True
Gourmet Chili,"['220.0 g onions', '110.4 g green red peppers', '18.0 g cloves garlic', '32.0 g chili powder', '4.0 g cumin', '3.0 g oregano', '900.0 g beef', '18.0 g salt', '1.1 g black pepper', '915.3 g tomatoes', '900.0 g red kidney beans']","['Heat oil in a 4 or 5-quart pot. Saute onion until clear; add peppers and garlic and saute until limp.', 'Add chili powder, cumin, oregano, ground beef, salt and pepper.', 'Cook slowly, stirring often, until meat is brown and broken apart.', 'Add tomatoes and kidney beans, including liquid.', 'Stir well to combine ingredients.']","[""oil"", ""oregano"", ""ground cumin"", ""tomatoes"", ""black pepper"", ""red peppers"", ""chili powder"", ""red kidney beans"", ""onions"", ""ground beef"", ""garlic"", ""salt""]",www.cookbooks.com/Recipe-Details.aspx?id=642663,main,3952.3,7.0,4.0,The recipe calls for 2 lbs of ground beef which is typically sufficient for 4 servings. The quantities of other ingredients seem proportionate to serve around 4 people.,564.6,True,247.6,123.6,98.0,359.4,431192.0,True,True,True,True,True,True,True,True,True,True,True,True,True,True,True,True,False,False,False
Gourmet Chili,"['27.1 g olive oil', '220.0 g yellow onions', '6.0 g cloves garlic', '1012.5 g lean beef', '356.4 g red wine', '822.1 g tomatoes', '46.2 g tomato puree', '2.0 g cumin', '0.3 g coriander', '3.0 g stick cinnamon', '10.7 g worcestershire sauce', '1.1 g salt', '0.4 g pepper', '850.5 g red kidney beans', '2.2 g cilantro', '44.0 g lime']","['Heat oil in a large stew pot and fry the onion and garlic until softened.', 'Add the ground beef, cook until browned while breaking apart any chunks of meat.', 'After the meat has browned, pour in the red wine and allow to boil for 2-3 minutes.', 'While waiting, pour a glass of wine for yourself.', 'Stir in the tomatoes, tomato puree, chili flakes, cumin, ground coriander, cinnamon stick and Worcestershire sauce and crumble in the stock cube.', 'Season well with salt and pepper.', 'Bring to a simmer, cover with a lid and cook over a medium-low heat for about 30 minutes.', 'Add the kidney beans and cook for another half hour.', 'Add the fresh cilantro and cook for another 10 minutes uncovered.', 'Serve with lime wedges.']","[""ground pepper"", ""ground cumin"", ""tomatoes"", ""cinnamon"", ""cilantro"", ""worcestershire sauce"", ""lime"", ""tomato puree"", ""ground coriander"", ""red wine"", ""beans"", ""ground beef"", ""yellow onions"", ""garlic"", ""dried chili flakes"", ""olive oil"", ""salt""]",tastykitchen.com/recipes/main-courses/gourmet-chili/,main,4860.7,8.0,4.0,"The recipe includes a significant amount of ground beef and multiple components like kidney beans, tomatoes, and spices, suggesting a hearty dish meant for a few people.",607.6,True,241.5,119.0,81.5,265.2,1740225.0,True,True,True,True,True,True,True,True,True,True,True,False,True,True,False,True,False,False,False
Gourmet Chili,"['360.0 g pinto beans', '1900.0 g water', '225.0 g beef suet', '150.0 g onions', '900.0 g beef', '48.0 g chili powder', '16.0 g cumin', '18.1 g paprika', '2.3 g white pepper', '6.0 g salt', '18.0 g cloves garlic', '2.3 g cayenne pepper', '15.7 g cocoa powder unsweetened', '113.4 g green chili peppers']","['Soak dry beans in water to cover overnight; drain.', 'Add 2 quarts water; simmer, covered, for 1 1/2 to 2 hours or until done.', 'Drain, reserving 1 cup of cooking liquid; set aside.', 'In large 3 quart Dutch oven or heavy kettle, melt suet.', 'Add onion; saute over medium heat until transparent.', 'Add meat and brown, stirring often.', 'Drain all but 2 tablespoon of drippings; add seasonings, cocoa and chilies.', 'Cover; simmer for 1 1/2 hours, stirring often.', 'Add tomato juice to keep chili to a medium consistency.', 'If a thinner chili is desired, use reserved bean juice.', 'To serve, add warm pinto beans to chili or serve as a side dish.', 'Add a dollop of sour cream on each bowl.', 'This is a spicy, meaty chili.']","[""cumin"", ""suet"", ""cayenne pepper"", ""tomato juice optional"", ""chili powder"", ""white pepper"", ""green chili peppers"", ""water"", ""paprika"", ""cocoa"", ""onions"", ""pinto beans"", ""beef ground"", ""garlic"", ""salt""]",recipeland.com/recipe/v/gourmet-chili-42302,main,5268.3,9.0,6.0,"The recipe involves soaking beans, a long cooking process, and the addition of substantial amounts of meat and spices, which typically indicates a larger serving size.",585.4,True,199.7,17.1,79.9,320.0,2191183.0,True,True,True,True,True,True,True,True,True,True,True,True,True,True,True,True,False,False,False
Baked Macaroni and Cheese,"['618.0 g milk', '198.4 g macaroni', '26.9 g margarine', '6.0 g salt', '14.2 g flour', '226.8 g sharp cheddar cheese']","['Soak dry beans in water to cover overnight; drain.', 'Add 2 quarts water; simmer, covered, for 1 1/2 to 2 hours or until done.', 'Drain, reserving 1 cup of cooking liquid; set aside.', 'In large 3 quart Dutch oven or heavy kettle, melt suet.', 'Add onion; saute over medium heat until transparent.', 'Add meat and brown, stirring often.', 'Drain all but 2 tablespoon of drippings; add seasonings, cocoa and chilies.', 'Cover; simmer for 1 1/2 hours, stirring often.', 'Add tomato juice to keep chili to a medium consistency.', 'If a thinner chili is desired, use reserved bean juice.', 'To serve, add warm pinto beans to chili or serve as a side dish.', 'Add a dollop of sour cream on each bowl.', 'This is a spicy, meaty chili.']","[""macaroni"", ""cheddar cheese"", ""flour"", ""margarine"", ""milk"", ""salt""]",www.food.com/recipe/baked-macaroni-and-cheese-469429,main,2277.4,4.0,3.0,"The macaroni, being a main ingredient, is listed as 7 ounces and typically such quantities suggest serving 3 to 4 people.",569.4,True,500.2,342.3,6.7,131.2,2219248.0,False,True,True,True,True,True,False,True,True,True,True,True,True,True,True,True,False,True,True
Baked Macaroni and Cheese,"['450.0 g sweet sausage', '9.9 g shredded onion', '9.0 g shredded garlic cloves', '54.7 g butter', '28.8 g flour', '6.7 g mustard', '16.0 g worcestershire sauce', '3.0 g salt', '2.3 g white pepper', '145.2 g ketchup', '494.4 g milk', '134.4 g sharp cheddar cheese', '134.4 g mild cheddar cheese', '60.0 g spinach', '264.0 g penne pasta']","['Pre-heat oven to 350 degrees (180 C).', 'Cook sausage in frying pan, breaking up meat.', 'Drain and set aside.', 'While sausage is cooking, grate onions and garlic (use smallest grate).', 'Melt butter over medium heat.', 'Cook pasta as directed on package.', 'Add flour, onions, garlic, mustard, and worcestershire sauce.', 'Slowly add milk.', 'Adding too much will cause the flour mixture to clump together.', 'Add ketchup, salt and pepper.', 'Cook mixture for approx 2 minutes after boil, stirring constantly.', 'Remove mixture from heat, adding cheese.', 'Stir until completely melted and smooth.', 'Pour cheese mixture, spinach, and sausage into casserole dish, stirring until well blended.', 'Add pasta.', 'Sprinkle approximately 1/2 cup of shredded cheese on top of dish.', 'Using a small spoon, place several small tabs of butter on top.', 'Place in oven and bake for 30 minutes or until cheese is brown and bubbly.']","[""tomatoes"", ""penne pasta"", ""fresh spinach"", ""cheddar cheese"", ""onion"", ""white pepper"", ""sweet sausage"", ""flour"", ""milk"", ""garlic"", ""ground mustard"", ""butter"", ""worcestershire sauce"", ""salt""]",www.food.com/recipe/baked-macaroni-and-cheese-309384,main,4546.9,8.0,7.0,"The recipe uses significant amounts of ingredients such as sausage, pasta, and cheese, which are typically consumed in larger portions for a meal. The cooking method involves baking in a casserole, which is common for serving multiple servings at once.",568.4,True,816.9,318.2,193.3,194.1,2015684.0,False,True,True,True,True,True,False,True,True,False,True,True,True,True,True,False,False,False,False
Baked Macaroni and Cheese,"['450.0 g elbow macaroni', '109.3 g melted butter', '340.2 g evaporated milk', '268.8 g mild cheddar cheese', '268.8 g sharp cheddar cheese', '513.6 g colby-monterey jack cheese', '450.0 g velveeta cheese', '50.0 g egg', '3.0 g salt', '0.6 g pepper', '1.1 g nutmeg', '8.9 g sugar']","['Preheat oven to 350F.', 'Mix 1 cup of mild and 1 cup of sharp cheddar cheeses and set aside.', 'Bring large pot of salted water to a boil.', 'Add macaroni, cook according to package directions.', 'Drain and transfer to large bowl.', 'In smaller bowl, combine butter, milks, egg, salt, pepper, nutmeg and sugar, mix well', 'Stir into macaroni making sure all macaroni is coated.', 'Add colby jack, velveeta and mild/sharp cheese mixture.', 'Stir well to distribute cheeses.', 'Pour mixture into 9x11 glass baking dish.', 'Top with remaining cheese.', 'Bake at 350F for 35-45 minutes or until bubbly hot.', 'Remove from oven sprinkle top with paprika and return to broiler for 3 minutes.', 'Remove from oven and allow to cool 10 minutes before serving.', 'Macaroni may be assembled ahead of time and refrigerated over night or frozen 30 days before baking.', 'If refrigerated increase baking time to 90 minutes.', 'If frozen allow to thaw in refrigerator 8 hours or over night and increase bake time to 1 hr 45 minute Always place cold Pyrex into cold oven to prevent cracking.']","[""velveeta cheese"", ""egg"", ""sugar"", ""pepper"", ""nutmeg"", ""cheddar cheese"", ""colby-monterey"", ""paprika"", ""milk"", ""elbow macaroni"", ""butter"", ""salt""]",www.food.com/recipe/baked-macaroni-and-cheese-401000,main,8270.8,14.0,6.0,"The recipe includes generous portions of cheese and detailed instructions for baking, suggesting a larger serving size of around 6 to 8 servings.",590.8,True,587.9,244.2,14.8,434.8,2010213.0,False,True,False,True,True,True,False,True,True,True,True,True,True,True,True,True,False,True,True
Baked Macaroni and Cheese,"['226.8 g elbow macaroni', '618.0 g unsweetened vegan milk', '60.6 g vegan cream cheese', '35.5 g pimientos', '42.1 g nutritional yeast flakes', '6.0 g sea salt', '1.6 g onion powder', '1.1 g paprika', '26.9 g vegan butter', '49.5 g unbleached all-purpose flour', '5.2 g apple cider vinegar']","['Preheat the oven to 450F.', 'Cook the pasta in a large pot of boiling salted water until 1 minute shy of al dente.', 'Drain and transfer to a 2-quart, wide baking dish and set aside.', 'Blend 1 cup of milk, cream cheese, pimientos, yeast, salt, onion, and paprika in a blender until smooth.', 'Set aside.', 'Melt the butter in a medium saucepan over medium heat.', 'Stir in the flour and cook, stirring, until the flour smells nutty, about 3 minutes.', 'This is a very thick roux; use a wooden spoon to stir it well.', 'Transfer the roux to the blender with the milk mixture; make sure there is enough room in the blender jar for the added roux.', 'Blend until smooth and return to the pan.', 'Stir in the rest of the milk and whisk to combine.', 'Bring the sauce to a boil and reduce to a simmer.', 'Stir in the vinegar.', 'Simmer for 2 minutes to thicken and cook out the flour taste.', 'Add about 2 cups of the sauce to the pasta.', 'Mix well.', 'Spread the pasta evenly in the baking dish.', 'Pour the remaining sauce over the pasta and smooth the surface.', 'There will seem to be too much sauce for the amount of pasta, but it will all come out fine in the end.', 'Bake until the sauce is bubbling and a crust has developed, about 15 minutes.', 'Remove from the oven, set aside to rest for 5 minutes before serving.']","[""fresh ground black pepper"", ""onion powder"", ""pimientos"", ""cream cheese"", ""nutritional yeast"", ""flour"", ""paprika"", ""apple cider vinegar"", ""milk"", ""elbow macaroni"", ""butter"", ""salt""]",www.cookstr.com/recipes/baked-macaroni-and-cheese-2,main,1952.9,3.0,4.0,"The recipe uses a moderate amount of ingredients typical for a 4-person meal, including a significant portion of pasta, dairy products, and various seasonings.",651.0,True,558.8,347.3,12.4,98.1,2109837.0,False,True,True,True,True,True,False,True,True,True,True,True,True,True,True,True,False,True,True
Baked Macaroni and Cheese,"['26.9 g margarine', '28.8 g flour', '3.0 g salt', '2.2 g dry mustard', '0.6 g pepper', '618.0 g milk', '268.8 g cheddar cheese', '226.8 g macaroni']","['In 2 quart saucepan melt margarine over low heat.', 'Stir in flour, salt, mustard & pepper until smooth.', 'Remove from heat.', 'Gradually stir in mild until smooth, stirring constantly over medium heat.', 'Heat about 10 minutes.', 'Remove from heat & stir in cheese until thickened.', 'Turn macaroni into greased 2 quart casserole.', 'Pour cheese over macaroni & mix well.Bake @ 375 for 25 or until top is light brown.', 'Sometimes I top with more shredded cheese & paprika.']","[""pepper"", ""macaroni"", ""cheddar cheese"", ""flour"", ""margarine"", ""milk"", ""mustard"", ""salt""]",www.food.com/recipe/baked-macaroni-and-cheese-495194,main,2633.7,4.0,4.0,"The recipe calls for 2 cups of grated cheddar cheese, which is typically sufficient for 4 servings. Additionally, the directions mention baking the dish at 375 degrees for 25 minutes, which aligns with common cooking times for a serving size of 4.",658.4,True,533.6,343.5,8.2,146.8,1694011.0,False,True,True,True,True,True,False,True,True,False,True,True,True,True,True,True,False,True,True
Baked Macaroni and Cheese,"['40.4 g unsalted butter', '34.7 g all-purpose flour', '1.1 g paprika', '741.6 g milk', '6.0 g salt', '337.5 g wagon-wheel pasta', '16.0 g worcestershire sauce', '283.5 g extra-sharp cheddar cheese', '108.0 g coarse bread crumbs']","['Preheat oven to 375F.', 'and butter a 2-quart shallow baking dish.', 'In a 6-quart kettle bring 5 quarts salted water to a boil for cooking pasta.', 'In a heavy saucepan melt butter over moderately low heat and stir in flour and paprika.', 'Cook roux, whisking 3 minutes and whisk in milk and salt.', 'Bring sauce to a boil, whisking and simmer, whisking occasionally, 3 minutes.', 'Remove pan from heat.', 'Stir pasta into kettle of boiling water and boil, stirring occasionally, until al dente.', 'Drain pasta in a colander and in a large bowl stir together pasta, sauce, Worcestershire sauce and 2 cups Cheddar.', 'Transfer mixture to prepared dish.', 'Macaroni and cheese may be prepared up to this point 1 day ahead and chilled, covered tightly.', 'In a small bowl toss remaining 3/4 cup Cheddar with bread crumbs and sprinkle over pasta mixture.', 'Bake macaroni and cheese in middle of oven 25 to 30 minutes, or until golden and bubbling, and let stand 10 minutes before serving.']","[""unsalted butter"", ""wagon-wheel pasta"", ""cheddar cheese"", ""flour"", ""milk"", ""paprika"", ""bread crumbs"", ""worcestershire sauce"", ""salt""]",www.epicurious.com/recipes/food/views/baked-macaroni-and-cheese-10183,main,3702.5,6.0,3.0,"The recipe specifies 3/4 pound of pasta per person, which is a standard portion size, and the other ingredients scale accordingly.",617.1,True,769.5,421.7,17.0,189.7,1926965.0,False,True,True,True,True,True,False,True,True,True,True,True,True,True,True,True,False,True,True
Baked Macaroni and Cheese,"['100.0 g eggs', '36.1 g salt', '264.0 g uncooked elbow macaroni', '54.7 g butter', '504.0 g evaporated milk', '675.0 g extra-sharp cheddar cheese']","['Bring plenty of water to a boil in a large saucepan over high heat while you beat the eggs.', 'Add the salt, then add your macaroni slowly so that the water never stops boiling.', 'Boil for 12 minutes, stirring constantly.', 'Do not overcook and do not stop stirring, as it helps to keep the water from boiling over.', 'Meanwhile, preheat your oven to 350.', 'After 12 minutes remove your macaroni from the heat and drain.', 'Pour a little cold water over the drained macaroni in the pot, swish it around, and quickly pour it off.', 'Quickly stir in the butter.', 'Pour the beaten eggs into the evaporated milk (recipe author uses 1 large and 1 small can (14.5 and 6 fl oz, to make it moist, not gummy and dry).', 'Put a layer of macaroni into a buttered 2 quart casserole, then a layer of grated cheese, a layer of macaroni, another of cheese until you use them up, ending with a layer of cheese on top.', 'Pour the milk and egg mixture over all, forking it through evenly, and top with a healthy sprinkling of paprika.', 'Bake, uncovered, in the oven for 45 minutes or until brown and bubbilicious.', 'You may add a pinch of cayenne pepper if it meets with your tastes.']","[""cayenne pepper"", ""eggs"", ""cheddar cheese"", ""paprika"", ""milk"", ""elbow macaroni"", ""butter"", ""salt""]",www.food.com/recipe/baked-macaroni-and-cheese-418760,main,4535.3,8.0,6.0,"The recipe involves a substantial amount of macaroni and cheese, which are significant components contributing to a larger serving size. The layered structure and oven baking process suggest a substantial portion intended for multiple servings.",566.9,True,486.9,283.6,8.4,286.0,1957940.0,False,True,False,True,True,True,False,True,True,True,True,True,True,True,True,True,False,True,True
Baked Macaroni and Cheese,"['450.0 g elbow macaroni', '226.8 g extra-sharp cheddar cheese', '25.0 g parmesan cheese', '3.0 g garlic clove', '100.0 g slices white bread', '53.9 g butter', '49.5 g all-purpose flour', '340.2 g evaporated milk', '340.2 g milk', '4.5 g mustard', '12.0 g salt', '1.1 g black pepper', '14.0 g size jalapeno pepper']","['Preheat oven to 350F.', 'For the breadcrumb topping, toast and butter the bread.', 'Tear the toast into pieces and pulse in a food processor with the garlic and Parmesan cheese until crumbly.', 'Set aside.', 'Cook the macaroni according to package directions.', 'Heat butter over medium heat until it is melted and foamy.', 'Stir in the flour and cook until it is light brown, about 1 minute.', 'Slowly add the milk and evaporated milk, stirring constantly until no clumps remain.', 'Stir in the mustard, salt and pepper.', 'Continue to stir and cook on medium heat until the sauce is thickened, about 5 minutes.', 'Remove from heat and stir in the cheeses and jalapeno, if using.', 'Continue to stir until all cheese is melted.', 'Stir in the macaroni so that all pasta is coated.', 'Pour the macaroni and cheese into a 9x13 baking pan.', 'Spread the breadcrumbs evenly over the top.', 'Bake for 25 minutes, the edges should be bubbly and the breadcrumbs browned.', 'Remove from oven and let sit for 10 minutes before serving.']","[""white bread"", ""black pepper"", ""pepper"", ""cheddar cheese"", ""parmesan cheese"", ""flour"", ""cheese"", ""milk"", ""elbow macaroni"", ""garlic"", ""ground mustard"", ""butter"", ""salt""]",www.food.com/recipe/baked-macaroni-and-cheese-454090,main,3990.8,7.0,4.0,"The recipe calls for 1 lb of macaroni which is typically enough for 4 servings. Additionally, the ingredients list includes 4 slices of bread for the breadcrumb topping, suggesting a portion size suitable for 4 servings.",570.1,True,807.0,388.1,28.8,192.3,1792961.0,False,True,True,True,True,True,False,True,True,False,True,True,True,True,True,True,False,True,True
Baked Macaroni and Cheese,"['53.9 g butter', '24.8 g flour', '1.1 g paprika', '741.6 g milk', '121.2 g cream', '4.5 g salt', '337.5 g rotelle pasta', '16.0 g worcestershire sauce', '7.1 g extra-sharp cheddar cheese', '50.0 g freshly-grated parmesan cheese', '26.9 g butter']","['Preheat oven to 375F and butter a 2-quart shallow baking dish.', 'Melt butter in a medium saucepan over medium-low heat and stir in flour and paprika; cook roux, whisking, 3-4 minutes.', 'Take off heat and whisk in milk, cream and salt.', 'Put back onto heat and bring sauce to a boil, whisking, and simmer, whisking occasionally, 3-4 minutes', 'Remove pan from heat.', 'Cook pasta in plenty of boiling, salted water until al dente; drain pasta, empty back into pot it was cooked in and stir together with sauce, Worcestershire sauce, 2 1/2 cups of the grated Cheddar and the Parmesan.', 'Transfer to prepared dish.', 'In a small bowl, toss remaining cheddar with bread crumbs and melted butter and sprinkle over pasta mixture', 'Bake mac and cheese in middle of oven for 20-25 minutes, or until golden and bubbling, and let stand 10 minutes before serving.']","[""rotelle pasta"", ""fresh breadcrumb"", ""cheddar cheese"", ""parmesan cheese"", ""flour"", ""milk"", ""paprika"", ""cream"", ""butter"", ""worcestershire sauce"", ""salt""]",www.food.com/recipe/baked-macaroni-and-cheese-101123,main,2884.1,5.0,4.0,The recipe calls for 3/4 lb rotelle pasta which is typically sufficient for 3-4 servings. The directions suggest a single serving size and the cooking time aligns with a standard portion size.,576.8,True,691.5,419.2,11.9,129.6,2180233.0,False,True,True,True,True,True,False,True,True,True,True,True,True,True,True,True,False,True,True
Baked Macaroni and Cheese,"['226.8 g elbow macaroni', '18.0 g kosher salt', '40.4 g unsalted butter', '29.7 g all-purpose flour', '13.4 g powdered mustard', '1.1 g paprika', '80.4 g yellow onion', '0.6 g bay leaf', '741.6 g milk', '50.0 g egg', '340.2 g cheddar', '6.0 g kosher salt', '40.4 g unsalted butter']","['Preheat the oven to 350 degrees F.', 'For the pasta: In a 4-quart pot, cover the macaroni and salt with 1 inch of cold water.', 'Bring to boil over medium heat.', 'When the pasta comes to a boil begin testing for doneness.', 'Cook to al dente.', 'Drain in a colander and rinse with cold water to stop cooking', 'For the cheese sauce: While the pasta is cooking, melt the butter over medium heat in a 3-quart saucepan.', 'Once the butter stops bubbling, whisk in the flour and cook until the mixture is a pale blonde, stirring occasionally, about 3 minutes.', 'Add the mustard, paprika, onion and bay leaf and whisk to combine.', 'Add the milk, whisking continually for 7 to 8 minutes or until slightly thickened.', 'Remove from the heat and discard the bay leaf.', 'In a small bowl, lightly beat the egg.', 'Add a few ounces of the milk mixture to the egg and whisk to combine.', 'Add another few ounces of the milk mixture to the egg and thoroughly combine.', 'Then add the egg mixture back to the milk mixture and whisk vigorously.', 'Stir in three-quarters of the cheese and season with the salt and pepper.', 'Fold the macaroni into the mix and pour into a 4-quart casserole dish.', 'For the topping: Top the macaroni with the remaining cheese.', 'Toss the breadcrumbs with the melted butter to coat.', 'Sprinkle the macaroni with the breadcrumb mixture in an even layer.', 'Bake for 30 minutes.', 'Remove from the oven and rest for 5 minutes before serving.']","[""egg"", ""milk"", ""cheddar"", ""powdered mustard"", ""all-purpose"", ""breadcrumbs"", ""yellow onion"", ""paprika"", ""fresh black pepper"", ""kosher salt"", ""elbow macaroni"", ""bay leaf"", ""unsalted butter""]",www.foodnetwork.com/recipes/alton-brown/baked-macaroni-and-cheese.html,main,3576.7,6.0,4.0,"The recipe calls for 8 ounces of elbow macaroni, which is typically enough for 4 servings. Additionally, the directions mention a 4-quart casserole dish, suggesting a portion size suitable for 4 people.",596.1,True,611.9,414.3,10.0,199.3,2150232.0,False,True,False,True,True,True,False,True,True,False,True,True,True,True,True,True,False,True,True
Baked Macaroni and Cheese,"['264.0 g uncooked elbow macaroni', '26.9 g butter', '14.2 g flour', '4.5 g dry mustard', '6.0 g salt', '3460.8 g milk', '268.8 g cheddar cheese']","['Prepare Macaroni according to package directions.', 'Preheat oven to 375 degrees.', 'In a saucepan, melt butter and stir in flour, mustard and salt.', 'Gradually stir in milk.', 'Cook until mixture coats spoon.', 'Remove from heat.', 'Add 1 1/2 cups of cheese.', 'Stir until melted.', 'Add to cooked macaroni and stir.', 'Turn into greased baking dish.', 'Top with remaining cheese and bake for 20-25 minutes until bubbly.']","[""cheddar cheese"", ""flour"", ""milk"", ""elbow macaroni"", ""mustard"", ""butter"", ""salt""]",www.food.com/recipe/baked-macaroni-and-cheese-504985,main,4463.3,7.0,4.0,"The recipe calls for 2 cups of uncooked elbow macaroni which is typically enough for 4 servings. The directions suggest preparing the macaroni according to package directions, indicating it's meant for a specific serving size.",637.6,True,2096.2,1890.7,8.8,375.0,1679669.0,False,True,True,True,True,True,False,True,True,False,True,True,True,True,True,True,False,True,True
Spicy Spaghetti,"['450.0 g beef', '110.0 g onion', '13.5 g garlic cloves', '226.8 g velveeta', '907.2 g tomato sauce', '454.0 g spaghetti noodles']","['Brown hamburger meat in big pot until dark brown, letting it stick a little.', 'While browning, add chopped onion and finely chopped garlic to brown also.', 'Cover meat with red pepper while browning (more or less to suit your taste).', 'Add tomato sauce and reduce heat.', 'Stir occasionally while covered sauce simmers. Simmer 40 to 45 minutes.', 'Cook noodles as directed.', 'Shred Velveeta cheese and sprinkle atop noodles and sauce.']","[""cayenne pepper"", ""noodles"", ""onion"", ""ground beef"", ""garlic"", ""tomato sauce""]",www.cookbooks.com/Recipe-Details.aspx?id=796759,main,3891.2,6.0,4.0,"The recipe includes 1 lb. of ground beef and 8 oz. of Velveeta cheese, which are substantial portions that typically serve around 4 people.",648.5,True,424.3,67.6,30.3,243.9,361473.0,False,True,True,True,True,True,False,True,True,True,True,True,True,True,True,False,False,False,False
Spicy Spaghetti,"['450.0 g beef', '110.0 g onion', '108.0 g bread crumbs', '4.1 g parsley', '123.6 g milk', '100.0 g eggs', '793.8 g can tomatoes', '170.1 g can tomato paste', '0.6 g bay leaf', '3.0 g salt', '13.3 g sugar', '1.0 g fennel seed', '0.9 g basil leaves', '0.1 g marjoram leaves', '0.1 g thyme leaves', '0.1 g oregano leaves', '1.5 g red pepper']","['Combine first 6 ingredients for meatballs.', 'Shape into balls. Brown in small amount of oil in Dutch oven.', 'Add remaining ingredients to meatballs in Dutch oven.', 'Bring to a boil, then reduce heat and simmer, covered, for 1 hour, stirring occasionally. Serve over spaghetti with Parmesan cheese.']","[""sugar"", ""tomatoes"", ""tomato paste"", ""fresh parsley"", ""bay leaf"", ""fennel"", ""eggs"", ""marjoram leaves"", ""oregano leaves"", ""onion"", ""red pepper"", ""basil"", ""thyme"", ""milk"", ""ground beef"", ""bread crumbs"", ""salt""]",www.cookbooks.com/Recipe-Details.aspx?id=780161,main,2223.5,4.0,4.0,"The recipe involves making meatballs, which is typically sized for 4 to 6 servings, and the final step of serving over spaghetti with Parmesan cheese suggests a substantial portion.",555.9,True,234.2,134.2,24.1,223.2,591625.0,False,True,False,True,True,True,False,True,True,True,True,True,True,True,True,False,False,False,False
Spicy Spaghetti,"['793.8 g tomatoes', '411.1 g tomato sauce', '63.8 g black olives', '6.0 g garlic cloves', '27.1 g olive oil', '160.8 g onion', '27.6 g pepperoncini pepper', '59.4 g wine', '337.5 g spaghetti']","['Saute olive oil, onions, and pepperoncinis (the seeds and a little juice is good) over medium heat in a large skillet.', 'After a couple of minutes, add the garlic.', 'When onions are translucent, add olives, diced tomatoes, tomato sauce, and wine.', 'Bring to a low boil, lower heat and simmer 5 to 10 minutes.', 'I usually simmer it for 5 minutes, then turn off the heat and let it ""meld"" for 1/2 hour or so.', ""Follow directions on spaghetti box (I cook mine a lil longer than al dente so that it doesn't soak up all the sauce)."", 'Drain spaghetti (do NOT rinse) and add to sauce, stirring well.', 'Sprinkle with Parmesan and enjoy!']","[""tomatoes"", ""thin spaghetti"", ""parmesan cheese"", ""onion"", ""pepperoncini pepper"", ""black olives"", ""wine"", ""garlic"", ""olive oil"", ""tomato sauce""]",www.food.com/recipe/spicy-spaghetti-336540,main,2020.1,3.0,4.0,"The primary ingredient, 3/4 lb of thin spaghetti, is commonly associated with serving 3-4 people. The quantity of diced tomatoes (28 ounces) is also consistent with a 4-serving meal. The cooking directions suggest a moderate portion size, and the inclusion of a sauce that would be shared among diners further supports this estimation.",673.4,True,347.1,52.5,37.4,61.6,1855139.0,False,True,True,True,True,True,True,True,True,True,True,False,True,True,False,True,True,True,True
Spicy Spaghetti,"['225.0 g beef', '225.0 g pork', '110.0 g onion', '13.3 g dry bread crumbs', '4.1 g parsley', '61.8 g milk', '6.0 g seasoned salt', '0.6 g pepper', '123.0 g can tomatoes', '123.0 g can tomato paste', '3.0 g salt', '1.0 g fennel seed', '0.1 g marjoram', '0.1 g oregano', '0.6 g bay leaf', '0.9 g basil', '2.2 g sugar', '0.1 g thyme', '0.4 g red pepper']","['In medium bowl, combine ground beef, ground pork, onion, bread crumbs, parsley, milk, seasoned salt and pepper; mix well.', 'Shape 12 meatballs.', 'In Dutch oven, brown meatballs in oil.', 'Add remaining ingredients.', 'Bring to boil.', 'Reduce heat; simmer, covered, 30 minutes stirring occasionally.', 'Remove bay leaf. Prepare 1 pound package of spaghetti according to package directions; drain.', 'Serve with meatballs and sauce.', 'Top with Parmesan cheese.', 'Makes 4 to 6 servings.']","[""ground pork"", ""oregano"", ""fennel"", ""tomatoes"", ""pepper"", ""fresh parsley"", ""tomato paste"", ""marjoram"", ""bay leaf"", ""sugar"", ""red pepper"", ""onion"", ""basil"", ""thyme"", ""milk"", ""ground beef"", ""bread crumbs"", ""salt""]",www.cookbooks.com/Recipe-Details.aspx?id=968981,main,1463.2,4.0,4.0,"The recipe yields 4 to 6 servings and the ingredients list includes a moderate amount of ground beef and pork, which is typically sufficient for 4-6 servings.",365.8,False,402.6,55.9,31.6,73.1,851656.0,False,True,True,True,True,True,False,True,True,True,True,True,True,True,False,False,False,False,False
Spicy Spaghetti,"['793.8 g tomatoes', '170.1 g tomato paste', '0.6 g bay leaf', '3.0 g salt', '2.2 g sugar', '1.0 g fennel seed', '0.9 g basil leaves', '0.1 g marjoram leaves', '0.1 g thyme leaves', '0.1 g oregano leaves', '0.4 g red pepper', '450.0 g package spaghetti']","['Mix all ingredients (not spaghetti) in a large pot and bring to boil.', 'Reduce heat and simmer covered 30 minutes, stirring occasionally.', 'Prepare spaghetti according to package.', 'Serve with meatballs.']","[""spaghetti"", ""sugar"", ""tomatoes"", ""tomato paste"", ""fennel"", ""marjoram leaves"", ""oregano leaves"", ""red pepper"", ""basil"", ""thyme"", ""bay leaf"", ""salt""]",www.cookbooks.com/Recipe-Details.aspx?id=219233,main,1966.9,3.0,4.0,"The recipe focuses on making a sauce for spaghetti, and considering the quantities of ingredients, it is estimated to serve around 4-6 people. This estimation is based on the typical serving size for such a dish.",655.6,True,402.6,55.9,31.6,73.1,62457.0,False,True,True,True,True,True,True,True,True,True,True,True,True,True,True,True,True,True,True
Everyday Meat Loaf,"['100.0 g beaten eggs', '185.4 g milk', '54.0 g fine dry bread crumbs', '40.2 g onions', '2.0 g snipped parsley', '6.0 g salt', '0.3 g pepper', '675.0 g beef', '60.0 g catsup', '20.7 g brown sugar', '4.5 g dry mustard']","['In bowl, combine eggs and milk; stir in bread crumbs, onions, parsley, sage and pepper.', 'Add ground beef.', 'Thoroughly mix meat and seasonings.', 'Spoon meat mixture in loaf pan.', 'Bake mixture in 350° oven for 1 1/4 hours.']","[""pepper"", ""eggs"", ""brown sugar"", ""catsup"", ""ground sage"", ""onions"", ""parsley"", ""milk"", ""ground beef"", ""dry mustard"", ""bread crumbs"", ""salt""]",www.cookbooks.com/Recipe-Details.aspx?id=237633,main,2454.5,4.0,4.0,"The recipe uses 1.5 pounds of ground beef, which is generally sufficient for 4-6 servings, making it a substantial dish for a main course.",613.6,True,181.7,139.3,3.4,273.6,307210.0,False,True,False,True,True,True,False,True,True,False,True,True,True,True,True,False,False,False,False
Everyday Meat Loaf,"['100.0 g beaten eggs', '185.4 g milk', '54.0 g dry bread crumbs', '40.2 g onion', '2.0 g snipped parsley', '6.0 g salt', '0.5 g sage', '0.3 g pepper', '675.0 g beef']","['In bowl combine first 8 ingredients.', 'Mix well.', 'Add meat and mix well.', 'In 9-inch glass pie plate, shape meat mixture into a ring about 1-inch high around a small juice glass.', 'Cover and microcook until meat is done, about 12 to 13 minutes.', 'Remove juice glass.', 'Let meat loaf stand about 5 minutes before removing to serving plate.']","[""pepper"", ""eggs"", ""onion"", ""sage"", ""parsley"", ""milk"", ""ground beef"", ""bread crumbs"", ""salt""]",www.cookbooks.com/Recipe-Details.aspx?id=824768,main,2277.2,4.0,4.0,"The recipe uses 1 1/2 lbs of ground beef, which is a portion size typically suitable for 4 to 6 servings. The cooking instructions suggest a single meat loaf, which is appropriate for a medium-sized serving.",569.3,True,145.2,106.5,3.5,273.0,729059.0,False,True,False,True,True,True,False,True,True,True,True,True,True,True,True,False,False,False,False
Everyday Meat Loaf,"['100.0 g beaten eggs', '185.4 g milk', '54.0 g fine bread crumbs', '40.2 g onion', '0.3 g black pepper', '6.0 g salt', '675.0 g lean beef', '0.3 g sage', '2.0 g parsley', '60.0 g catsup', '20.7 g brown sugar', '4.5 g dry mustard']","['Preheat oven to 350°.', 'In a bowl, combine the eggs and milk.', 'Stir in bread crumbs, onion, parsley, salt, sage and pepper.', 'Add ground beef.', 'Thoroughly mix meat and seasonings.', 'Firmly pat meat into baking pan.', 'Glaze with the last 3 ingredients, blended well.', 'Carefully spread over top.', 'Bake about 50 minutes or until done.']","[""black pepper"", ""eggs"", ""brown sugar"", ""onion"", ""catsup"", ""dry mustard"", ""sage"", ""parsley"", ""milk"", ""lean beef"", ""bread crumbs"", ""salt""]",www.cookbooks.com/Recipe-Details.aspx?id=281430,main,2631.1,4.0,4.0,"The recipe uses 1 1/2 lbs of ground beef, which is typical for 4-6 servings, and the preparation process indicates a portion size suitable for 4 servings.",657.8,True,181.9,139.4,3.6,194.0,613919.0,False,True,False,True,True,True,False,True,True,False,True,True,True,True,True,False,False,False,False
Everyday Meat Loaf,"['675.0 g beef', '72.0 g dry bread crumbs', '247.2 g milk', '100.0 g eggs', '40.2 g onion', '6.0 g salt', '0.3 g pepper', '0.3 g sage', '51.8 g brown sugar', '80.0 g catsup', '0.6 g nutmeg', '4.5 g dry mustard']","['Soak bread crumbs in milk.', 'Add meat, eggs, onions, salt, pepper, and sage; mix well.', 'Form in a loaf and place in greased baking dish.', 'Combine remaining ingredients and pour over loaf.', 'Bake at 350° for 1 hour.', '6 servings.']","[""pepper"", ""nutmeg"", ""eggs"", ""brown sugar"", ""onion"", ""catsup"", ""sage"", ""milk"", ""ground beef"", ""dry mustard"", ""bread crumbs"", ""salt""]",www.cookbooks.com/Recipe-Details.aspx?id=22082,main,2704.7,6.0,6.0,"Directions explicitly state '6 servings', so there is no need to estimate.",450.8,False,264.6,208.5,4.5,281.1,365059.0,False,True,False,True,True,True,False,True,True,False,True,True,True,True,True,False,False,False,False
Everyday Meat Loaf,"['88.0 g reduced-sodium marinara sauce', '36.0 g japanese-style bread crumbs', '19.8 g onions', '0.3 g thyme', '3.0 g kosher salt', '1.1 g black pepper', '450.0 g sirloin', '50.0 g egg', '56.7 g part-skim mozzarella cheese']","['Combine first 8 ingredients (through egg) in a large bowl; stir gently to combine.', 'Spread beef mixture evenly in a 9 1/2-inch microwave-safe loaf dish coated with cooking spray; do not pack beef mixture into dish.', 'Loosely cover with a paper towel.', 'Microwave at HIGH 8-10 minutes.', 'Preheat broiler.', 'Sprinkle meat loaf with cheese; broil 3 minutes or until browned.']","[""marinara sauce"", ""egg"", ""fresh thyme"", ""mozzarella cheese"", ""cooking spray"", ""ground black pepper"", ""onions"", ""kosher salt"", ""bread crumbs"", ""ground sirloin""]",www.food.com/recipe/everyday-meat-loaf-509366,main,1541.2,3.0,6.0,"Directions explicitly state '6 servings', so there is no need to estimate.",513.7,True,37.6,8.5,4.9,183.4,2189625.0,False,True,False,True,True,True,False,True,True,True,True,True,True,True,True,False,False,False,False
Everyday Meat Loaf,"['900.0 g beef', '100.0 g eggs - lightly beaten', '98.4 g oats', '145.0 g peas & carrots', '110.0 g onion', '4.1 g parsley -', '9.0 g cloves garlic - &', '31.9 g worcestershire sauce', '35.8 g ketchup']","['In a large bowl thoroughly mix all ingredients (except the ketchup and 1 tablespoon of the Worcestershire sauce).', 'Mold meat into a pan and in a small bowl combine the ketchup and 1 tablespoon Worcestershire sauce and smooth over the top of the meat loaf.', 'Bake in oven for about 50-60 minutes.']","[""oats"", ""eggs"", ""onion"", ""parsley"", ""ground beef"", ""garlic"", ""ketchup"", ""worcestershire sauce"", ""frozen peas""]",www.yummly.com/recipe/Everyday-Meat-Loaf-1656949,main,3090.2,5.0,4.0,Meat loaf recipe typically serves around 4 people due to the amount of ground beef and the serving size suggested by the directions.,618.0,True,112.9,24.5,16.2,333.3,1597843.0,False,True,False,True,True,True,True,True,True,True,True,True,True,True,True,True,False,False,False
Shrimp And Grits,"['960.0 g water', '164.0 g stone-ground grits', '40.4 g butter', '100.0 g parmesan cheese', '450.0 g shrimp', '48.0 g slices bacon', '20.3 g lemon juice', '6.0 g chives', '3.0 g garlic clove']","['Bring water to a boil.', 'Add salt and pepper.', 'Add grits and cook until water is absorbed, about 20 to 25 minutes.', 'Remove from heat and stir in butter.', 'Rinse shrimp and pat dry.', 'Fry the bacon in a large skillet until browned; drain well.', 'In grease, add shrimp.', 'Cook until shrimp turn pink.', 'Add lemon juice, chopped bacon, parsley, chive and garlic.', 'Saute for 3 minutes.', 'Spoon grits into a serving bowl and top with shrimp mixture serve immediately.']","[""bacon"", ""lemon juice"", ""parmesan cheese"", ""garlic"", ""water"", ""stone-ground grits"", ""shrimp"", ""chives"", ""butter"", ""salt""]",www.food.com/recipe/shrimp-and-grits-533445,main,2028.8,3.0,4.0,The recipe serves 4 people as stated in the directions and the ingredients list does not suggest a different portion size.,676.3,True,146.5,2.0,2.9,140.7,1059666.0,True,False,True,True,True,True,False,True,True,True,True,True,True,True,False,False,False,False,False
Shrimp And Grits,"['450.0 g shrimp', '32.0 g slices bacon', '55.0 g onion', '0.6 g cayenne pepper', '3.5 g jalapeno pepper', '29.8 g red pepper', ""1.5 g lawry's seasoned salt"", '40.2 g all-purpose flour', '110.0 g stalk green onion']","['Cut up the shrimp into thirds and season with Season Salt and set to the side.', 'Make sure you keep the shells.', 'Put shells in enough water to cover and boil until pink.', 'Discard shells and keep the water.', 'Fry the bacon in a medium skillet and set aside to drain.', 'Reduce the drippings to approximately 2 tablespoons.', 'Finely dice the onion, red pepper and jalepeno pepper.', 'Saute the onion jalepeno pepper and red pepper until soft.', 'Sprinkle the drippings and veggies with 2 tablespoons of flour and make a roue.', 'Pour the shrimp water over the roue until smooth and creamy.', 'Add the chopped shrimp and cook on low until shrimp turn pink.', 'At the last minute, crumble the cooked bacon and stir into the shrimp and gravy.', 'Remove from heat.', 'Pour over a bed of hot white rice.', 'Before serving, finely chop the green onion and sprinkle on top.', 'Serve on a bed of rice (jasmine works well).']","[""bacon"", ""cayenne pepper"", ""red pepper"", ""onion"", ""flour"", ""shrimp"", ""jalapeno pepper"", ""salt""]",www.food.com/recipe/shrimp-and-grits-248568,main,849.3,1.0,4.0,"The recipe calls for 1 lb of shrimp, which is typically sufficient for 4 servings.",849.3,True,50.5,8.6,5.6,101.5,1149928.0,False,False,True,True,True,True,True,True,True,True,True,True,True,True,False,False,False,False,False
Shrimp And Grits,"['3.0 g salt', '164.0 g uncooked quick-cooking grits', '50.0 g freshly parmesan cheese', '1.1 g freshly pepper', '450.0 g unpeeled medium-size raw shrimp', '0.6 g freshly pepper', '0.8 g salt', '13.6 g olive oil', '9.9 g all-purpose flour', '121.7 g low-sodium fat-free chicken broth', '80.4 g green onions', '6.0 g garlic cloves', '15.2 g lemon juice', '1.5 g salt', '1.2 g hot sauce', '60.0 g firmly baby spinach']","['Prepare Parmesan Grits: Bring 1/2 tsp. salt and 4 cups water to a boil in a medium saucepan; gradually whisk in grits.', 'Cook over medium heat, stirring occasionally, 8 minutes or until thickened.', 'Whisk in cheese and pepper.', 'Keep warm.', 'Prepare Creamy Shrimp Sauce: Peel shrimp; devein, if desired.', 'Sprinkle shrimp with pepper and 1/8 tsp. salt.', 'Cook in a large nonstick skillet coated with cooking spray over medium-high heat 1 to 2 minutes on each side or just until shrimp turn pink.', 'Remove from skillet.', 'Reduce heat to medium.', 'Add oil; heat 30 seconds.', 'Whisk in flour; cook 30 seconds to 1 minute.', 'Whisk in broth and next 5 ingredients; cook 2 to 3 minutes or until thickened.', 'Stir in shrimp and spinach; cook 1 minute or until spinach is slightly wilted.', 'Serve immediately over grits.', 'Note: Nutritional analysis includes 1/2 cup grits and about 1/3 cup sauce.']","[""baby spinach"", ""hot sauce"", ""lemon juice"", ""green onions"", ""vegetable cooking spray"", ""parmesan cheese"", ""freshly ground pepper"", ""flour"", ""shrimp sauce"", ""grits"", ""chicken broth"", ""parmesan grits"", ""shrimp"", ""garlic"", ""olive oil"", ""salt""]",www.myrecipes.com/recipe/shrimp-grits-creamy-sauce,main,1796.7,3.0,4.0,"The recipe calls for 1 lb of shrimp, which is typically sufficient for 4 servings.",598.9,True,180.1,26.4,6.2,143.6,1470312.0,False,False,True,True,True,True,False,True,True,True,True,True,True,True,True,False,False,False,True
Shrimp And Grits,"['900.0 g shrimp', '1.0 g cajun seasoning', '4.8 g italian seasoning', '2.3 g paprika', '54.6 g margarine', '6.0 g garlic cloves', '97.4 g chicken broth', '10.7 g worcestershire sauce', '4.7 g hot sauce', '6.6 g all-purpose flour']","['If using frozen shrimp, thaw as directed on package.', 'Rinse and drain.', 'Combine Cajun seasoning, Italian seasoning, and paprika in a large bowl', 'Add shrimp and toss to coat.', 'Melt butter in a large skillet over medium heat; add garlic and saut 1 minute.', 'Add shrimp, 3/4 cup broth, Worcestershire sauce, and hot sauce.', 'Cook 5 minutes or just until shrimp turns pink.', 'Remove shrimp with a slotted spoon and set aside, leaving broth mixture in skillet.', 'Whisk together flour and remaining 1/4 cup broth until blended.', 'Whisk into broth mixture in skillet and cook, stirring or whisking constantly, 2-3 minutes or until thickened.', 'Add shrimp and cook 1 minute.', 'Serve immediately over hot grits.']","[""cajun seasoning"", ""italian seasoning"", ""flour"", ""chicken broth"", ""grits"", ""paprika"", ""shrimp"", ""garlic"", ""butter"", ""worcestershire sauce"", ""hot sauce""]",www.food.com/recipe/shrimp-and-grits-193412,main,1602.3,3.0,4.0,"The recipe calls for 1 lb of shrimp, which is typically sufficient for 4 servings.",534.1,True,40.3,18.9,1.1,198.6,1024493.0,False,False,True,True,True,True,False,True,True,True,True,True,True,True,True,False,False,False,True
Shrimp And Grits,"['1080.0 g water', '164.0 g white grits', '6.0 g salt', '450.0 g shrimp', '26.9 g butter', '56.7 g shredded cheddar cheese', '35.0 g onion', '32.0 g slice bacon', '58.0 g juice of 1 lemon', '330.0 g slice green onion', '6.0 g clove garlic', '2.0 g parsley', '240.0 g chicken stock']","['Fry the bacon in a large saute pan until crispy.', 'Remove the bacon and chop.', 'Pour off all but about 3 tablespoons of the fat.', 'Turn off the heat.', 'Bring the water to a boil in a medium pot.', 'Add the salt.', 'Slowly pour the grits into the boiling water.', ""Stir and pour gradually so you don't get any lumps."", 'When all the grits are incorporated, turn the heat down to a low simmer and cook the grits, stirring often, for 35 minutes.', 'turn the heat to high under the saute pan and when the bacon fat is hot, saute the onion over medium-high heat until soft, about 4 minutes.', 'Add garlic cloves and shrimp and toss to combine.', 'Let this cook another minute.', 'Add the chicken stock and let this boil down for 5 minutes.', 'Meanwhile, stir the cheddar cheese, butter and pepper into the grits.', ""The dish might not need any more salt, but add some if you'd like."", 'To serve, spoon out some grits in individual bowls.', 'Add the shrimp, Bacon, green onions, parsley and lemon juice to taste.', 'Serve at once.']","[""bacon"", ""black pepper"", ""cheddar cheese"", ""onion"", ""white grits"", ""water"", ""green onion"", ""clove garlic"", ""parsley"", ""chicken"", ""shrimp"", ""lemon"", ""butter"", ""salt""]",cookpad.com/us/recipes/357005-shrimp-and-grits,main,1890.7,3.0,4.0,"The recipe calls for 1 lb of shrimp, which is typically sufficient for 4 servings.",630.2,True,175.8,20.7,9.0,133.7,2156126.0,True,False,True,True,True,True,False,True,True,True,True,True,True,True,False,False,False,False,False
Shrimp And Grits,"['164.0 g corn grits', '389.5 g chicken broth', '26.9 g butter', '44.8 g cream or half half', '67.2 g cheddar cheese', '34.8 g green pepper', '40.2 g red onion', '12.3 g green onion', '450.0 g 26-30ct raw shrimp', '0.2 g cajun seasoning', '81.4 g tomatoes', '44.8 g cream or half half', '2.0 g parsley', '15.0 g green onion']","['In a med saucepan or dutch oven, bring broth to boil.', 'Slowly add polenta while stirring.', 'Reduce heat to low and simmer, uncovered, stirring frequently, for 30 minutes until thick.', 'Add butter, cream and cheese. Season with salt and pepper. Stir in until creamy. Save remaining 2 Tbl cream for finishing.', 'Cover and proceed with shrimp', 'In a 12"" cast iron skillet over med-high heat, saute veggies in clarified butter or oil until softened and beginning to brown.', 'Add a bit more clarified butter. Raise heat to high.', 'Add shrimp and season with salt and pepper.', 'Saute until pink, a bit browned and just cooked through, about 2 mins.', 'Add Cajun seasoning, then tomatoes and stir to combine.', 'Add cream, start with 2 Tbl, and parsley. Add more cream if necessary. Set aside.', 'Rewarm polenta over med-low heat and add remaining 2 Tbl cream.', 'Serve shrimp over polenta and garnish with green onion.']","[""shrimp"", ""cajun seasoning"", ""tomatoes"", ""green onion"", ""handful"", ""polenta"", ""grits"", ""chicken broth"", ""parsley"", ""cream"", ""red onion"", ""butter"", ""green pepper"", ""salt""]",food52.com/recipes/39197-shrimp-and-grits,main,2763.0,5.0,4.0,"The recipe calls for 1 lb of shrimp, which is typically sufficient for 4 servings.",552.6,True,217.0,76.9,5.7,193.9,1384228.0,True,False,True,True,True,True,False,True,True,True,True,True,True,True,True,False,False,False,True
Shrimp And Grits,"['480.0 g water', '243.4 g fat-free half-and-half', '18.0 g butter', '1.5 g salt', '0.6 g pepper', '123.0 g quick-cooking grits', '72.6 g ketchup', '21.0 g honey', '10.2 g lemon juice', '1.7 g hot pepper sauce', '120.0 g celery ribs', '110.0 g onion', '450.0 g uncooked shrimp', '134.4 g shredded reduced-fat cheddar cheese']","['In a large saucepan, bring water, half-and-half, 2 teaspoons butter, salt and pepper to a boil. Slowly stir in grits. Reduce heat to medium-low; cook, covered, about 5 minutes or until thickened, stirring occasionally. Remove from heat.', 'Meanwhile, in a small bowl, mix ketchup, honey, lemon juice and pepper sauce. In a large skillet, heat remaining butter over medium-high heat. Add celery and onion; cook and stir until tender. Add shrimp; cook and stir until shrimp turn pink. Stir in ketchup mixture.', 'Stir cheese into grits. Serve shrimp mixture with grits.']","[""shrimp"", ""pepper"", ""lemon juice"", ""honey"", ""cheddar cheese"", ""onion"", ""water"", ""celery"", ""ketchup"", ""butter"", ""hot pepper"", ""quick-cooking grits"", ""salt""]",www.tasteofhome.com/recipes/shrimp-and-grits/,main,2085.4,3.0,4.0,"The recipe calls for 1 lb of shrimp, which is typically sufficient for 4 servings.",695.1,True,163.0,50.5,6.2,144.5,1532173.0,True,False,True,True,True,True,False,True,False,True,True,True,True,True,True,False,False,False,True
Shrimp And Grits,"['170.1 g water', '453.6 g chicken broth', '453.6 g heavy whipping cream', '170.1 g grits', '4.5 g kosher salt', '141.8 g cheddar cheese', '56.7 g parmesan cheese', '113.4 g cream cheese', '80.8 g unsalted butter', '32.0 g slices bacon', '450.0 g shrimp', '80.4 g yellow onion', '27.6 g bell pepper', '226.8 g mixed mushrooms', '50.0 g scallion', '29.0 g lemon', '2.7 g worcestershire sauce', '3.4 g cayenne pepper']","['Grits: combine water, 12 oz chicken broth, 7.5 ounces of heavy whipping cream to a boil in a large saucepan over medium heat.', 'Slowly whisk in grits.', 'Stir in Kosher salt, cheeses, butter and 1/2 tabasco (to taste).', 'If too thick, stir in a little more broth.', 'Add salt and pepper keepin over low heat.', 'Shrimp: In a large skillet over medium heat ,cook the bacon until the fat is rendered and the bacon browned.', 'Remove the bacon and drain all but 1 tlbs of the fat.', 'Chop bacon into bits and set aside.', 'Combine flour and 1/2 tsp black pepper.', 'Place shrimp into mixture and cover with flour.', 'Let sit for about 5 minutes to absorb flour. This helps thicken mixture.', 'In skillet with drippings, add yellow onion, bell pepper, mushroom, Saute about 3 minute Add 1/4 cup chopped scallions and garlic and saute 2 more minute.', 'Turn heat to med. high. remove shrimp from flour shake off excess.', 'Add shrimp to skillet and saute about 2 minute until shrimp lightly browned.', 'Add 1/2 cup wine, using wooden spoon stir to loosen browned bits from bottom of pan. Stirring constantly slowly add 4 oz broth, 8.5 oz heavy cream, lemon juice, worcestershire sauce and tabasco.', 'Cook about 2 minute If too thick add more broth or wine, as desired.', 'Season with salt and pepper and spice.', 'Serve: spoon grits onto four plates making a cavity in the center.', 'Top with shrimp mixture.', 'Garnish with bacon bits and 1 tlbs scallions.', 'You can add lemon wedges and cajun seasoning sprinkled around plate for appearance.']","[""scallion"", ""cream"", ""parmesan cheese"", ""water"", ""grits"", ""kosher salt"", ""bell pepper"", ""tabasco sauce"", ""cayenne pepper"", ""cheddar cheese"", ""yellow onion"", ""chicken broth"", ""white wine"", ""lemon"", ""salt"", ""bacon"", ""pepper"", ""mixed mushrooms"", ""cream cheese"", ""shrimp"", ""garlic"", ""worcestershire sauce"", ""unsalted butter""]",www.food.com/recipe/shrimp-and-grits-514268,main,5237.9,9.0,4.0,"The recipe calls for 1 lb of shrimp, which is typically sufficient for 4 servings.",582.0,True,316.8,109.7,15.2,277.3,1108049.0,True,False,True,True,True,True,False,True,True,True,True,True,True,True,False,False,False,False,False
Shrimp And Grits,"['450.0 g asparagus', '292.1 g chicken broth', '164.0 g uncooked quick-cooking grits', '121.7 g half-and-half', '53.9 g butter', '5.4 g package mushrooms', '110.0 g green onions', '0.1 g thyme', '3.0 g salt']","['Peel shrimp; devein, if desired. Snap off and discard tough ends of asparagus. Cut asparagus into 1-inch pieces.', 'Bring chicken broth to a boil in a medium saucepan over medium-high heat; whisk in grits and half-and-half. Cook, whisking constantly, 7 minutes or until thickened. Remove from heat. Stir in 2 Tbsp. butter. Keep warm.', 'Melt remaining 2 Tbsp. butter in a large skillet over medium-high heat. Add asparagus, mushrooms, green onions, and thyme, and saute 3 to 4 minutes. Add shrimp, and cook 2 to 3 minutes. Stir in salt; cook 3 minutes or just until shrimp turn pink. Serve immediately over warm grits.']","[""green onions"", ""fresh asparagus"", ""mushrooms"", ""thyme"", ""grits"", ""chicken broth"", ""shrimp"", ""butter"", ""salt""]",www.myrecipes.com/recipe/shrimp-grits-3,main,2053.0,3.0,4.0,"The recipe calls for 1 lb of shrimp, which is typically sufficient for 4 servings.",684.3,True,215.9,70.1,14.2,78.7,1413304.0,True,True,True,True,True,True,False,True,True,True,True,True,True,True,True,False,False,False,True
Country Style Ribs,"['675.0 g country-style pork ribs', '110.0 g onion', '486.0 g tomato juice', '84.0 g brown sugar', '63.8 g cider vinegar', '72.6 g ketchup', '31.9 g worcestershire sauce', '4.5 g mustard', '0.7 g chili powder']","['Place ribs and onion in a 3-qt. slow cooker.', 'In a small bowl, combine the remaining ingredients.', 'Pour over ribs.Cover and cook on low for 5-1/2 to 6 hours or until a thermometer reads 160°.']","[""ground mustard"", ""brown sugar"", ""chili powder"", ""onion"", ""pork"", ""tomato juice"", ""cider vinegar"", ""ketchup"", ""worcestershire sauce""]",www.tasteofhome.com/recipes/country-style-ribs/,main,2416.9,4.0,4.0,directions suggest cooking time and temperature suitable for 4 servings,604.2,True,147.0,127.0,4.3,120.7,1538247.0,True,True,True,True,True,True,True,True,True,False,True,True,True,True,False,False,False,False,False
Country Style Ribs,"['1350.0 g western ribs', '150.0 g onion', '80.0 g stalks celery', '122.0 g carrots', '6.0 g garlic cloves', '340.2 g crab boil', '4750.0 g water', '0.4 g kosher salt', '226.8 g barbecue sauce']","['add first 7 ingredients.', 'Bring to full boil.', 'Lower heat to medium.', 'Simmer for 1hr 15 minutes Turn off heat and let set for 2 hrs in water.', 'Place ribs in sheet pan put on BBQ sauce.', 'Preheat oven to 400.', 'Put ribs in for 10-15 minutes Enjoy.']","[""stalks celery"", ""onion"", ""water"", ""crab boil"", ""carrots"", ""barbecue sauce"", ""kosher salt"", ""garlic""]",www.food.com/recipe/country-style-ribs-125982,main,3371.7,6.0,4.0,Ribs are the main ingredient and the quantity is 1350.0 g which is typically enough for 4 servings.,561.9,True,122.7,88.6,9.4,328.2,2073118.0,True,False,True,True,True,True,True,True,False,True,True,True,True,True,True,False,False,False,True
Country Style Ribs,"['1350.0 g country ribs', '297.7 g tomato soup', '127.5 g vinegar', '84.0 g brown sugar', '16.6 g soy sauce', '2.5 g celery seed', '6.0 g salt', '2.7 g chili powder']","['Ribs may be parboiled 15 minutes.', 'Combine ingredients and pour over ribs.', 'Bake at 325° for 1 to 1 1/2 hours.']","[""vinegar"", ""soy sauce"", ""brown sugar"", ""chili powder"", ""country ribs"", ""tomato soup"", ""celery"", ""salt""]",www.cookbooks.com/Recipe-Details.aspx?id=195305,main,3196.1,5.0,4.0,"Ribs are the main ingredient and the recipe mentions 3 lb., which is typically enough for 4 servings.",639.2,True,151.7,125.6,4.4,268.3,322925.0,True,True,True,True,True,False,True,True,False,True,True,True,True,True,True,True,True,True,True
Country Style Ribs,"['1575.0 g country ribs', '53.6 g onion', '127.5 g apple cider vinegar', '61.2 g chili sauce', '15.2 g lemon juice', '13.5 g margarine', '84.0 g brown sugar', '145.2 g ketchup', '31.9 g worcestershire sauce', '2.2 g dry mustard', '3.0 g clove garlic']","['Place spare ribs in dutch oven.', 'Add enough water to cover. Bring to a boil; reduce heat, and simmer covered for one hour or until ribs are tender.', 'Drain; place in 9x13 baking dish.', 'Heat oven to 300 degrees.', 'In medium skillet, saute onion in margarine. Stir in remaining ingredients, and cook until heated through. pour sauce over ribs.', 'Bake 30 minutes, basting occasionally.', 'Serves 5-6.']","[""country style"", ""chili sauce"", ""lemon juice"", ""brown sugar"", ""onion"", ""apple cider vinegar"", ""clove garlic"", ""ketchup"", ""dry mustard"", ""butter"", ""worcestershire sauce""]",www.cookbooks.com/Recipe-Details.aspx?id=143955,main,3738.2,5.0,4.0,directions suggest this kind of pan which is fitting for a 3 servings recipe,747.6,False,159.6,139.0,1.9,308.2,167733.0,True,True,True,True,True,True,False,True,True,False,True,True,True,True,True,True,False,True,True
Country Style Ribs,"['2250.0 g ribs', '2.2 g inch ginger', '216.0 g sugar', '191.2 g shoyu', '97.4 g oyster sauce', '290.4 g ketchup']","['Boil ribs with ginger and enough water to cover ribs for 40 to 45 minutes.', 'Drain and wash clean.', 'Combine remaining ingredients for sauce.', 'Soak ribs in sauce while hot.', 'Broil over charcoal or in oven.']","[""sugar"", ""ginger"", ""shoyu"", ""oyster sauce"", ""ketchup""]",www.cookbooks.com/Recipe-Details.aspx?id=263488,main,5534.5,9.0,4.0,"Ribs are a portion size cut and the cooking process suggests a single serving per person, hence 4 servings.",614.9,True,316.0,278.2,2.7,455.1,890081.0,True,True,True,True,True,True,True,True,True,True,True,True,True,False,True,False,False,False,True
Armenian Rice,"['40.4 g margarine', '33.0 g vermicelli', '185.0 g long grain rice', '194.7 g chicken broth']","['Brown', 'vermicelli in margarine.', 'Add rice, then add hot chicken', 'broth, salt and pepper.', 'Cover and simmer until broth is absorbed, about 30 minutes.']","[""vermicelli"", ""long grain rice"", ""chicken broth"", ""margarine"", ""salt""]",www.cookbooks.com/Recipe-Details.aspx?id=545243,main,1607.1,3.0,4.0,directions suggest this kind of pan which is fitting for a 3 servings recipe,535.7,True,198.9,39.4,12.5,64.0,452531.0,True,True,True,True,True,True,False,True,True,True,True,True,True,True,True,True,False,False,True
Armenian Rice,"['112.5 g butter', '24.0 g slices bacon', '408.0 g converted long grain rice', '1.5 g salt', '80.4 g onion', '49.7 g soy sauce', '226.8 g mushrooms', '5.8 g almonds', '340.2 g beef consomme', '340.2 g beef broth']","['Brown first 4 ingredients in a skillet. Pour into a 4-quart casserole; add remaining ingredients, stirring until well mixed.', 'Bake in 300 degree oven for 3 hours or until rice is tender and liquid is absorbed. Be sure that oven is no more than 300 degrees.', ""(The original recipe calls for only 1/2 t. sliced almonds. I don't know if that was a typo -- but I increased it to one tablespoon - and sometimes even add a little more).""]","[""bacon"", ""soy sauce"", ""beef consomme"", ""onion"", ""long grain rice"", ""mushrooms"", ""beef broth"", ""almonds"", ""butter"", ""salt""]",www.food.com/recipe/armenian-rice-415010,main,2663.2,4.0,4.0,"The recipe uses 2 cups of rice, which is commonly associated with 4 servings. The cooking time of 3 hours is consistent with a main dish portion size.",665.8,True,393.0,74.3,36.4,137.9,1036883.0,True,True,True,True,True,False,False,False,True,True,True,True,True,True,False,False,False,False,False
Armenian Rice,"['54.7 g butter', '110.0 g onion', '40.0 g slices bacon', ""408.0 g uncle ben's long grain rice"", '49.7 g soy sauce', '930.0 g consomme soup', '930.0 g bouillon soup', '226.8 g slivered almonds', '298.0 g mushrooms', '237.0 g water chestnuts']","['Saute onion and bacon.', 'Add butter and rice.', 'Fry 2 minutes.', 'Add remaining ingredients and cook over medium-low heat until rice is tender.', 'Serves 12.']","[""consomme soup"", ""bacon"", ""soy sauce"", ""water chestnuts"", ""uncle ben"", ""onion"", ""mushrooms"", ""almonds"", ""bouillon soup"", ""butter""]",www.cookbooks.com/Recipe-Details.aspx?id=410740,main,3751.2,12.0,12.0,directions explicitly state 'Serves 12.',312.6,False,394.1,29.2,67.2,171.7,154426.0,True,True,True,True,True,False,False,False,True,True,True,True,True,True,False,False,False,False,False
Armenian Rice,"['169.5 g sticks unsalted butter', '85.0 g vermicelli', '120.0 g pine nuts', '816.0 g long-grain white rice', '1920.0 g chicken stock', '17.3 g thinly mint leaves']","['In a large pot, melt the butter.', 'Stir in the vermicelli and pine nuts and cook over high heat until golden brown, 3 minutes.', 'Stir in the rice.', 'Add the chicken stock, 1 teaspoon of salt and 1 teaspoon of white pepper.', 'Cover and cook over low heat for 25 minutes, until the rice is tender and the stock has been absorbed.', 'Uncover, fluff with a fork and cover again.', 'Let stand for 20 minutes.', 'Stir in half of the mint; season with salt and pepper.', 'Transfer the rice to a bowl.', 'Garnish with the remaining mint and serve right away.']","[""vermicelli"", ""long-grain white rice"", ""kosher salt"", ""pine nuts"", ""butter"", ""chicken stock"", ""mint""]",www.foodandwine.com/recipes/armenian-rice,main,5506.7,9.0,4.0,The recipe uses 4 cups of rice which is typically enough for 4 servings. The cooking time and method suggest a portion size suitable for 4 people.,611.9,True,786.9,60.1,58.7,201.9,1697321.0,True,True,True,True,True,True,False,True,True,True,True,True,True,True,True,False,False,False,True
Vegetable Pot Pie,"['13.5 g butter', '13.6 g canola oil', '160.8 g onion', '120.0 g thinly celery', '136.5 g broccoli florets', '110.4 g red bell pepper', '100.0 g green beans', '80.4 g unbleached all-purpose flour', '247.2 g milk', '440.0 g rich vegetable broth', '2.0 g parsley', '6.0 g tamari', '0.1 g thyme', '0.2 g sage', '231.0 g wheat flour', '3.0 g salt', '8.9 g baking powder', '5.4 g baking soda', '26.9 g butter', '185.4 g buttermilk', '14.0 g honey']","['Preheat the oven to 400F.', 'Make the filling: In a medium skillet over medium-high heat, melt the butter the oil.', 'Add the onion and cook, stirring often, until soft, about 5 minutes.', 'Add the celery, broccoli, bell pepper, and green beans and cook, stirring often, until the vegetables are tender, about 10 minutes.', 'Reduce the heat to low.', 'Sprinkle the flour over the vegetable mixture.', 'Cook, stirring constantly, for 2 minutes.', 'Make the Broth: In glass measuring cup, combine the milk and broth.', 'Slowly add to the vegetable mixture while whisking constantly.', 'The sauce will start to thicken.', 'Add the parsley, tamari, thyme, and sage.', 'Season to taste with salt and pepper.', 'Cook, stirring constantly, until thickened.', 'Remove from the heat, transfer to a 2quart casserole, and set aside.', 'Make the topping: In a large bowl, mix the flour, salt, baking powder, and baking soda.', 'Using a pastry blender or fork, cut the butter into the flour mixture until it resembles coarse meal.', 'In a measuring cup, combine the buttermilk and honey.', 'Add to the flour mixture, stirring with a fork to form a stiff dough.', 'Add more buttermilk if the dough is too dry.', 'Knead lightly in the bowl for 3 to 5 minutes, until the dough is no longer sticky.', 'Turn the dough out onto a lightly floured surface.', 'Roll out into a shape to cover the casserole dish.', 'Lay the biscuit topping lightly over the filling.', 'Do not seal the edges.', 'Bake for 20 to 30 minutes, until the crust is golden brown and the filling is bubbling.']","[""buttermilk"", ""sage"", ""whole wheat flour"", ""butter"", ""celery"", ""baking soda"", ""onion"", ""canola oil"", ""flour"", ""thyme"", ""red bell pepper"", ""milk"", ""honey"", ""salt"", ""baking powder"", ""broccoli florets"", ""frozen green beans"", ""tamari"", ""parsley"", ""vegetable broth""]",www.food.com/recipe/vegetable-pot-pie-145798,main,1990.8,3.0,4.0,"The recipe yields a 2 quart casserole which is typically suitable for 4 servings. The ingredients list includes quantities that suggest a portion size for 4 people, such as 1 cup of chopped onion, 1 cup of thinly sliced celery, and 1 cup of diced red bell pepper.",663.6,True,519.5,256.1,44.8,124.8,1889874.0,False,True,True,True,True,True,False,True,False,True,True,True,True,True,True,True,False,True,True
Vegetable Pot Pie,"['156.0 g potato', '64.0 g carrot', '30.0 g celery', '72.5 g peas', '59.5 g mushrooms', '80.4 g onion', '118.5 g tofu', '476.0 g mushroom gravy', '25.0 g parmesan cheese', '0.3 g marjoram', '0.7 g sage', '0.1 g thyme', '1.5 g salt', '0.6 g pepper', '44.0 g pie dough recipe']","['Heat 1/4 cup olive oil in a large skillet.', 'Saute first 6 ingredients over medium heat until onion is translucent.', 'Add tofu and herbs; cook 2 minutes more.', 'Add salt, pepper and Parmesan. Place vegetable mixture in deep pie dish; add gravy until it reaches the top of veggie mixture.', 'Cover with rolled pie dough; prick the crust.', 'Bake at 350° for 35 to 45 minutes until crust is golden brown.']","[""peas"", ""potato"", ""marjoram"", ""pepper"", ""parmesan cheese"", ""mushrooms"", ""onion"", ""tofu"", ""celery"", ""mushroom gravy"", ""thyme"", ""sage"", ""carrot"", ""recipe"", ""salt""]",www.cookbooks.com/Recipe-Details.aspx?id=345502,main,812.0,1.0,4.0,Vegetable mixture combined with gravy and topped with pie dough suggests a serving size suitable for 4 people.,812.0,True,121.4,34.4,53.3,46.0,229528.0,True,True,True,True,True,False,False,True,False,True,True,True,True,True,True,True,False,True,True
Vegetable Pot Pie,"['639.0 g potatoes', '122.0 g carrots', '70.0 g onion', '226.8 g mushrooms', '480.0 g water', '9.0 g vegetable bouillon cube', '145.0 g peas', '28.8 g flour', '0.7 g poultry seasoning', '123.6 g milk', '245.0 g sheet puff pastry']","['Preheat the oven to 400F.', 'Peel the potatoes and cut into 1/2-inch cubes.', 'Peel the carrots and cut into 1/4-inch cubes.', 'Peel the onion and cut into 1/2-inch pieces.', 'Cut the ends off the mushroom stems, discard, and cut the mushrooms in half.', 'Place the water, bouillon cube, potatoes, carrots, onion, and mushrooms in a saucepan and bring to a boil.', 'Cover and simmer over medium-low heat for 10 to 12 minutes, or until the potatoes are tender.', 'Add the peas to the pan.', 'In a bowl, combine the flour, poultry seasoning, and milk and stir until smooth.', 'Slowly add the milk mixture to the pan, stirring constantly.', 'Season with salt and pepper and cook over medium heat for 5 minutes, or until the sauce thickens.', 'Pour the mixture into a 2-quart casserole dish and top with the sheet of puff pastry.', 'Press the pastry down firmly around the outside edge of the dish and cut 4 small slits in the top.', 'Bake for 30 to 35 minutes, or until the puff pastry is golden brown.', 'Serve immediately.', 'Puff pastry is made up of very thin layers of dough with butter between each layer.', 'The steam caused by the moisture in the butter separates and puffs the layers as it bakes.', 'I thought about making puff pastry from scratch once, but quickly changed my mind.', 'The first recipe I looked at said it took 3 days and they got worse from there.', 'Fortunately, the frozen version is readily available and works great.']","[""potatoes"", ""salt"", ""vegetable bouillon cube"", ""pastry"", ""onion"", ""mushrooms"", ""water"", ""flour"", ""poultry seasoning"", ""carrots"", ""milk"", ""frozen peas""]",www.epicurious.com/recipes/food/views/vegetable-pot-pie-383111,main,2355.5,4.0,4.0,"The recipe yields 2 quarts of filling which is typically enough for 4 servings. The ingredients list includes vegetables and a pastry base, suggesting a portion size suitable for 4 people.",588.9,True,356.5,93.3,114.2,60.0,2207197.0,False,True,True,True,True,True,False,True,True,True,True,True,True,True,True,True,False,True,True
Vegetable Pot Pie,"['14.0 g honey', '89.1 g white wine', '160.8 g onion', '120.0 g thinly celery', '110.4 g red bell pepper', '85.3 g thinly carrot', '66.7 g green beans', '48.3 g peas', '44.0 g wheat flour', '247.2 g skim milk', '440.0 g vegetable stock', '2.0 g parsley', '5.5 g low-sodium soy sauce', '0.1 g thyme', '0.2 g sage', '0.6 g freshly black pepper', '0.6 g cayenne pepper', '201.3 g wheat pastry flour', '3.0 g salt', '8.9 g baking powder', '5.4 g baking soda', '26.9 g margarine', '185.4 g soy milk']","['Coat an 8-inch casserole dish with vegetable cooking spray.', 'Preheat oven to 400 degrees.', 'In heavy saucepan, heat wine or stock over medium-high heat.', 'Add onion and cook, stirring often, until soft, about 3 minutes.', 'Add celery, bell pepper, carrot, green beans and peas.', 'If mixture begins to dry out, add 1/4 cup more wine or vegetable stock.', 'Cook, stirring often, 3 minutes.', 'Reduce heat to low.', 'Sprinkle flour over vegetable mixture.', 'Cook, stirring constantly, 2 minutes.', 'In glass measuring cup, combine milk or soy milk and 2 cups vegetable stock.', 'Slowly add to vegetable mixture while whisking constantly.', 'Sauce will start to thicken.', 'Add parsley, salt or soy sauce, thyme, sage, pepper and cayenne.', 'Cook, stirring constantly, until filling is thickened.', 'Remove from heat, transfer mixture to prepared casserole and set aside.', 'Biscuit topping: In large bowl, mix flour, salt, baking powder and baking soda.', 'Using a pastry blender or fork, cut butter or margarine into flour mixture until it resembles coarse meal.', 'In measuring cup, combine buttermilk or soy milk and honey.', 'Add liquid to flour mixture, stirring with a fork to form a stiff dough.', 'Add more buttermilk if dough is too dry.', 'Knead lightly in bowl, 3 to 5 minutes, until dough is no longer sticky.', 'Turn dough out onto lightly floured surface.', 'Roll out into shape to cover casserole dish or cut into wedges.', 'Lay biscuit topping lightly over filling.', 'Bake until crust is golden brown and filling is bubbling, 20 to 30 minutes.']","[""buttermilk"", ""freshly ground black pepper"", ""green beans"", ""sage"", ""whole wheat flour"", ""butter"", ""celery"", ""vegetable stock"", ""cayenne pepper"", ""baking soda"", ""onion"", ""thyme"", ""red bell pepper"", ""white wine"", ""milk"", ""carrot"", ""unbleached"", ""honey"", ""salt"", ""baking powder"", ""parsley"", ""frozen peas""]",www.vegetariantimes.com/recipe/vegetable-pot-pie/,main,1754.4,3.0,4.0,The recipe yields 4 servings and it is a typical pot pie recipe which usually serves around 4 people.,584.8,True,366.6,149.7,24.5,60.6,1946924.0,False,True,True,True,True,False,False,True,False,True,True,False,True,True,False,True,False,True,True
Vegetable Pot Pie,"['160.8 g onion', '120.0 g celery', '128.0 g carrot', '6.0 g garlic cloves', '91.0 g broccoli floret', '72.5 g peas', '14.0 g corn', '72.9 g melted butter', '80.4 g all-purpose flour', '194.7 g chicken broth', '252.0 g evaporated milk', '1.5 g poultry seasoning', '0.1 g thyme', '6.0 g salt', '1.1 g pepper', '916.0 g pie crusts']","['Saute onion in butter until translucent.', 'Add celery, carrots, garlic and broccoli and cook until tender (about 10 minutes).', 'Add flour and mix well.', 'Cook stirring constantly for 2 minutes.', 'Gradually add chicken broth and evaporated milk stirring until well blended.', 'Cook over medium heat stirring constantly until thick and bubbly.', 'Stir in peas and corn, poultry seasoning, thyme, salt and pepper, and heat through.', 'Divide into 2 thawed, uncooked pie shells.', 'Cover with the other shells and pinch edges to seal.', 'You can freeze one at this point.', 'Before baking, poke holes through the top with a fork for the steam.', 'Bake at 400 for 1 hour or until crust is golden and filling is bubbly.', 'If frozen, reduce heat to 350, bake for 1 hour and turn up to 400 for 15 more minutes to brown crust.']","[""frozen corn"", ""milk"", ""salt"", ""pepper"", ""frozen pie crusts"", ""onion"", ""all-purpose"", ""celery"", ""poultry seasoning"", ""thyme"", ""chicken broth"", ""carrot"", ""broccoli floret"", ""garlic"", ""butter"", ""frozen peas""]",www.food.com/recipe/vegetable-pot-pie-223607,main,6491.5,11.0,4.0,Vegetable pot pie recipe serves 4 people as indicated by the number of pie crusts and the directions suggest a portion size suitable for 4 servings.,590.1,True,764.4,192.3,17.8,135.9,1129808.0,False,True,True,True,True,True,False,True,False,True,True,True,True,True,True,False,False,False,True
Vegetable Pot Pie,"['60.0 g shallots', '29.7 g all-purpose flour', '309.0 g soy milk', '450.0 g baking potatoes', '900.0 g sweet potatoes', '1.7 g rosemary', '900.0 g spinach', '482.4 g unbleached all-purpose flour', '4.5 g salt', '153.0 g chilled solid vegetable shortening', '81.3 g ice water', '450.0 g parsnips', '27.1 g olive oil', '0.8 g thyme or 1 teaspoon', '12.0 g coarse salt', '450.0 g cremini or button mushrooms', '1.7 g freshly pepper']","['Make pastry crust: In large bowl, mix flour and salt.', 'Cut in shortening with your fingertips until mixture resembles coarse meal.', 'Sprinkle with 3 tablespoons ice water and toss to mix.', 'Add additional ice water, 1 tablespoon at a time, and work in gently until dough just comes together and isnt too crumbly.', 'Gather into ball then knead a few times to blend.', 'Cut off one-quarter of dough.', 'Shape both pieces into a disk, wrap in plastic wrap and chill at least 2 hours or up to 2 days.', 'Preheat oven to 450F.', 'In large bowl, combine parsnips, 1 teaspoon oil, thyme and 1/4 teaspoon salt and mix well.', 'Transfer to baking sheet with sides and roast 10 minutes.', 'In same bowl, combine mushrooms, 2 teaspoons oil, 1/2 teaspoon salt and 1/4 teaspoon pepper and mix well.', 'Add to baking sheet with parsnips and roast 8 to 10 minutes.', 'Remove from oven and set aside.', 'In large pot, combine half the spinach and 1 cup water.', 'Cover, bring to a boil and cook until wilted, about 2 minutes.', 'Remove spinach to colander with tongs, rinse under cold running water and squeeze out as much moisture as possible.', 'Repeat with remaining spinach.', 'Coarsely chop spinach and set aside.', 'In large saucepan, heat remaining 1 tablespoon oil over medium heat.', 'Add shallots and cook, stirring often, until softened, about 5 minutes.', 'Add flour and cook, stirring, 2 minutes.', 'Gradually whisk in warmed soy milk a bit at a time, letting sauce thicken before adding more milk.', 'When all soy milk is added, reduce heat to medium-low and cook, whisking often, 1 to 2 minutes.', 'Stir in spinach, 1/2 teaspoon salt and 1/4 teaspoon pepper.', 'Remove pan from heat and allow to cool.', 'Coat a 4-quart oval or rectangular casserole with vegetable cooking spray.', 'Cut baking potatoes into 1/8-inch-thick slices and place in bowl.', 'Add cold water to cover and let stand 5 minutes.', 'Meanwhile, peel and cut sweet potatoes into 1/8-inch-thick slices.', 'Drain baking potatoes and arrange slices, overlapping, in bottom of prepared casserole.', 'Sprinkle with rosemary and 1/2 teaspoon salt.', 'Arrange sweet potato slices on top, overlapping.', 'Sprinkle with remaining 1/4 teaspoon salt and 1/4 teaspoon black pepper.', 'Spread spinach mixture evenly over sweet potatoes, then top with parsnips and mushrooms.', 'Preheat oven to 400F.', 'On lightly floured surface, roll out larger piece of dough 3 inches larger than shape of casserole.', 'Place dough on top of filling; roll edges under and crimp onto lip of casserole.', 'Roll out remaining piece of dough and, with cookie cutters and pastry wheel or knife, cut out leaves.', 'With pastry brush, lightly brush top of pie with water, then add pastry leaf decorations.', 'Cut several vents in top crust for steam to escape.', 'Place pot pie on baking sheet and bake until crust is nicely golden and filling is steaming hot, about 1 hour.', 'Let stand 15 minutes before serving.']","[""spinach"", ""coarse salt"", ""soy milk"", ""parsnips"", ""freshly ground pepper"", ""water"", ""rosemary"", ""flour"", ""thyme"", ""shallots"", ""vegetable shortening"", ""sweet potatoes"", ""cremini"", ""baking potatoes"", ""olive oil"", ""salt""]",www.vegetariantimes.com/recipe/vegetable-pot-pie-3/,main,5459.7,9.0,4.0,The recipe yields 4 servings and it includes a variety of vegetables and starches that are typically appropriate for a main course portion size.,606.6,True,968.0,245.4,164.6,139.1,1757980.0,False,True,True,True,True,False,False,True,True,True,True,True,True,True,True,True,False,True,True
Vegetable Pot Pie,"['156.0 g chunked potato', '64.0 g carrot', '30.0 g celery', '72.5 g peas', '59.5 g mushrooms', '80.4 g onion', '118.5 g tofu', '476.0 g mushroom gravy', '44.0 g recipe for pie dough', '25.0 g parmesan cheese', '0.3 g marjoram', '0.7 g sage', '0.1 g thyme', '1.5 g salt pepper']","['Heat 1/4 c. olive oil in skillet and saute first six ingredients over medium high heat till onions are translucent. Add tofu and herbs and cook for 2 minutes more.', 'Add salt, pepper and parmesan cheese.', 'Place vegetable mixture in deep dish pie plate and add gravy till it reaches top of veggie mixture.', 'Cover with the rolled pie dough and prick crust with a fork.', 'Bake at 350° for 35-45 minutes or until golden brown.']","[""peas"", ""potato"", ""marjoram"", ""parmesan cheese"", ""mushrooms"", ""onion"", ""tofu"", ""celery"", ""mushroom gravy"", ""thyme"", ""sage"", ""carrot"", ""salt""]",www.cookbooks.com/Recipe-Details.aspx?id=802306,main,814.4,1.0,4.0,"Vegetable mixture combined with gravy and covered with pie dough suggests a single serving per pie, hence 4 servings.",814.4,True,122.0,34.4,53.6,46.1,830399.0,True,True,True,True,True,False,False,True,False,True,True,True,True,True,True,True,False,True,True
Cheese-Potato Casserole,"['900.0 g hash browns', '226.8 g french onion dip', '425.2 g cheez whiz', '226.8 g sour cream', '305.0 g cream of chicken soup', '163.8 g melted margarine', '56.0 g corn flakes', '80.8 g melted margarine']","['Mix first 7 ingredients and pour in greased casserole dish and top with crushed corn flakes and melted margarine.', 'Bake at 350° for 45 minutes to 1 hour.']","[""cream of chicken soup"", ""sour cream"", ""pepper"", ""onion"", ""corn flakes"", ""margarine"", ""hash browns""]",www.cookbooks.com/Recipe-Details.aspx?id=817589,main,6330.2,11.0,6.0,"The recipe uses substantial amounts of ingredients typically associated with a main course, such as hash browns, French onion dip, Cheez Whiz, and cream of chicken soup, suggesting it serves around 6 to 8 people.",575.5,True,461.6,65.3,35.4,96.6,681148.0,False,True,True,True,True,True,False,True,True,True,True,True,True,True,True,False,False,False,True
Cheese-Potato Casserole,"['900.0 g hash browns', '1204.0 g cream of potato soup', '453.6 g sour cream', '453.6 g shredded cheddar cheese', '6.0 g salt', '0.6 g pepper']","['In a large bowl, combine all ingredients, except 1/2 of the cheese; mix well and put in a buttered 9 x 13-inch casserole.', 'Top with remaining cheese.', 'Bake at 350° for 1 hour and 15 minutes. Serves 8 to 10.']","[""sour cream"", ""pepper"", ""cheddar cheese"", ""cream of potato soup"", ""frozen hash browns"", ""salt""]",www.cookbooks.com/Recipe-Details.aspx?id=781770,main,6012.4,8.0,8.0,directions suggest this kind of pan which is fitting for a 3 servings recipe,751.6,False,539.7,37.9,195.1,169.7,55153.0,True,True,True,True,True,True,False,True,True,True,True,True,True,True,True,True,False,True,True
Cheese-Potato Casserole,"['2990.0 g potatoes', '225.0 g velveeta cheese', '75.0 g slices bread', '110.0 g onion', '119.0 g green pepper', '247.2 g milk', '218.4 g oleo']","['Cook potatoes (unpeeled) and cool.', 'Skin and dice.', 'Pour melted oleo over potatoes.', 'Mix in other ingredients.', 'Let stand overnight in refrigerator.', 'Bake at 350° for 45 to 60 minutes. Mix occasionally and add more milk if needed.']","[""potatoes"", ""oleo"", ""bread"", ""red pimento"", ""onion"", ""handful"", ""cheese"", ""milk"", ""green pepper"", ""salt""]",www.cookbooks.com/Recipe-Details.aspx?id=555684,main,4948.3,8.0,4.0,"The recipe involves cooking potatoes and mixing them with various ingredients overnight, then baking them. Given the quantities of ingredients and the preparation time, it seems suitable for 4 servings.",618.5,True,683.6,180.6,423.4,120.4,222790.0,False,True,True,True,True,True,False,True,True,True,True,True,True,True,True,True,False,True,True
Cheese-Potato Casserole,"['2990.0 g potatoes', '225.0 g velveeta cheese', '75.0 g slices bread', '110.0 g onion', '119.0 g green pepper', '247.2 g milk', '218.4 g oleo']","['Blend all ingredients together in a buttered 9 x 13-inch pan. If desired, sprinkle bread crumbs on top and drizzle 1/4 cup melted butter.', 'Bake at 350° for 1/2 hour, covered, and then bake 1/2 hour, uncovered.']","[""cream of chicken soup"", ""sour cream"", ""pepper"", ""onion"", ""frozen hash browns"", ""longhorn cheese"", ""margarine"", ""salt""]",www.cookbooks.com/Recipe-Details.aspx?id=478720,main,4948.3,8.0,4.0,The recipe calls for 10 large potatoes which is typically enough for 4 servings.,618.5,True,683.6,180.6,423.4,120.4,732724.0,False,True,True,True,True,True,False,True,True,True,True,True,True,True,True,True,False,True,True
Curry Chicken Salad,"['275.0 g mayonnaise', '6.0 g curry powder', '0.2 g ginger', '675.0 g chicken into bite size', '40.0 g rib celery', '75.5 g red grapes halves', '31.7 g almond slivers', '20.3 g raisins']","['In a large bowl combine mayonnaise, curry powder, ground ginger and a pinch of salt and pepper. Stir until combined. Add in chicken, celery, grapes, almonds and raisins and stir to blend with mayonnaise.', 'Chill for 30 minutes.', 'Serve on croissants or alone.', 'Note: Leftover cooked chicken or rotisserie chicken works great. If cooking chicken, simply place 3 chicken breasts (1 1/2 pounds) on a foiled-lined baking sheet. Drizzle with olive oil and a season with salt and pepper. Cook at 350°F for 35-40 minutes until chicken is cooked. Cool and cut chicken.']","[""red grapes"", ""curry"", ""raisins"", ""celery"", ""mayonnaise"", ""ground ginger"", ""almond slivers"", ""chicken"", ""salt""]",tastykitchen.com/recipes/salads/curry-chicken-salad-4/,main,3158.2,5.0,3.0,"main point of my reasoning is that the main ingredient, the cooked chicken, is listed as 1 1/2 pounds, which is commonly associated with serving 3 to 4 people.",631.6,True,36.0,14.0,5.9,122.3,1570501.0,True,True,False,True,True,True,True,False,False,True,True,True,True,True,True,True,False,False,True
Curry Chicken Salad,"['4.5 g vegetable oil', '3.0 g curry powder', '60.3 g sour cream', '72.2 g salad dressing', '60.5 g lime juice', '81.0 g granulated sugar', '0.8 g salt', '0.3 g black pepper', '478.3 g chicken', '90.0 g celery', '113.3 g red grapes', '23.8 g slivered almonds']","['Heat oil in auscepan and add curry.', 'Cook about 2 minutes, stirring constantly until fragrant.', 'Remove from heat.', 'In large bowl, combine sour cream, Miracle Whip, lime juice, sugar, salt, pepper, and curry mix.', 'Stir until well-blended.', 'Add chicken, celery, grapes, and almonds to bowl.', 'Top with coconut just before serving, if desired.', ""Delicious served with King's Hawaiian Sweet Bread or Rolls.""]","[""sour cream"", ""sugar"", ""slivered almonds"", ""black pepper"", ""curry powder"", ""red grapes"", ""celery"", ""lime juice"", ""chicken"", ""salad dressing"", ""vegetable oil"", ""flaked coconut"", ""salt""]",www.food.com/recipe/curry-chicken-salad-128567,main,1704.3,3.0,3.0,"main point of my reasoning is that the main ingredient, the cooked chicken, is listed as 1 1/2 pounds, which is commonly associated with serving 3 to 4 people.",568.1,True,135.4,119.1,7.3,92.5,1897893.0,True,True,True,True,True,True,False,False,False,True,True,True,True,True,True,False,False,False,True
Curry Chicken Salad,"['112.0 g chicken breasts', '85.0 g spring greens', '56.0 g romaine lettuce', '64.0 g juillienned carrot', '60.0 g celery', '50.0 g scallion', '100.0 g green apple', '60.0 g macadaima nuts', '55.0 g cranberries']","['grill marinated chicken breast and slice.', 'plate: spring mix and romaine.', 'add: carrots, celery, scallions, apple slices, dried cranberries.', 'top with sliced chicken.', 'drizzle with curry dressing.', 'sprinkle with crushed macadaima nuts.']","[""green apple"", ""macadaima nuts"", ""chicken breasts"", ""romaine lettuce"", ""cranberries"", ""scallion"", ""spring greens"", ""celery"", ""carrot""]",www.food.com/recipe/curry-chicken-salad-419879,main,635.4,1.0,1.0,"The recipe uses chicken breasts, which are generally sized for one person serving.",635.4,True,58.0,25.2,12.2,32.3,2097709.0,True,True,True,True,True,True,True,True,False,True,True,True,True,True,True,True,False,False,True
Curry Chicken Salad,"['150.0 g eggs', '160.0 g stalks celery', '40.2 g green onions', '13.2 g dill pickle relish', '3.0 g curry powder', '27.1 g mayonnaise']","['Place eggs in a saucepan and cover completely with cold water.', 'Bring water to a boil.', 'Cover, remove from heat, and let eggs stand in hot water for 10 to 12 minutes.', 'Remove from hot water, cool, peel and chop.', 'In a large bowl, combine the chicken, celery, eggs, green onions, dill relish, curry and mayonnaise.', 'Stir together until mixed well.', 'Refrigerate until chilled.']","[""curry powder"", ""green onions"", ""eggs"", ""stalks celery"", ""dill pickle"", ""chicken meat"", ""mayonnaise""]",allrecipes.com/recipe/curry-chicken-salad-2/,main,472.2,1.0,1.0,"The recipe includes multiple ingredients such as cooked chicken, eggs, and vegetables, which are generally indicative of a larger serving size.",472.2,True,16.6,4.9,5.3,74.3,2117312.0,True,True,False,True,True,True,True,True,False,True,True,True,True,True,True,True,False,True,True
Curry Chicken Salad,"['200.0 g apple', '13.6 g mayonnaise', '31.4 g yogurt', '4.5 g stone mustard', '358.7 g chicken', '30.0 g celery', '1.0 g cilantro', '7.4 g celery leaves', '27.2 g pecans', '4.0 g cumin seed', '3.3 g coriander seeds', '0.5 g cardamom seeds', '3.0 g stick cinnamon', '4.5 g yellow mustard seeds', '0.3 g cloves', '1.5 g turmeric']","[""Quarter, core and coarsely chop the apple. (Don't peel it.) Toss it with the lime juice."", 'Add the mayonnaise, yogurt, mustard, salt, curry powder and grated fresh ginger, if using. Stir well to combine.', 'Add the chicken, the celery and the chopped herbs. Toss lightly.', 'Test for salt and add more, if necessary. Add pepper to taste and toss again.', ""Before eating, add the nuts and toss one more time. If taking this for lunch later, put the nuts on top, then mix them in before eating, if you want them to remain as crisp as possible. (They'll get a bit soggy if they sit in the dressing for more than hour or two.)"", 'Enjoy!! ;o)', ""N.B. I've indicated that the fresh ginger is optional because it actually adds a bit of heat, which some people like, but others really don't. Add it or not, to taste."", 'About the mustard: I like to use my own Apple Mustard, or pear Mostarda Mantovana (which I make often during pear season!) in this salad.', 'Toast the cumin, coriander and cardamom lightly in a small skillet just until fragrant, shaking the pan frequently. The minute they seem to be turning a darker color, remove all of the seeds right away, lest they burn.', 'Break the cinnamon stick into about five or six pieces. Very lightly toast it in the skillet, for no more than a minute or so on medium heat.', 'Grind the toasted seeds, the cinnamon stick, the mustard seeds and the cloves to a fine powder. \r\n(Check the grinder once or twice to dislodge any cinnamon pieces that may have stuck to the blade.)', 'Put into a jar and add the turmeric and the cayenne, if using. Put on the lid and shake well to combine. Use within a few weeks.']","[""curry powder"", ""\u00bc"", ""cloves"", ""lime"", ""chicken salad"", ""ground cayenne"", ""ginger"", ""yellow mustard seeds"", ""cinnamon"", ""curry"", ""celery"", ""cumin"", ""cilantro"", ""freshly ground pepper"", ""coriander seeds"", ""turmeric"", ""ground mustard"", ""chicken"", ""salt"", ""plain yogurt"", ""apple"", ""mayonnaise""]",food52.com/recipes/6927-curry-chicken-salad,main,1042.0,2.0,4.0,"The recipe serves 4 people based on the quantity of ingredients and the serving suggestions in the directions. The main ingredients such as the chicken salad, apple, and the quantities of other ingredients suggest a portion size suitable for 4 servings.",521.0,True,45.0,28.5,11.6,68.9,1406180.0,True,True,False,True,True,True,False,False,False,False,True,True,True,True,True,False,False,False,True
Curry Chicken Salad,"['5.1 g lemon juice', '711.1 g chicken breast', '90.0 g thinly celery', '41.2 g raisins', '73.3 g low-fat mayonnaise', '80.8 g fat-free sour cream', '6.0 g chives', '8.9 g sugar', '1.0 g curry powder', '1.5 g salt', '11.7 g slivered almonds']","['Combine apple and lemon juice in a large bowl; toss well to coat apple.', 'Add chicken, celery, and raisins; toss well.', 'Combine mayonnaise and next 5 ingredients in a small bowl; pour over chicken mixture, and toss well.', 'Sprinkle with chopped almonds.', ""Cover and chill at least 1 hour. Note: If you don't have 3 cups of leftover chicken, cook 1 pound of skinned, boned chicken breast halves on a baking sheet in the oven at 450° for 12 to 14 minutes or until the juices run clear."", 'Toast the almonds on the same baking sheet during the last 3 minutes of cooking.']","[""low-fat mayonnaise"", ""apple"", ""sour cream"", ""sugar"", ""slivered almonds"", ""salt"", ""lemon juice"", ""curry powder"", ""raisins"", ""celery"", ""chicken breast"", ""fresh chives""]",www.myrecipes.com/recipe/curry-chicken-salad,main,1855.1,3.0,3.0,"The main ingredient, 3 cups of cooked chicken breast, is typically sufficient for 3 to 4 servings.",618.4,True,64.5,17.1,6.4,111.0,1454204.0,True,True,False,True,True,True,False,False,False,True,True,True,True,True,True,False,False,False,True
Curry Chicken Salad,"['717.5 g chicken', '612.0 g rice', '120.0 g thinly celery', '181.8 g dairy sour cream', '110.0 g mayonnaise', '7.6 g lemon juice', '6.0 g salt', '2.0 g curry powder', '0.6 g pepper', '69.5 g green pepper']","['Toss together chicken, rice and celery in large bowl.', 'Blend remaining ingredients.', 'Stir into chicken mixture.', 'Serve on shredded lettuce and garnish with black olives.', 'Yields 6 servings.']","[""sour cream"", ""pepper"", ""lemon juice"", ""curry powder"", ""celery"", ""mayonnaise"", ""rice"", ""chicken"", ""green pepper"", ""salt""]",www.cookbooks.com/Recipe-Details.aspx?id=192441,main,4405.7,6.0,6.0,directions explicitly state 'Yields 6 servings' so there is no need to estimate,734.3,False,476.5,24.0,42.3,222.0,183149.0,True,True,False,True,True,True,False,True,False,True,True,True,True,True,True,False,False,False,True
Curry Chicken Salad,"['358.7 g chicken', '100.0 g hard-boiled eggs', '60.0 g celery', '121.7 g pickle', '9.9 g onion', '110.0 g mayonnaise', '4.4 g sugar', '1.5 g salt', '0.6 g pepper']","['Hard boil eggs, then chop. (I put eggs in a pan in cold water, bring to boil, remove from heat, cover, let stand 17 minutes, drain water, cover with cold water and ice for 5 minutes, then peel).', ""While eggs are cooking, dice chicken, celery, pickle and onion (finely for hors d'oeuvres, coarsely for sandwiches or salads)."", 'Mix chicken, celery, onion, pickle, and eggs in medium sized bowl.', 'Add mayonnaise, and mix together adding sugar, salt, and pepper to your taste.', ""Serve on bed of lettuce for salad, on toast for sandwiches, or stuff puffs for hors d'oeuvres. Part of prep time is during cooking of the eggs.""]","[""sugar"", ""pepper"", ""curry powder"", ""pickle"", ""eggs"", ""onion"", ""celery"", ""mayonnaise"", ""chicken"", ""salt""]",www.food.com/recipe/curry-chicken-salad-207901,main,2336.0,4.0,1.0,"The recipe uses quantities of ingredients that are generally appropriate for a single serving, such as 1 1/2 cups of diced cooked chicken, 2 hard-boiled eggs, and 1/2 cup of finely chopped pickle. This aligns with the typical portion sizes for a single meal.",584.0,True,50.2,6.2,5.2,64.8,1031888.0,True,True,False,True,True,True,True,True,False,True,True,True,True,True,True,True,False,False,True
Japanese Fried Rice,"['220.8 g uncooked long grain parboiled rice', '100.0 g eggs', '145.0 g peas', '15.8 g carrots', '55.0 g c onion', '20.2 g butter', '33.1 g soy sauce']","['Cook the rice following the instructions on the package. This should take about 20 minutes. Pour the rice into a large bowl to let it cool.', 'Scramble the eggs in a small pam over medium heat. Chop scramble chunks of egg into small pea-size bits with your spatula while cooking.', 'When the rice has cooled. add the peas, carrots, eggs, and onion to the bowl, Carefully toss all of the ingredients together.', 'Melt the butter in a large frying pan over medium/high heat.']","[""salt"", ""soy sauce"", ""eggs"", ""long grain"", ""onion"", ""carrots"", ""butter"", ""frozen peas""]",www.cookbooks.com/Recipe-Details.aspx?id=39014,main,1257.3,2.0,4.0,Japanese fried rice recipe suggests serving 4 servings and the ingredients quantity seems appropriate for that amount.,628.6,True,195.9,18.0,23.6,92.7,225981.0,True,True,False,True,True,False,False,True,True,True,True,True,True,True,True,True,False,True,True
Japanese Fried Rice,"['27.2 g neutral oil', '6.0 g cloves garlic', '61.0 g carrot', '112.5 g chicken breast', '612.0 g japanese rice', '145.0 g green peas', '33.1 g soy sauce', '0.6 g freshly pepper', '1.5 g kosher salt', '100.0 g eggs']","['In a pan over medium heat, add oil, garlic and cook for 1 minute.', 'Add chopped carrots and cook for 2 minutes. Add chicken and cook for 2-3 minutes, until the chicken is cooked through.', 'Add rice and peas and mix well.', 'Add soy sauce, tonkatsu sauce, black pepper and salt, and mix well.', 'Push the rice to one side and break the eggs on the clear side.', 'Slowly scramble the eggs and incorporate with the rice']","[""tonkatsu sauce"", ""soy sauce"", ""eggs"", ""\u00bc"", ""neutral oil"", ""carrot"", ""garlic""]",tastykitchen.com/recipes/sidedishes/japanese-fried-rice/,main,2938.5,5.0,4.0,"The recipe involves cooking ingredients such as chicken breast, rice, and vegetables, which are typically portioned for 4 servings. The process includes mixing all the ingredients together, suggesting a single serving size rather than multiple smaller portions.",587.7,True,492.5,28.1,48.5,166.7,1572054.0,True,True,False,True,True,False,True,True,True,True,True,True,True,True,True,True,False,False,True
Japanese Fried Rice,"['908.0 g head cabbage', '450.0 g lean bacon', '480.0 g ham', '605.0 g green onions', '450.0 g rice']","['Chop bacon in small pieces.', 'Cook in large pan or skillet. Drain excess grease and save.', 'Cook bacon, but not crisp.', 'Chop ham into small pieces.', ""Chop green onion tops into small pieces. Add to bacon that's already cooked.""]","[""lean bacon"", ""soy sauce"", ""green onions"", ""ham"", ""head cabbage"", ""rice"", ""salt""]",www.cookbooks.com/Recipe-Details.aspx?id=346461,main,5242.0,9.0,4.0,The recipe includes 1 lb. of rice which is typically sufficient for 4-6 servings.,582.4,True,446.2,91.5,60.9,225.3,532859.0,True,True,True,True,True,True,True,True,True,True,True,True,True,True,False,False,False,False,False
Japanese Fried Rice,"['408.0 g rice', '225.0 g bacon', '100.0 g stalks celery', '74.0 g green pepper', '110.0 g green onions', '447.0 g mushrooms']","['Chop bacon fine and fry until crisp in a heavy skillet.', 'Add green onions (save some green tops).', 'Add celery and green pepper. Stir until somewhat soft.', 'Stir this mixture with rice, adding soy sauce, salt, pepper and Accent to taste.', 'After well stirred, add mushrooms (drained) and green onion tops.', 'Serves 8.']","[""bacon"", ""soy sauce"", ""green onions"", ""accent"", ""mushrooms"", ""celery"", ""rice"", ""green pepper"", ""salt""]",www.cookbooks.com/Recipe-Details.aspx?id=486129,main,2883.3,8.0,8.0,directions explicitly state 'Serves 8',360.4,False,352.9,22.2,47.0,99.9,561494.0,True,True,True,True,True,True,True,True,False,True,True,True,True,True,False,False,False,False,False
Mediterranean Wrap,"['110.0 g red onion', '196.0 g zucchini', '50.0 g eggplant', '112.5 g mushrooms', '119.0 g red bell pepper', '13.6 g olive oil', '196.0 g grain tortillas', '32.0 g goat cheese', '21.5 g basil pesto', '200.0 g avocado']","['Place the onion, zucchini, eggplant, mushrooms, and bell pepper into a large container with a tight fitting lid.', 'Drizzle the olive oil over the vegetables and season with salt and pepper.', 'Close the lid and shake to coat.', 'Heat a grill pan or skillet over medium heat.', 'Place the seasoned vegetables on the preheated pan, stir and cook until tender, about 10 minutes.', 'Spread each tortilla with 1 tablespoon goat cheese and 1 tablespoon pesto.', 'Divide the sliced avocado among the tortillas and top with the mixed veggies.', 'Fold in the bottom of each tortilla and roll each up into a snug wrap.']","[""goat cheese"", ""mushrooms"", ""basil pesto"", ""avocado"", ""red bell pepper"", ""eggplant"", ""olive oil"", ""red onion"", ""grain tortillas"", ""zucchini"", ""salt""]",www.allrecipes.com/recipe/213038/mediterranean-wrap/,main,1399.9,2.0,2.0,"The recipe includes a variety of vegetables and toppings that can be shared among multiple servings, suggesting a portion size suitable for 2-3 individuals.",700.0,True,145.5,20.5,29.8,60.6,943852.0,False,True,True,True,True,True,False,True,True,True,True,True,True,True,True,True,False,True,True
Mediterranean Wrap,"['392.0 g zucchini', '9.1 g olive oil', '0.8 g salt', '0.1 g pepper', '246.0 g hummus', '226.8 g wheat tortillas', '60.0 g pine nuts', '364.0 g tomatoes', '60.0 g baby spinach leaves', '80.4 g red onion', '13.0 g mint leaves']","['Preheat the broiler.', 'Discard the outermost slices of zucchini and brush the rest with oil; dust with salt and pepper.', 'Place on a baking sheet and broil about 3 inches from heat for 5 minutes on each side, or until tender and slightly browned.', 'Spread 1/4 cup hummus on each wrap and sprinkle with 1 tablespoon pine nuts.', 'Top with a few slices of tomato and zucchini, 1/2 cup spinach, a few sliced onions, and 1 tablespoon mint.', 'Roll up and cut in half on a diagonal.']","[""fresh ground pepper"", ""zucchini"", ""tomatoes"", ""baby spinach"", ""mint"", ""nuts"", ""whole wheat tortillas"", ""red onion"", ""olive oil"", ""salt""]",www.food.com/recipe/mediterranean-wrap-345176,main,1876.4,3.0,2.0,"The recipe includes a variety of vegetables and toppings that can be shared among multiple servings, suggesting a portion size suitable for 2-3 individuals.",625.5,True,205.1,36.5,35.5,59.7,1723976.0,False,True,True,True,True,True,True,True,True,True,True,True,True,True,True,True,True,True,True
Mediterranean Wrap,"['14.9 g 1/3-less fat cream cheese', '123.0 g spinach or tomato-basil wrap', '22.5 g baby spinach', '50.0 g avocado', '50.0 g feta cheese', '61.0 g tomato', '16.6 g black olives', '6.6 g basil', '14.6 g wine vinaigrette']","['Spread cream cheese over 1 side of wrap. Top with chopped spinach and remaining ingredients.', 'Roll up wrap tightly. Cut diagonally in half.', ""Note: For testing purposes only, we used Brianna's Blush Wine Vinaigrette.""]","[""tomato"", ""baby spinach"", ""cream cheese"", ""feta cheese"", ""black olives"", ""wine vinaigrette"", ""tomato-basil"", ""fresh basil"", ""avocado""]",www.myrecipes.com/recipe/mediterranean-wrap,main,341.0,1.0,2.0,"The recipe uses one wrap and its ingredients are relatively small portions, suggesting it's meant for 2 servings.",341.0,True,16.8,3.4,7.7,14.1,1468171.0,True,True,True,True,True,True,False,True,True,True,True,False,True,True,False,True,False,True,True
Mediterranean Wrap,"['337.5 g green beans', '196.0 g whole-grain tortillas', '113.4 g garlic-and-herb goat cheese', '84.0 g chunky artichoke spread', '246.0 g tomatoes']","['Steam green beans 8 minutes in steamer until crisp-tender.', 'Plunge into cold water, then drain, and pat dry.', 'Spread each tortilla with 2 Tbs.', 'goat cheese and 2 Tbs.', 'artichoke spread, leaving 1 inch edge on sides.', 'Top with one-quarter tomato slices.', 'Place 6 or 7 green beans in a tight bunch on top third of tortilla, then tightly roll tortilla like a burrito, folding in sides.', 'Wrap in wax paper or foil until ready to serve.']","[""tomatoes"", ""chunky artichoke"", ""green beans"", ""tortillas"", ""garlic""]",www.vegetariantimes.com/recipe/mediterranean-wrap/,main,1300.7,2.0,2.0,"The recipe uses one wrap and its ingredients are relatively small portions, suggesting it's meant for 2 servings.",650.4,True,141.2,28.0,23.5,61.8,2217808.0,False,True,True,True,True,True,False,True,True,True,True,True,True,True,True,True,False,True,True
Salmon Croquettes,"['337.5 g baking potatoes', '439.4 g salmon', '50.0 g green onion', '50.0 g egg', '1.0 g parsley', '1.0 g ginger', '59.5 g all-purpose flour']","['Cook potatoes in boiling water to cover in medium-size saucepan for 8 to 10 minutes or until fork-tender.', 'Drain. Transfer potatoes to medium-size bowl.', 'Mash until smooth.', 'Add salmon, green onion, egg, parsley and ginger.', 'Stir to mix well. Shape salmon mixture into 8 equal size oval logs, using about 1/3 cup for each.', 'Spoon flour onto wax paper. Roll croquettes in flour to coat.', 'Pour oil into medium-size skillet to depth of 1/2-inch.', 'Heat oil to hot, but not smoking.', 'Working in batches, fry croquettes, turning occasionally, until golden and crusty on all sides.']","[""egg"", ""salmon"", ""green onion"", ""flour"", ""vegetable oil"", ""parsley"", ""ground ginger"", ""baking potatoes""]",www.cookbooks.com/Recipe-Details.aspx?id=506058,main,1171.4,2.0,2.0,"The recipe uses one wrap and its ingredients are relatively small portions, suggesting it's meant for 2 servings.",585.7,True,103.9,3.8,49.5,138.7,628129.0,False,True,False,False,True,True,True,True,True,True,True,True,True,True,True,True,False,False,True
Salmon Croquettes,"['198.4 g can salmon', '229.0 g hot mashed potatoes', '30.9 g milk', '100.0 g beaten eggs']","['Combine all ingredients.', 'Shape into patties and fry in butter or margarine.', 'May be made ahead and frozen until needed.']","[""salmon"", ""eggs"", ""hot mashed potatoes"", ""milk"", ""salt""]",www.cookbooks.com/Recipe-Details.aspx?id=588331,main,678.5,1.0,2.0,"The main ingredient, 7 oz. can of salmon, is substantial and suggests a portion size suitable for 2-3 servings.",678.5,True,71.1,29.9,3.9,100.8,270028.0,True,True,False,False,True,True,False,True,True,True,True,True,True,True,True,True,False,False,True
Salmon Croquettes,"['107.8 g butter', '10.6 g flour', '110.0 g onion', '247.2 g milk', '315.0 g salmon', '50.0 g egg']","['Brown onion in butter until clear.', 'Add enough flour to thicken.', 'Stir in all of the salmon juice and milk.', 'When this thickens, add mashed salmon and lemon juice.', 'Mix well.', 'Chill for 3 to 5 hours.', 'When thoroughly chilled, shape into croquettes. Dip in beaten egg and roll in crumbs.', 'Fry in hot oil until tender.', 'Serves 4.']","[""egg"", ""salmon"", ""onion"", ""flour"", ""cracker crumbs"", ""milk"", ""lemon"", ""butter""]",www.cookbooks.com/Recipe-Details.aspx?id=172980,main,1518.4,4.0,2.0,directions suggest serving 4,379.6,False,153.3,139.7,2.2,119.7,303709.0,False,True,False,False,True,True,False,True,True,True,True,True,True,True,True,True,False,False,True
Salmon Croquettes,"['27.2 g corn oil', '14.2 g flour', '0.3 g pepper', '24.3 g chicken broth', '61.8 g skim milk', '450.0 g salmon', '9.9 g onion', '6.7 g fine dry bread crumbs', '120.0 g egg substitute', '0.3 g parsley']","['Make cream sauce with oleo, flour, pepper, broth, and milk. Blend in salmon, onion, and parsley.', 'Refrigerate 1 hour.', 'Shape into eight cones or cylinders.', 'Roll in crumbs.', 'Dip in egg substitute.', 'Roll again in crumbs.', 'Refrigerate another hour.', 'Fry in deep hot 374° corn oil until brown.', 'Draining on paper towels. Serve with sauce made with skin milk, such as curry or mushroom.']","[""egg substitute"", ""pepper"", ""salmon"", ""onion"", ""flour"", ""corn oil"", ""chicken broth"", ""parsley"", ""milk"", ""bread crumbs""]",www.cookbooks.com/Recipe-Details.aspx?id=83227,main,878.5,1.0,8.0,"The recipe yields 8 croquettes and serves them with sauce, suggesting that each croquette is meant to be a serving. Given the ingredients and preparation steps, it seems appropriate to estimate that each croquette would serve about 1 person, leading to a total of 8 servings.",878.5,True,31.4,12.4,1.5,125.7,427083.0,False,True,False,False,True,True,False,True,True,True,True,True,True,True,True,False,False,False,True
Salmon Croquettes,"['315.0 g salmon', '237.1 g potato chips', '33.6 g cheddar cheese', '61.2 g chili sauce', '12.3 g green onion', '50.0 g egg', '54.7 g butter']","['Mix all ingredients together except butter.', 'Make into patties and then brush with butter.', 'Place on cookie sheet.', 'Broil 3 inches from flame with oven door open for about 6 to 10 minutes. Watch carefully for they brown quickly.', 'It is not necessary to turn.', 'Yields 6 depending on size of patties.']","[""egg"", ""chili sauce"", ""salmon"", ""cheddar cheese"", ""green onion"", ""potato chips"", ""butter""]",www.cookbooks.com/Recipe-Details.aspx?id=234117,main,2341.9,6.0,6.0,directions suggest this kind of pan which is fitting for a 6 servings recipe,390.3,False,136.0,4.1,7.6,117.1,766910.0,True,True,False,False,True,True,False,True,True,True,True,True,True,True,True,True,False,False,True
Salmon Croquettes,"['100.0 g eggs', '291.0 g saltine crackers', '110.0 g onion', '0.8 g salt', '0.3 g pepper', '104.7 g bacon grease']","['Mix salmon together with eggs, crackers, onion, salt and pepper.', 'Shape into small, thin patties.', 'Fry in hot bacon grease over medium heat until golden brown on both sides.', 'Oil can be mixed with the bacon grease for frying.', 'Drain on paper towels and serve while hot!']","[""bacon"", ""pepper"", ""salmon"", ""eggs"", ""crackers"", ""onion"", ""salt""]",tastykitchen.com/recipes/main-courses/salmon-croquettes-2/,main,1126.5,2.0,4.0,"The recipe uses 16 oz of salmon, which is typically enough for 4 servings. Additionally, the directions mention shaping into small, thin patties, which aligns with serving sizes for 4 people.",563.2,True,11.6,5.2,1.9,49.2,2046316.0,False,True,False,True,True,True,True,True,True,True,True,True,True,True,False,False,False,False,False
Salmon Croquettes,"['450.0 g salmon', '54.0 g soft bread crumbs', '0.8 g onion', '6.0 g salt', '5.5 g cream of mushroom soup']","['Drain about half of the liquid from salmon, then flake salmon.', 'Combine bread crumbs, onion, seasonings, and soup.', 'Stir in salmon, mix well.', 'Chill for 2 hours.', 'Shape mixture into croquettes or patties.', 'Roll in cornmeal.', 'Fry in hot deep oil (vegatable oil) until browned.']","[""pepper"", ""salmon"", ""cream of mushroom soup"", ""onion"", ""cornmeal"", ""bread crumbs"", ""salt""]",online-cookbook.com/goto/cook/rpage/0003E6,main,839.0,1.0,4.0,"The primary reason for estimating 4 to 6 servings is the amount of salmon used, which is typically sufficient for that range of servings.",839.0,True,39.3,3.4,2.5,111.3,2214884.0,False,True,True,False,True,True,False,True,True,True,True,True,True,True,True,True,False,False,True
Pork Roast,"['1350.0 g pork butt roast', '55.0 g envelope onion soup mix', '11.0 g cream of mushroom', '488.0 g carrots', '948.0 g water']","['Brown roast on top of stove.', 'Add everything else except carrots.', 'Place in 325 degree (175 C.) oven for 3 hours.', 'Add carrots and put back in oven for approximately 1 additional hour.', 'Remove from pan and use juice for gravy.']","[""black pepper"", ""onion soup"", ""water"", ""carrots"", ""pork butt roast"", ""garlic"", ""cream of mushroom"", ""salt""]",online-cookbook.com/goto/cook/rpage/000922,main,3781.2,6.0,4.0,"Roast is a main ingredient and the recipe mentions adding everything except carrots, suggesting it's meant for a specific serving size. The roast being 3 lbs and the duration in the oven suggest it's intended for a moderate portion.",630.2,True,52.6,25.5,14.7,233.4,2079350.0,True,True,True,True,True,True,False,True,True,True,True,True,True,True,False,False,False,False,False
Pork Roast,"['2250.0 g pork loin roast', ""41.7 g mott's applesauce"", ""112.3 g grandma's molasses"", '0.5 g ginger', '3.0 g clove garlic']","['Have meat market person loosen backbone of pork loin.', ""Place roast, fat side up, on rack in open roasting pan in center of oven. Roast in 325° oven for 2 to 3 hours or until meat thermometer which has been inserted in center of roast's thickest part (not touching bone) registers 170°."", 'In saucepan, combine applesauce, molasses, ginger and garlic over medium heat.', 'Brush pork every 10 minutes the last 30 minutes of cooking.', 'Serve pork with remaining applesauce.', 'The size of the roast will determine length of cooking time.']","[""grandma's molasses"", ""'s applesauce"", ""clove garlic"", ""ground ginger"", ""pork loin roast""]",www.cookbooks.com/Recipe-Details.aspx?id=1084028,main,6269.8,10.0,4.0,"The main ingredient is a 5 lb pork loin roast, which typically serves around 4-6 people, indicating this recipe is intended for 4 servings.",627.0,True,91.1,89.0,0.9,380.5,195148.0,True,True,True,True,True,True,True,True,True,True,True,True,True,True,False,False,False,False,False
Pork Roast,"['1350.0 g pork loin roast', '16.2 g parsley', '40.2 g onion', '18.0 g garlic cloves', '61.8 g lemon juice', '55.1 g olive oil', '1.0 g oregano', '1.8 g red pepper flakes', '6.0 g salt', '1.1 g black pepper']","['Place pork in self-sealing bag.', 'In blender, pulse parsley, onion and garlic until minced.', 'Add remaining ingredients; process to blend.', 'Add mixture to bag; seal and toss to coat pork.', 'Refrigerate overnight.', 'Preheat oven to 500 degrees.', 'Remove pork from bag; discard marinade.', 'Place pork on wire rack inside roasting pan; bake 15 minutes.', 'Lower oven temperature to 325 degrees; continue cooking until internal meat temperature reaches 155 degrees, about 1 hour.', 'Let stand 10 minutes before slicing.']","[""oregano"", ""black pepper"", ""lemon juice"", ""red pepper"", ""onion"", ""parsley"", ""pork loin roast"", ""garlic"", ""olive oil"", ""salt""]",www.food.com/recipe/pork-roast-53010,main,4111.0,7.0,4.0,"The recipe mentions 'overnight refrigeration' and 'bake 15 minutes', suggesting a single serving size. The roast is large (3 lbs) and the preparation steps indicate it's meant for one main dish.",587.3,True,17.4,3.8,3.1,230.9,1226171.0,True,True,True,True,True,True,True,True,True,True,True,True,True,True,False,False,False,False,False
Pork Roast,"['3600.0 g loin of pork', '168.0 g brown sugar', '18.0 g salt', '6.8 g black pepper', '242.0 g tomatoes', '330.0 g onions', '14.1 g tabasco', '240.0 g catsup', '240.0 g water']","['Rub brown sugar into pork.', 'Place in deep roasting pan. Sprinkle well with salt and pepper.', 'Then add tomatoes, onion, Tabasco, catsup and water to the pan.', 'Baste often with the mixture while baking.', 'Roast in open roasting pan at 300° for 3 1/2 hours or until well done.', 'Serves 8 to 10.']","[""tabasco"", ""loin of pork"", ""tomatoes"", ""black pepper"", ""brown sugar"", ""water"", ""catsup"", ""onions"", ""salt""]",www.cookbooks.com/Recipe-Details.aspx?id=585652,main,5899.1,8.0,3.0,directions suggest this kind of pan which is fitting for a 3 servings recipe,737.4,False,275.3,234.5,11.0,772.5,532339.0,True,True,True,True,True,True,True,True,True,True,True,True,True,True,False,False,False,False,False
Pork Roast,"['900.0 g pork loin roast', '340.2 g beer', '42.0 g honey', '1.6 g garlic', '0.5 g cloves', '1.1 g pepper']","['Trim fat from roast.', 'Place in pan and pierce with a long fork.']","[""beer"", ""pepper"", ""ground cloves"", ""pork loin roast"", ""garlic"", ""honey""]",www.cookbooks.com/Recipe-Details.aspx?id=938214,main,2647.6,4.0,4.0,"The primary ingredient is a 2 lb pork loin roast, which is commonly used for serving 4 to 6 people.",661.9,True,41.7,34.8,0.6,153.3,230412.0,True,True,True,True,True,True,True,True,True,True,True,True,True,True,False,False,False,False,False
Curry Chicken Salad,"['184.3 g water chestnuts', '604.0 g grapes', '240.0 g celery', '481.9 g pineapple', '6.0 g curry powder', '33.1 g soy sauce', '454.4 g miracle whip', '95.0 g slivered almonds']","['Mix all ingredients except Miracle Whip and nuts and refrigerate for 3 hours.', 'Fold in Miracle Whip and nuts before serving.', 'Serves 12.']","[""miracle"", ""curry powder"", ""water chestnuts"", ""soy sauce"", ""celery"", ""grapes"", ""almonds"", ""chicken"", ""pineapple""]",www.cookbooks.com/Recipe-Details.aspx?id=699962,main,1264.9,12.0,12.0,"directions explicitly state 'Serves 12', so there is no need to estimate",105.4,False,296.6,218.4,37.4,33.5,679413.0,True,True,True,True,True,False,True,False,False,True,True,True,True,True,True,True,False,False,True
