Question,Reference Answers,RAG Model Name,Provided Answer,Correctness,Judge 1 Model Name,Judge 1 Numeric Score,Judge 1 Explanation,Judge 2 Model Name,Judge 2 Numeric Score,Judge 2 Explanation,Judge 3 Model Name,Judge 3 Numeric Score,Judge 3 Explanation,Human Numeric Score,Human Explanation
What are the directions of Carbonara?,"[""Reference 1: The directions of Carbonara are: Stir-fry sausage and ham until lightly brown.; Remove from wok.; Have all ingredients ready and measured. Add hot spaghetti to meat with butter and parsley.; Mix well.; At once, pour in eggs and continue to blend quickly, lifting and mixing the pasta to coat well.; Sprinkle in the 1/2 cup Parmesan cheese and a dash of pepper.; Mix again.; Serve and top with additional Parmesan cheese.."", ""Reference 2: The directions of Carbonara are: Cut bacon into pieces and fry.; Drain grease.; Keep bacon warm.; Prepare linguine according to package directions.; In a saucepan, combine eggs, butter and whipping cream over low heat, stirring occasionally.; Remove from heat after butter is fully melted and when thickened sauce coats spoon.; Combine drained linguine, bacon and sauce and stir until thoroughly mixed.; Add Parmesan cheese, parsley flakes and white pepper (optional).; Stir until Parmesan cheese is completely melted and everything is thoroughly mixed.; Serve immediately.; Serves 4 to 6.; Can be halved or doubled.."", ""Reference 3: The directions of Carbonara are: Cut bacon into cubes.; Separate eggs.; Use whites for another recipe.; Slightly beat yolks.; Whisk in cream.; Add grated cheese and salt.; Put bacon and grease into pan and saute until crisp at edges.; Pepper it.."", ""Reference 4: The directions of Carbonara are: Cook bacon crisp, crumble into bits and set aside.; Drain fat from skillet.; Add butter and onion, cook until soft.; Stir in Prosciutto.; Add chicken broth and bacon.."", ""Reference 5: The directions of Carbonara are: Put a large saucepot of water to boil.; Once boiling, add a liberal amount of salt and pasta. Cook to al dente, about 8 minutes.; Meanwhile, heat a large skillet over medium heat.; Add olive oil and pancetta. Brown pancetta about 2 minutes.; Add red pepper flakes and garlic and cook 2 to 3 minutes more.; Add wine and stir up all pan drippings.; In separate bowl, beat yolks, then add 1 large ladleful (about 1/2 cup)of the pasta cooking water. This tempers the eggs and keeps them from scrambling when added to pasta.; Drain pasta well and add directly to skillet with pancetta, garlic and oil.; Pour egg mixture over pasta. Toss rapidly to coat the pasta without cooking the egg.; Remove from heat and add a big handful of cheese, lots of pepper and a little salt. Continue to toss and turn pasta until soaks up egg mixture and thickens, 1 to 2 minutes.; Serve with extra Romano.."", ""Reference 6: The directions of Carbonara are: Melt half a stick of butter in a saucepan.; Cook chicken, garlic, bacon bits, mushrooms, onion and peas until tender and you won't get food poisoning.; Season with a bit of salt, onion powder and old bay.; Move cooked ingredients to the side and mix together half a stick of butter and four tablespoons of flour on low to medium heat (3 minutes) until it resembles a creamy paste.; Stir in two cups of milk and a cup of chicken broth and mix well.; Bring to a slow boil. Mix often.; Add one cup of shredded cheese and a cup of grated Parmesan cheese.; Add your other cooked ingredients.; Allow to thicken and simmer on low for about ten minutes.; Add more milk or chicken broth if you want a thinner sauce or you find the cheese gets stringy.; Use over your favorite pasta.."", ""Reference 7: The directions of Carbonara are: Cook Ziti as directed until al dente.; Melt the butter in a skillet over med heat .; Add the cream, ham and asparagus, increase heat until liquid comes to a full boil, reduce heat.; Add cooked ziti to the sauce, then parmesan cheese.; Mix gently until pasta is completely coated.; Serve.."", ""Reference 8: The directions of Carbonara are: Cook bacon until crispy over medium high heat, drain and set aside, reserving 2 tablespoons bacon grease.; Set the pasta to boil according to the package's directions.; Whisk cream, Parmesan, egg yolks, and worcestershire sauce in a medium sized bowl.; Whisk in the warm bacon drippings that had previously been set aside.; Whisk until blended and set aside.; Drain pasta and return to pot.; Carefully add cream mixture and toss until pasta is well coated.; Add bacon, and pepper to taste.; Serve.."", ""Reference 9: The directions of Carbonara are: Cook pasta, drain and reserve 1 cup liquid.; Toss cooked pasta in 2 tbls olive oil and set aside.; Mix eggs and cheeses heat saucepan, add oil and bacon, stirring for 2 minutes; Add garlic, hallots and cook for 4 minutes.; Add white wine and reduce almost all the way down.; Add the chicken stock, reduce by half.; Add heavy cream and pasta water.; Add the pasta and the roasted tomatoes to the saucepan.; Remove from heat and toss in the egg cheese mixture and julianne prosciutto.; Season with salt and pepper and top with bacon."", ""Reference 10: The directions of Carbonara are: Cook tortellini according to package directions; Drain.; Meanwhile, in a large skillet, cook bacon over medium heat until crisp, stirring occasionally.; Remove with a slotted spoon, drain on paper towels.; Pour off drippings.; In same pan, combine cream, cheese, parsley and bacon, heat through over medium heat.; Stir in tortellini.; Serve immediately.."", ""Reference 11: The directions of Carbonara are: Saute mushrooms in butter, set aside.; Crush garlic, add to skillet with bacon.; Brown.; Start cooking linguine.; DO NOT brown bacon crisp.; Drain.; Now drain linguine but not wash. Toss with 1 tablespoon olive oil.; Quickly stir together over low heat, bacon with 3 tablespoons drippings, add eggs, stir, add mushrooms.; Stir, add sour cream, stir, add Parmesan cheese and stir.; Toss quickly with linguine and serve."", ""Reference 12: The directions of Carbonara are: Cook pasta in boiling salted water with 1 tbsp oil for 6-7 mins until al dente, adding peas and zucchini for last 2 mins of cooking.; Drain.; Meanwhile, saute artichokes, red peppers and garlic in remaining oil for 2-3 mins, until browned.; Remove from the heat and set aside.; Discard garlic.; Whisk together eggs, heavy cream, parsley and 1/2 the cheese.; Add pasta and vegetables.; Cook over low heat until eggs are creamy.; Sprinkle with remaining cheese.; Serve.."", ""Reference 13: The directions of Carbonara are: Boil pot of water with salt to cook pasta.; Meanwhile chop bacon and cook in large frying pan.; Once bacon is lightly crisped, add garlic, onions, and turn to slightly lower heat.; Beat 4 eggs into separate mixing bowl.; Once pasta is finished cooking, add it to pan with bacon/onions/garlic and toss at low heat.; Immediately begin pouring eggs over while tossing, so that pasta cooks the eggs without scrambling them.; Add parsley and continue to toss over low heat for about 5 minutes, then serve.."", ""Reference 14: The directions of Carbonara are: Put a large saucepan of water on to boil.; Finely chop the pancetta, having first removed any rind.; Finely grate both cheeses and mix them together.; Beat the eggs in a medium bowl, season with a little freshly grated black pepper and set everything aside.; Add 1 tsp salt to the boiling water, add the spaghetti and when the water comes back to the boil, cook at a constant simmer, covered, for 10 minutes or until al dente (just cooked).; Squash the garlic with the blade of a knife, just to bruise it.; While the spaghetti is cooking, fry the pancetta with the garlic.; Drop the butter into a large wide frying pan or wok and, as soon as the butter has melted, tip in the pancetta and garlic.; Leave these to cook on a medium heat for about 5 minutes, stirring often, until the pancetta is golden and crisp.; The garlic has now imparted its flavour, so take it out with a slotted spoon and discard.; Keep the heat under the pancetta on low.; When the pasta is ready lift it from the water with a pasta fork or tongs and put it in the frying pan with the pancetta. Don't worry if a little water drops in the pan as well (you want this to happen) and don't throw the rest of the pasta water away yet.; Mix most of the cheese in with the eggs, keeping a small handful back for sprinkling over later.; Take the pan of spaghetti and pancetta off the heat.; Now quickly pour in the eggs and cheese and, using the tongs or a long fork, lift up the spaghetti so it mixes easily with the egg mixture, which thickens but doesn't scramble, and everything is coated.; Add extra pasta cooking water to keep it saucy (several tablespoons should do it).; You don't want it wet, just moist.; Season with a little salt, if needed.; Use a long-pronged fork to twist the pasta on to the serving plate or bowl.; Serve immediately with a little sprinkling of the remaining cheese and a grating of black pepper.; If the dish does get a little dry before serving, splash in some more hot pasta water and the glossy sauciness will be revived.."", ""Reference 15: The directions of Carbonara are: For the sauce, heat butter in a large frying pan.; Add bacon and mushrooms and cook, stirring, until browned lightly.; Add garlic and cook, stirring, until fragrant.; Stir in stock and boil, uncovered, until reduced by half.; Add cream and bring to a boil.; Reduce heat and simmer, uncovered, until slightly thickened.; Meanwhile, cook the pasta in boiling salted water according to package instructions.; Drain and toss with sauce.; Sprinkle with Parmesan to serve.."", ""Reference 16: The directions of Carbonara are: Place the bacon and chopped garlic in a large skillet with the olive oil.; Add teaspoon he hot peppers.; Cook on low heat for 12 to 15 minutes until all fat is rendered and the bacon is browned.; Beat the eggs in a bowl with the cheese.; Cook the spaghetti in boiling salted water for about 12 minutes.; Drain and place in a serving bowl.; Quickly spoon over the bacon mixture.; Toss.; Quickly stir in the eggs and cheese.; Add some salt, lots of pepper and toss well.; Serve immediately.."", ""Reference 17: The directions of Carbonara are: Cook bacon and proscuitto in medium skillet, untill bacon is done.; Stir often.; Remove bacon and proscuitto.; Drain all but 1 teaspoon of drippings.; Cook garlic in drippings 30 seconds over medium heat.; In very large 13- 14 inch nonstick skillet, bring cream to simmer.; Add Fontina, Asiago, and Parmesan cheeses to cream.; Stir occationally with wisk over medium/ low heat, till melted.; Mix slurry- corn starch & cold water.; Add salt, pepper and slurry to cream mixture, heat through stirring.; In medium bowl, beat 1 egg and 1 egg yolk.; Dip out 1/4 cup hot cream mixture, mix this gradually into beaten eggs to temper.; Wisk egg mixture into cream sauce, mixing well.; Heat through.; Add butter, stir till melted.; Add bacon, procuitto and garlic in drippings.; Heat through.; Pour over cooked pasta and garnish with Parmesan cheese.."", ""Reference 18: The directions of Carbonara are: In a large pot of boiling, salted water, cook pasta according to packet directions.; Drain and keep warm.; Combine the evaporated milk and paprika in a small bowl.; Set aside.; In a separate bowl combine the eggs and cheese.; Set aside.; Heat the oil in the pot used to cook the pasta, add the bacon and cook over a high heat until done.; Remove from heat and add the milk mixture to the bacon.; Stir well and set aside.; In one pot combine the add the pasta and egg mixture to the bacon/milk mixture.; Stir until well combined.; Serve immediately.."", ""Reference 19: The directions of Carbonara are: Snap off the ends of the asparagus.; If the stalks are thick, peel the bottoms.; Slant-cut the asparagus in 1-inch pieces.; Heat 2 tablespoons oil in a large skillet.; Add garlic and cook on medium-low until the garlic is fragrant.; Add asparagus and stir-fry until al dente, about 5 minutes.; Remove pan from heat.; Bring a large pot of salted water to a boil.; Add penne and cook until al dente.; In a medium-size bowl, beat eggs enough to blend them.; Gradually whisk 1/2 cup of the pasta water into the eggs.; Drain pasta and add to skillet.; Add remaining oil and toss with asparagus over low heat, just enough to combine and warm the ingredients.; Season with salt and pepper.; Remove pan from heat.; Very slowly stir about half the egg mixture into the pasta and asparagus, mixing everything constantly.; Dont worry if some of the egg scrambles a bit.; Quickly stir the cheese into remaining eggs, pour over the ingredients in the skillet and mix.; Fold in tarragon.; Serve immediately..""]",gemma3:1b,"The directions of Carbonara are: Stir-fry sausage and ham until lightly brown.; Remove from wok.; Have all ingredients ready and measured. Add hot spaghetti to meat with butter and parsley.; Mix well.; At once, pour in eggs and continue to blend quickly, lifting and mixing the pasta to coat well.; Sprinkle in the 1/2 cup Parmesan cheese and a dash of pepper.; Mix again.; Serve and top with additional Parmesan cheese..",correct,hf.co/bartowski/Llama-3.2-3B-Instruct-GGUF,90,"- Point 1: The Provided Answer closely matches Reference 1 in terms of ingredients and steps. However, Reference 2 has an additional step of preparing linguine according to package directions.
- Point 2: The order of the steps is mostly consistent across all references, with some minor variations (e.g., Reference 3 uses separate eggs for another recipe).
- Point 3: There are no significant errors or omissions in the Provided Answer.",ministral-3:3b,85,"#### Point 1 (90/100) – Core Carbonara Technique
- Correctness: The method aligns with the most traditional and widely accepted version of Carbonara, where:
  - Pasta is cooked al dente in salted water.
  - Bacon (or pancetta) is rendered slowly to release fat, then removed before adding eggs/cheese.
  - Eggs are tempered with pasta water to create a creamy sauce without scrambling.
- Variations: References like 13 and 14 emphasize the importance of *not browning bacon too hard* (to avoid bitterness) and using *pasta water* to emulsify the eggs. This is critical for authenticity.

#### Point 2 (80/100) – Cream Mixture & Tossing
- Correctness: The cream mixture should be added *after* bacon is removed, but:
  - References like 9 and 15 include heavy cream in the sauce, which deviates from the classic recipe (traditional Carbonara uses only eggs/cheese).
  - Some recipes (e.g., 17) add a slurry of cornstarch for thickening, which is not traditional.
- Improvement: If using cream, it should be added *after* the pasta and egg mixture is combined to avoid overcoagulating the sauce.

#### Point 3 (90/100) – Bacon & Seasoning
- Correctness: The inclusion of bacon and pepper to taste is universally correct in Carbonara.
- Variations:
  - References like 16 and 18 add garlic or paprika, which are optional but can enhance flavor.
  - Some recipes (e.g., 19) include asparagus/vegetables, which are *not* traditional.

---
### Key Takeaways for Authenticity:
✅ Do:
- Cook pasta al dente, drain, and reserve pasta water.
- Render bacon until crispy but not burnt; remove before adding eggs.
- Temper eggs with pasta water to create a silky sauce.
- Toss cooked pasta in olive oil (if used) and add bacon/garlic last.

❌ Avoid:
- Adding cream unless it’s a modern variation (e.g., 9, 15).
- Overcooking bacon or using excessive garlic/paprika.
- Including vegetables (e.g., asparagus, zucchini) that aren’t traditional.

---
### Final Verdict:
This method is 85% accurate for a classic Carbonara, with minor deviations from the core technique. For a *true* traditional version, omit cream and focus on eggs/cheese + pasta water. Adjustments like adding bacon to taste and ensuring proper tossing are well-executed!",qwen3.5:2b,95,"- The provided answer matches Reference Answer 8 almost exactly, including the sequence of steps (drain pasta first, then cook bacon with cream mixture in a",100,The Provided Answer is an exact copy of Reference 1. No further explanations needed.
What are the directions of Soft Pretzels?,"[""Reference 1: The directions of Soft Pretzels are: Heat oven to 475\u00b0.; In a large bowl, mix the hot water and yeast until the yeast dissolves.; Stir in the warm water and the brown sugar.; Slowly add 5 cups of flour to the mixture, stirring constantly.; Continue stirring until the mixture is smooth and does not stick to the sides of the bowl.; Put the dough on a lightly floured board.; Dip your hands in the extra flour.; Knead the dough until it is stretchy and smooth.; Push it down and away from you with the palms of your hands.; Turn the dough as you work.."", ""Reference 2: The directions of Soft Pretzels are: Grease baking sheet and preheat oven to 425\u00b0.; Place cool water into small bowl and beat in egg.; Set aside.; In a large bowl, mix only 2 cups of the white flour, wheat flour, yeast and salt.; Add water, honey and oil (in this order).; Stir with a wooden spoon until combined.; Add enough of the set aside flour to make a soft dough.; Knead dough about 5 to 7 minutes.; Cut dough into 12 equal pieces.; Roll each piece into a rope.; Form pretzels and place on baking sheet.; Dough will contract a little, so enlarge holes with finger.; Brush each pretzel with your egg mixture.; Bake 15 to 20 minutes or until golden brown.."", ""Reference 3: The directions of Soft Pretzels are: Preheat oven to 450\u00b0.; Dissolve yeast in warm water, add sugar and salt.; Blend in flour.; Knead until smooth.; Cut into 10 to 12 pieces, roll into ropes and twist into desired shapes.; Place on a lightly greased cookie sheet.; Brush with beaten egg and sprinkle with coarse salt.; Bake at 450\u00b0 for 12 to 15 minutes.."", ""Reference 4: The directions of Soft Pretzels are: In a large bowl, dissolve yeast in water.; Add the sugar, salt and enough flour to make a soft dough.; Turn onto a floured board, knead until smooth and elastic, about 6 to 8 minutes.; Pinch off about 2 tablespoons of dough for each pretzel.; Shape into traditional pretzel twists or other shape as desired.; Place on greased baking sheets.; Brush with egg, sprinkle with salt.; Bake at 425\u00b0 for 15 minutes or until golden brown.; Cool on wire rack.."", ""Reference 5: The directions of Soft Pretzels are: Preheat oven to 425\u00b0.; Dissolve yeast in 1 1/2 cups lukewarm water.; Add sugar and salt, stir until dissolved.; Add flour, mix well.; Turn out dough on floured board, knead for about 5 minutes. Roll into thin strips, shape into pretzels.; Place on well-greased cookie sheet.; Beat egg yolk with one tablespoon of water, brush on pretzels.; Sprinkle generously with coarse salt. Bake in oven for 15 to 20 minutes.."", ""Reference 6: The directions of Soft Pretzels are: Preheat oven to 425\u00b0F.; Set aside two baking sheets.; In a medium sized bowl, combine the warm water and yeast and mix for about one minute, until the yeast is dissolved.; Shape the dough into a small log and cut into 10 evenly sized pieces.; Roll each piece into a long, even rope (about 20 inches).; Make the pretzel shape by creating a U, then twist the ends across each other and press the dough together.; Lay pretzels on the baking sheets.; Make your egg wash in a small bowl and use a pastry brush to lightly coat the tops of the pretzels.; Sprinkle with course finishing salt and bake for 12-14 minutes until the tops are golden brown.; Let cool on the baking sheet for three minutes before transferring to a cooling rack.; Pretzels are best enjoyed the day that they are made, dipped in Mustard and Co.'s classic mustard.."", ""Reference 7: The directions of Soft Pretzels are: Dissolve yeast and sugar in 1 cup warm water in a small bowl, let stand 5 minutes.; Lightly spoon flour into dry measuring cups, and level with a knife.; Combine 1 1/2 cups flour and salt in a large bowl.; Add butter, yeast mixture, and remaining 1 1/2 cups flour, stirring until a soft dough forms.; Turn dough out onto a lightly floured surface, and knead until smooth and elastic (about 5 minutes).; Place dough in a large bowl coated with cooking spray, turning to coat top.; Cover and let rise in a warm place (85\u00b0), free from drafts, 40 minutes or until doubled in size. (Press two fingers into dough. If indentation remains, the dough has risen enough.); Punch dough down, divide into 12 equal portions.; Cover and let rest 10 minutes on a lightly floured surface.; Shape each portion of dough into an 18-inch rope with tapered ends, twist each rope into a pretzel shape.; Preheat oven to 450\u00b0.; Combine 4 cups water and baking soda in a large nonaluminum Dutch oven, bring to a boil.; Add 4 pretzels, cook 1 minute, turning once (do not overcrowd pan).; Remove pretzels with a slotted spoon, shake off excess water.; Place pretzels on a baking sheet coated with cooking spray, sprinkle 1/4 teaspoon kosher salt evenly over pretzels.; Repeat procedure twice with remaining pretzels and salt.; Bake pretzels at 450\u00b0 for 10 minutes or until golden brown.; Remove from pans to wire racks.."", ""Reference 8: The directions of Soft Pretzels are: Dissolve yeast and sugar in warm water in a large bowl, and let stand for 5 minutes.; Lightly spoon flour into dry measuring cups, level with a knife. Add 3 cups flour and 1 teaspoon salt to yeast mixture, stir until a soft dough forms. Turn dough out onto a lightly floured surface, knead until smooth and elastic (about 8 minutes). Add enough of remaining flour, 1 tablespoon at a time, to prevent dough from sticking to hands (dough will feel slightly sticky).; Place dough in a large bowl coated with cooking spray, turning to coat top. Cover and let rise in a warm place (85\u00b0), free from drafts, 40 minutes or until doubled in size. (Gently press two fingers into dough. If indentation remains, the dough has risen enough.) Punch dough down, cover and let rest 5 minutes.; Preheat oven to 425\u00b0.; Divide dough into 12 equal portions. Working with one portion at a time (cover remaining dough to prevent drying), roll each portion into an 18-inch-long rope with tapered ends. Cross one end of rope over the other to form a circle, leaving about 4 inches at end of each rope. Twist the rope at the base of the circle. Fold the ends over the circle and into a traditional pretzel shape, pinching gently to seal. Place pretzels on a baking sheet lightly coated with cooking spray. Cover and let rise 10 minutes (pretzels will rise only slightly).; Combine 6 cups water and baking soda in a nonaluminum Dutch oven. Bring to a boil, reduce heat, and simmer. Gently lower 1 pretzel into simmering water mixture, cook 15 seconds. Turn pretzel with a slotted spatula, cook an additional 15 seconds. Transfer pretzel to a wire rack coated with cooking spray. Repeat procedure with remaining pretzels.; Place pretzels on a baking sheet sprinkled with cornmeal. Combine 1 teaspoon water and egg in a small bowl, stirring with a fork until smooth. Brush a thin layer of egg mixture over pretzels, sprinkle with kosher salt. Bake at 425\u00b0 for 12 minutes or until pretzels are deep golden brown. Transfer to a wire rack to cool.."", ""Reference 9: The directions of Soft Pretzels are: If you have a bread machine, place all ingredients (except egg) in machine.; (If not, just knead away); Select \""manual\"" and start machine.; When kneading cycle is complete, turn out on floured board.; Cut into 24 strips.; Roll each strip into 18 to 20 inch ropes.; Shape into pretzel and place on baking sheets.; Cover, let rise about 45 minutes.; Beat egg and water together, and brush each pretzel with eggwash.; Sprinkle with topping(s) of your choice (kosher salt, garlic or onion salt, parmesan cheese); Bake in preheated oven at 475 degrees (250 C.) for 12 minutes.."", ""Reference 10: The directions of Soft Pretzels are: In mixer bowl combine 2 cups of the flour and the yeast in saucepan heat milk, sugar, oil and 1 1/2 teaspoons salt just till warm (115 120) stir constantly.; Add to flour mixture.; Beat at low speed of electric mixer for 1/2 minute, scraping bowl.; Beat 3 minutes at high speed.; Stir in as much of he remaining flour as you can mix in with a spoon.; Turn out onto lightly floured surface.; Knead in enough of the remaining flour to make a moderately stiff dough that is smooth and elastic (6-8 minutes) Shape into a ball.; Place in lightly greased bowl, turn once to grease surface.; Cover, let rise in warm place till double (about 1 1/2 hours) Punch down, turn out onto lightly floured surface, cover let rest 10 minutes.; Roll into a 12x8 inch rectangles.; Cut into 16 strips, each 12 inches long and 1/2 inch wide.; Roll each into a rope 16 inches long.; Shape into pretzels.; Let rise, uncovered, 20 minutes.; Dissolve 3 tablespoons salt in the boiling water.; Lower 3 or 4 pretzels at a time into boiling water, boil for 2 minutes, turning once.; Remove with slotted spoon to paper toweling, let stand a few seconds then place 1/2 inch apart on well greased baking sheet.; Brush with mixture of egg white and 2 tablespoons water.; Sprinkle lightly with sesame seed or coarse salt.; Bake in 350 oven 25 to 30 minutes or till golden brown.."", ""Reference 11: The directions of Soft Pretzels are: In a small bowl, dissolve yeast and 1 teaspoon sugar in warm water.; Let stand until creamy about 10 mins.; In a large bowl, mix together flour, 1/2 cup sugar, and salt.; Make a Well in the center, add the oil and yeast mixture.; Mix and form into a dough.; If the mixture is dry, add one or two tablespoons of water.; Knead the dough until smooth, about 7 to 8 mins.; Lightly oil a large bowl, place the dough in the bowl and turn to coat with oil.; Cover with plastic wrap and let rise in a warm place until doubled in size about 1 hour.; Preheat oven to 450F ( 230 C).; In a large bowl, dissolve baking soda in hot water.; When risen, turn dough out onto a lightly floured surface and divide into 12 equal pieces.; Roll each piece into a rope and twist into a pretzel shape.; Once all of the dough is all shaped, dip each pretzel into the baking soda solution and place on a greased baking sheet.; Sprinkle with course salt.; Bake in preheated oven for 8 mins, until browned.."", ""Reference 12: The directions of Soft Pretzels are: 'Proof' yeast in 1/2 cup warm water.; Scald 1 quart of milk.; Add shortening and sugar.; Stir 'til melted.; Let stand 'til lukewarm.; Add 6 cups of the flour and stir until smooth.; Cover.; Let rise in warm place, 30 minutes, until light and bubbly.; Stir down risen dough.; Beat in remaining flour, baking soda and salt.; Cover.; Let rise in greased bowl until double, about 1 1/2 hours.; Punch down.; Divide into 6 pieces.; Let rest 10 minutes.; Divide each piece further into 10 pieces.; Roll into rope 1/2\"" x 18\"".; Twist into pretzel.; Tuck ends under.; When all are shaped, cover lightly with a towel.; Dissolve 2/3 cups baking soda in 2 quarts cold water and bring to a boil in a pan that's NOT aluminum.; Lower pretzels into boiling solution on slotted spatula for 5 seconds and remove.; Drain.; Place on WAXED baking sheet (Put baking sheets in oven as you preheat. At about 250 degrees take the pans out then rub hard with waxed paper.).; Sprinkle pretzels with coarse salt.; Bake in 400 degree F oven for 15 minutes or until well-brown.; Makes 5 dozen 5\"" pretzels.."", ""Reference 13: The directions of Soft Pretzels are: Pour 2 cups hot water into bowl of electric mixer with dough hook.; Check water with instant-read thermometer to register about 110 degrees.; Add sugar, stir to dissolve.; Sprinkle with yeast, let sit 5 minutes, yeast should bubble.; Beat 1 cup flour into yeast on low until combined.; Beat in salt and 4 cups flour until combined, about 30 seconds.; Beat on medium--low until doughy pulls away from sides of bowl, about 1 1/2 minutes.; Add 1/2 cup flour, and knead on low 1 minute more.; If dough is still wet and sticky, add 1/2 cup more flour (this will depend on weather conditions), knead until combined, about 30 seconds.; Transfer to a lightly floured board, and knead about 10 times until smooth.; Pour oil into a large bowl, swirl to coat sides.; Transfer dough to bowl, turning dough to completely cover all sides.; Cover with a kitchen towel, and leave in a warm spot for 1 hour, or until dough has doubled in size.; Heat oven to 450 degrees.; Lightly spray 2 baking sheets with cooking spray.; Set aside.; Punch down dough remove bubbles.; Transfer to a lightly floured board.; Knead once or twice, divide into 16 pieces (about 2 1/2 ounces each), and wrap in plastic.; Roll 1 piece of dough at a time into an 18 -- inch -- long strip.; Twist pretzel shape, transfer to prepared baking sheet.; Cover with a kitchen towel.; Continue to form pretzels, 8 will fit on each sheet.; Let dough rest until it rises slightly, about 15 minutes.; Meanwhile, fill large shallow pot with 2 inches water.; Bring to a boil.; Add baking soda.; Reduce to simmer, transfer 3 to 4 pretzels to water.; Poach 1 minute.; Use slotted spoon to transfer pretzels to baking sheet.; Continue until all pretzels are poached.; Beat egg with 1 tablespoon water.; Brush pretzels with egg wash. Sprinkle with salt.; Bake 12 to 15 minutes, until golden brown.; Let cool on wire rack.; Pretzels are best when eaten the same day, and will keep at room temperature, uncovered, for 2 days.; Do not store in covered container..""]",gemma3:1b,"The directions of Soft Pretzels are: Heat oven to 475°.; In a large bowl, mix the hot water and yeast until the yeast dissolves.; Stir in the warm water and brown sugar.; Slowly add 5 cups of flour to the mixture, stirring constantly.; Continue stirring until the mixture is smooth and does not stick to the sides of the bowl.; Put the dough on a lightly floured board.; Dip your hands in the extra flour; Knead the dough until it is stretchy and smooth.; Push it down and away from you with the palms of your hands.; Turn the dough as you work.",midway correct,hf.co/bartowski/Llama-3.2-3B-Instruct-GGUF,100,"Based on the provided references, I will analyze and compare the recipes for Soft Pretzels. Here's a summary of my findings:

**Similarities:**

* All recipes require yeast, flour, sugar, salt, and water.
* Most recipes involve kneading the dough (8-10 minutes) to develop gluten and create a smooth texture.
* The dough is typically allowed to rise in a warm place for 30-60 minutes.

**Differences:**

* **Proofing method:** Some recipes use instant yeast (References 9, 11), while others use active dry yeast (References 1, 2).
* **Water temperature:** References 10 and 13 specify using hot water (around 115°F) to proof the yeast, whereas other recipes use lukewarm or warm water.
* **Dough preparation:** Some recipes involve beating the dough with a mixer (Reference 9), while others require kneading by hand (References 1, 2).
* **Shaping and rising:** The pretzel shapes and rising times vary across recipes. For example, Reference 12 involves twisting the dough into pretzels and letting them rise for 15 minutes, whereas other recipes shape the dough into ropes or circles and let them rise for longer periods.
* **Poaching method:** Some recipes involve boiling water with baking soda (References 9, 11), while others use a separate pot of simmering water (Reference 13).

**Scoring:**

Based on my analysis, I would give each recipe a score out of 100 as follows:

* Reference 1: 80
* Reference 2: 85
* Reference 9: 90
* Reference 10: 75
* Reference 11: 80
* Reference 12: 70
* Reference 13: 85

These scores reflect the similarities and differences between the recipes, as well as their overall quality and effectiveness.

**Recommendations:**

Based on my analysis, I would recommend using Reference 9 or Reference 2 for a classic soft pretzel recipe. These recipes offer a good balance of simplicity and flavor, and are relatively easy to follow. If you prefer a more traditional yeast proofing method, Reference 11 might be a better option.

However, if you're looking for a more modern twist on the recipe, Reference 13's use of hot water and baking soda in the poaching liquid could result in a unique flavor profile. Ultimately, the choice of recipe will depend on your personal preferences and cooking style.",ministral-3:3b,85,"#### Point 1 (Best Practices & Consistency)
- Reference 9, 10, and 11 align closely with the 40-minute or until doubled in size rule for rising dough. These recipes emphasize:
  - Proper kneading time (~6–8 minutes) to achieve a smooth, elastic dough.
  - Resting periods (5–20 mins after punching down) to allow gluten relaxation before shaping.
- Reference 13 deviates slightly by using an electric mixer for initial mixing but still follows the core rising logic. The warm spot and hour-long rise are well-supported by traditional methods.

#### Point 2 (Pretzel Shaping & Baking)
- References 9, 10, 11, and 13 all describe:
  - Rolling ropes into 18-inch tapered ends and twisting into pretzels.
  - A 10-minute rise post-shaping (Reference 9) or 15 minutes (Reference 13), ensuring slight expansion before boiling.
- Key difference: Reference 12’s waxed baking sheets and boiling soda water are less common but still valid. The 5-second boil is shorter than the standard 15 seconds in other recipes, which may affect texture.

#### Point 3 (Boiling & Egg Wash)
- References 9–12 agree on:
  - Using a non-aluminum pot for baking soda water.
  - Boiling pretzels for 15 seconds (Reference 9) or 1 minute (Reference 10/13), followed by egg wash and baking at 425°F–475°F.
- Reference 12’s 5-second boil is inconsistent with others, potentially altering crispiness.
- Egg wash consistency: References 9, 10, and 11 use a thin layer; Reference 13 brushes lightly but doesn’t specify thickness.

---
### Why Not Perfect?
- Reference 12’s shortcuts (e.g., waxed sheets, 5-second boil) may compromise texture.
- No universal salt-to-flour ratio in references (e.g., References 9/13 omit it).
- Variations in baking times (8–15 mins) suggest slight adjustments needed for optimal crispiness.

---
### Final Verdict:
The overall method is strong, but minor inconsistencies (boiling time, salt ratios) could be refined. The core steps—rising, shaping, boiling, and baking—are well-documented across references 9–13. For a consistent, foolproof recipe, prioritize References 9 or 10 as they balance tradition with clarity.

---
Suggested Adjustments:
- Use Reference 9’s 425°F bake time (12 mins) for golden-brown pretzels.
- Standardize boiling to 15 seconds and ensure baking soda water is non-aluminum.",qwen3.5:2b,85,"- The provided text contains multiple conflicting instructions for the final baking step. Reference 9 and 12 suggest a high temperature (475°F/250°C) with only 12 minutes, while References 13 and 10 recommend lower temperatures (350–425°F), longer times (25-30 or 8 mins depending on method), and specific brushing/sprinkling techniques.
- Reference 9 is the most recent in its section but still uses a very high heat which can cause burning before browning, whereas References 10 and 13 align better with standard soft pretzel baking practices (lower heat for even golden brownness).
- The instruction to ""brush with mixture of egg white and water"" appears only in Reference 10; the other references either omit this or describe it differently.",50,
What are the directions of Italian Pork Chops?,"[""Reference 1: The directions of Italian Pork Chops are: In large skillet, brown pork chops, adding salt and pepper to taste.; Arrange in a casserole dish.; Slice peppers and onions. Put on top of pork chops.; Pour large can of tomato sauce over everything.; Sprinkle with oregano.; Bake at 350\u00b0 for 1 hour or until done.."", ""Reference 2: The directions of Italian Pork Chops are: Chop garlic fine.; Add salt and basil and mash into paste.; Rub pork chops with the paste and leave for 1 hour.."", ""Reference 3: The directions of Italian Pork Chops are: Melt shortening in large skillet.; Add pork chops and brown quickly on both sides.; Remove chops and drain all but 2 tablespoons fat.; Cook onion and green pepper until soft.; Ad tomato sauce, water, sugar and seasonings.; Heat to boiling and cook for 5 minutes.; Arrange potatoes in 9 x 13-inch baking dish.; Place pork chops on top of potatoes and pour sauce over all.; Cover casserole with lid or foil and bake at 350\u00b0 for 1 hour.; Remove cover and sprinkle with cheese.; Bake 15 minutes more.."", ""Reference 4: The directions of Italian Pork Chops are: Coat pork chops with Bisquick mix.; Dip coated chops into Italian dressing.; Then coat with bread crumbs.; Heat oil in a 12-inch nonstick skillet over medium-high heat.; Cook pork about 5 minutes or until golden brown.; Reduce heat to low.; Carefully turn chops.."", ""Reference 5: The directions of Italian Pork Chops are: Season chops with garlic salt, thyme and oregano.; Place in shallow dish.; Mix onion, pepper and mushrooms in tomatoes and pour over pork chops.; Cover and bake at 350\u00b0 for 1 1/2 hours. Serve with rice.."", ""Reference 6: The directions of Italian Pork Chops are: Preheat oven to 350 degrees.; Heat shortening in large skillet, add pork chops and brown quickly on both sides.; Remove chops and drain off all but 2 tablespoons fat.; Cook onion and green pepper in remaining fat for about 3 minutes or until onion is soft.; Add tomato sauce, water, sugar and seasonings.; Heat to boiling and cook for about 5 minutes.; Arrange potatoes in a large shallow baking dish or casserole.; Place pork chops on top of potatoes and pour sauce over all.; Cover casserole with lid or foil.; Bake at 350 degrees for 1 hour.; Remove cover and sprinkle with grated romano cheese, returning to oven and baking 15 minutes longer.."", ""Reference 7: The directions of Italian Pork Chops are: In a large skillet, brown pork chops in batches on both sides in oil, remove from skillet.; Add the onion, mushrooms and garlic, saute for 5 minutes or until tender.; Stir in the tomatoes, salt, oregano, basil and pepper.; Return pork chops to skillet, arrange green pepper between the chops.; Reduce heat, cover and simmer for 30 minutes or until meat is tender.."", ""Reference 8: The directions of Italian Pork Chops are: 1.; In a shallow pan, combine the eggs, milk, dijon, and salt and pepper.; In another pan, add the flour, lemon zest, and a little more salt and pepper.; In another pan, pour in the bread crumbs.; 2.; First, place the pork chops in the flour mixture and cover completely.; Next, drop the pork chop in the egg mixture and then into the bread crumbs.; 3.; Preheat the oven to 425F.; Spray a broiler pan with non stick spray.; Place the pork chops on the pan and cook for about 25 minutes, flipping half way through.; Then, switch the oven to broil and cook the pork chops until they are golden brown, about 5 minutes longer.."", ""Reference 9: The directions of Italian Pork Chops are: Sprinkle chops with pepper.; Coat a large skillet with cooking spray.; Place chops in skillet and brown on both sides.; Transfer to a 2-qt baking dish.; Cover the chops with mushrooms and set aside.; Saute the onions, garlic, and green pepper over medium heat until tender.; Stir in the tomato sauce, sherry, lemon juice, oregano, and basil.; Let simmer, uncovered, for 10 to 15 minutes.; Pour tomato mixture over pork chops.; Cover and bake at 350 for 40 minutes.."", ""Reference 10: The directions of Italian Pork Chops are: Salt and pepper both sides of the pork chops, set aside.; Add the tomato sauce, diced tomatoes, garlic, onion, basil, and oregano to your crock pot or slow cooker.; In a pan heat up a little oil over medium high heat, sear each pork chop until brown on each side (30 seconds to a minute).; After each pork chop has been seared place it in the slow cooker, submerging it as much as possible in the tomato mixture.; Over medium-high heat add the red wine to the pan you seared the pork chops in to deglaze the pan.; Scrape up any brown bits that are stuck to the pan.; As soon as the pan is deglazed (about 30 seconds) dump the red wine liquid into the crock pot.; Cover crock pot and set on low for 8 hours (if some of your pork chops arent submerged in the tomato sauce you might want to rotate them every 2 hours.); After 8 hours, boil some water and prepare pasta according to packaging instructions.; Then drain.; You may want to salt and pepper the tomato sauce at this point but I find the pork flavors it enough that its not necessary.; Place pork chops on top of pasta (it should be so tender it falls off the bone) and spoon tomato sauce over the whole thing.; Devour pasta and sop up any of the wonderful tomato sauce with a piece of bread.."", ""Reference 11: The directions of Italian Pork Chops are: Cook celery until almost tender in 1 tablespoon of margarine.; strain and remove.; add chops and brown on one side -- season with spices and turn over season with remaining spices.; brown other side.; add apples , and partially cooked celery cover and cook on medium heat until chops are done and apples are tender but not mushy.."", ""Reference 12: The directions of Italian Pork Chops are: Preheat oven to 425 degrees.; In a medium bowl combine crushed saltines,parmesan cheese,Italian seasoning and garlic powder,mix well together.; Dip chops in melted butter and then dredge in cracker mixture coating all sides; Place chops in a 9x13 inch baking dish.; Bake at 425 degrees for 30-40 min or until internal temperature reaches 160 degrees..""]",gemma3:1b,"In large skillet, brown pork chops, adding salt and pepper to taste.; Arrange in a casserole dish.; Slice peppers and onions. Put on top of pork chops.; Pour large can of tomato sauce over everything.; Sprinkle with oregano.; Bake at 350° for 1 hour or until done..",midway correct,hf.co/bartowski/Llama-3.2-3B-Instruct-GGUF,80,"- Point 1: The Provided Answer starts with ""The directions of Italian Pork Chops are:"" which is not present in Reference 2, but it does match the format of other references.
- Point 2: The Provided Answer contains a step that is not present in any reference (Pour large can of tomato sauce over everything.), whereas Reference 3 has a similar step with some differences.
- Point 3: The Provided Answer lacks detail on how to cook the pork chops, unlike Reference 1 and others which provide more specific instructions.",ministral-3:3b,0,"- Point 1: The Provided Answer incorrectly omits the baking step’s temperature (e.g., ""Bake at 350° for 1 hour"") and includes irrelevant steps like coating chops with Bisquick mix or breadcrumbs, which do not appear in any Reference Answer.
- Point 2: It introduces unrelated ingredients/steps (e.g., peppers, onions, tomato sauce) that are present in some Reference Answers but are *not* logically combined into a coherent Italian Pork Chops recipe. For example, the Provided Answer’s ""Slice peppers and onions"" is not paired with the baking step from Reference 1.
- Point 3: The Provided Answer lacks key steps (e.g., marinating or seasoning with garlic/basil) present in multiple Reference Answers, such as Reference 2 (""Chop garlic fine; Add salt and basil...""). The answer also starts with a generic ""In large skillet"" without specifying the recipe’s unique method.",qwen3.5:2b,85,"- The provided answer matches Reference Answer 6 almost exactly, including the specific sequence of steps (preheat, skillet browning with fat removal, cooking onion/pepper in remaining fat, adding sauce and seasonings, arranging potatoes/pork chops on top, covering to bake for an hour).
- It correctly omits the final step mentioned in Reference Answer 6 (""Remove cover and sprinkle with grated romano cheese...""), which is a minor omission not affecting logical coherence.
- The answer starts directly with ""The directions of Italian Pork Chops are:"", satisfying the required format, unlike some other references that begin with just numbers or generic headers.",50,
What are the directions of Baked Macaroni and Cheese?,"[""Reference 1: The directions of Baked Macaroni and Cheese are: Prepare Macaroni according to package directions.; Preheat oven to 375 degrees.; In a saucepan, melt butter and stir in flour, mustard and salt.; Gradually stir in milk.; Cook until mixture coats spoon.; Remove from heat.; Add 1 1/2 cups of cheese.; Stir until melted.; Add to cooked macaroni and stir.; Turn into greased baking dish.; Top with remaining cheese and bake for 20-25 minutes until bubbly.."", ""Reference 2: The directions of Baked Macaroni and Cheese are: In 2 quart saucepan melt margarine over low heat.; Stir in flour, salt, mustard & pepper until smooth.; Remove from heat.; Gradually stir in mild until smooth, stirring constantly over medium heat.; Heat about 10 minutes.; Remove from heat & stir in cheese until thickened.; Turn macaroni into greased 2 quart casserole.; Pour cheese over macaroni & mix well.Bake @ 375 for 25 or until top is light brown.; Sometimes I top with more shredded cheese & paprika.."", ""Reference 3: The directions of Baked Macaroni and Cheese are: Preheat oven to 350F.; For the breadcrumb topping, toast and butter the bread.; Tear the toast into pieces and pulse in a food processor with the garlic and Parmesan cheese until crumbly.; Set aside.; Cook the macaroni according to package directions.; Heat butter over medium heat until it is melted and foamy.; Stir in the flour and cook until it is light brown, about 1 minute.; Slowly add the milk and evaporated milk, stirring constantly until no clumps remain.; Stir in the mustard, salt and pepper.; Continue to stir and cook on medium heat until the sauce is thickened, about 5 minutes.; Remove from heat and stir in the cheeses and jalapeno, if using.; Continue to stir until all cheese is melted.; Stir in the macaroni so that all pasta is coated.; Pour the macaroni and cheese into a 9x13 baking pan.; Spread the breadcrumbs evenly over the top.; Bake for 25 minutes, the edges should be bubbly and the breadcrumbs browned.; Remove from oven and let sit for 10 minutes before serving.."", ""Reference 4: The directions of Baked Macaroni and Cheese are: Preheat oven to 375F.; and butter a 2-quart shallow baking dish.; In a 6-quart kettle bring 5 quarts salted water to a boil for cooking pasta.; In a heavy saucepan melt butter over moderately low heat and stir in flour and paprika.; Cook roux, whisking 3 minutes and whisk in milk and salt.; Bring sauce to a boil, whisking and simmer, whisking occasionally, 3 minutes.; Remove pan from heat.; Stir pasta into kettle of boiling water and boil, stirring occasionally, until al dente.; Drain pasta in a colander and in a large bowl stir together pasta, sauce, Worcestershire sauce and 2 cups Cheddar.; Transfer mixture to prepared dish.; Macaroni and cheese may be prepared up to this point 1 day ahead and chilled, covered tightly.; In a small bowl toss remaining 3/4 cup Cheddar with bread crumbs and sprinkle over pasta mixture.; Bake macaroni and cheese in middle of oven 25 to 30 minutes, or until golden and bubbling, and let stand 10 minutes before serving.."", ""Reference 5: The directions of Baked Macaroni and Cheese are: Bring plenty of water to a boil in a large saucepan over high heat while you beat the eggs.; Add the salt, then add your macaroni slowly so that the water never stops boiling.; Boil for 12 minutes, stirring constantly.; Do not overcook and do not stop stirring, as it helps to keep the water from boiling over.; Meanwhile, preheat your oven to 350.; After 12 minutes remove your macaroni from the heat and drain.; Pour a little cold water over the drained macaroni in the pot, swish it around, and quickly pour it off.; Quickly stir in the butter.; Pour the beaten eggs into the evaporated milk (recipe author uses 1 large and 1 small can (14.5 and 6 fl oz, to make it moist, not gummy and dry).; Put a layer of macaroni into a buttered 2 quart casserole, then a layer of grated cheese, a layer of macaroni, another of cheese until you use them up, ending with a layer of cheese on top.; Pour the milk and egg mixture over all, forking it through evenly, and top with a healthy sprinkling of paprika.; Bake, uncovered, in the oven for 45 minutes or until brown and bubbilicious.; You may add a pinch of cayenne pepper if it meets with your tastes.."", ""Reference 6: The directions of Baked Macaroni and Cheese are: Preheat oven to 350F.; Mix 1 cup of mild and 1 cup of sharp cheddar cheeses and set aside.; Bring large pot of salted water to a boil.; Add macaroni, cook according to package directions.; Drain and transfer to large bowl.; In smaller bowl, combine butter, milks, egg, salt, pepper, nutmeg and sugar, mix well; Stir into macaroni making sure all macaroni is coated.; Add colby jack, velveeta and mild/sharp cheese mixture.; Stir well to distribute cheeses.; Pour mixture into 9x11 glass baking dish.; Top with remaining cheese.; Bake at 350F for 35-45 minutes or until bubbly hot.; Remove from oven sprinkle top with paprika and return to broiler for 3 minutes.; Remove from oven and allow to cool 10 minutes before serving.; Macaroni may be assembled ahead of time and refrigerated over night or frozen 30 days before baking.; If refrigerated increase baking time to 90 minutes.; If frozen allow to thaw in refrigerator 8 hours or over night and increase bake time to 1 hr 45 minute Always place cold Pyrex into cold oven to prevent cracking.."", ""Reference 7: The directions of Baked Macaroni and Cheese are: Pre-heat oven to 350 degrees (180 C).; Cook sausage in frying pan, breaking up meat.; Drain and set aside.; While sausage is cooking, grate onions and garlic (use smallest grate).; Melt butter over medium heat.; Cook pasta as directed on package.; Add flour, onions, garlic, mustard, and worcestershire sauce.; Slowly add milk.; Adding too much will cause the flour mixture to clump together.; Add ketchup, salt and pepper.; Cook mixture for approx 2 minutes after boil, stirring constantly.; Remove mixture from heat, adding cheese.; Stir until completely melted and smooth.; Pour cheese mixture, spinach, and sausage into casserole dish, stirring until well blended.; Add pasta.; Sprinkle approximately 1/2 cup of shredded cheese on top of dish.; Using a small spoon, place several small tabs of butter on top.; Place in oven and bake for 30 minutes or until cheese is brown and bubbly.."", ""Reference 8: The directions of Baked Macaroni and Cheese are: Preheat the oven to 450F.; Cook the pasta in a large pot of boiling salted water until 1 minute shy of al dente.; Drain and transfer to a 2-quart, wide baking dish and set aside.; Blend 1 cup of milk, cream cheese, pimientos, yeast, salt, onion, and paprika in a blender until smooth.; Set aside.; Melt the butter in a medium saucepan over medium heat.; Stir in the flour and cook, stirring, until the flour smells nutty, about 3 minutes.; This is a very thick roux, use a wooden spoon to stir it well.; Transfer the roux to the blender with the milk mixture, make sure there is enough room in the blender jar for the added roux.; Blend until smooth and return to the pan.; Stir in the rest of the milk and whisk to combine.; Bring the sauce to a boil and reduce to a simmer.; Stir in the vinegar.; Simmer for 2 minutes to thicken and cook out the flour taste.; Add about 2 cups of the sauce to the pasta.; Mix well.; Spread the pasta evenly in the baking dish.; Pour the remaining sauce over the pasta and smooth the surface.; There will seem to be too much sauce for the amount of pasta, but it will all come out fine in the end.; Bake until the sauce is bubbling and a crust has developed, about 15 minutes.; Remove from the oven, set aside to rest for 5 minutes before serving.."", ""Reference 9: The directions of Baked Macaroni and Cheese are: Preheat the oven to 350 degrees F.; For the pasta: In a 4-quart pot, cover the macaroni and salt with 1 inch of cold water.; Bring to boil over medium heat.; When the pasta comes to a boil begin testing for doneness.; Cook to al dente.; Drain in a colander and rinse with cold water to stop cooking; For the cheese sauce: While the pasta is cooking, melt the butter over medium heat in a 3-quart saucepan.; Once the butter stops bubbling, whisk in the flour and cook until the mixture is a pale blonde, stirring occasionally, about 3 minutes.; Add the mustard, paprika, onion and bay leaf and whisk to combine.; Add the milk, whisking continually for 7 to 8 minutes or until slightly thickened.; Remove from the heat and discard the bay leaf.; In a small bowl, lightly beat the egg.; Add a few ounces of the milk mixture to the egg and whisk to combine.; Add another few ounces of the milk mixture to the egg and thoroughly combine.; Then add the egg mixture back to the milk mixture and whisk vigorously.; Stir in three-quarters of the cheese and season with the salt and pepper.; Fold the macaroni into the mix and pour into a 4-quart casserole dish.; For the topping: Top the macaroni with the remaining cheese.; Toss the breadcrumbs with the melted butter to coat.; Sprinkle the macaroni with the breadcrumb mixture in an even layer.; Bake for 30 minutes.; Remove from the oven and rest for 5 minutes before serving.."", ""Reference 10: The directions of Baked Macaroni and Cheese are: Preheat oven to 375F and butter a 2-quart shallow baking dish.; Melt butter in a medium saucepan over medium-low heat and stir in flour and paprika, cook roux, whisking, 3-4 minutes.; Take off heat and whisk in milk, cream and salt.; Put back onto heat and bring sauce to a boil, whisking, and simmer, whisking occasionally, 3-4 minutes; Remove pan from heat.; Cook pasta in plenty of boiling, salted water until al dente, drain pasta, empty back into pot it was cooked in and stir together with sauce, Worcestershire sauce, 2 1/2 cups of the grated Cheddar and the Parmesan.; Transfer to prepared dish.; In a small bowl, toss remaining cheddar with bread crumbs and melted butter and sprinkle over pasta mixture; Bake mac and cheese in middle of oven for 20-25 minutes, or until golden and bubbling, and let stand 10 minutes before serving.."", ""Reference 11: The directions of Baked Macaroni and Cheese are: Soak dry beans in water to cover overnight, drain.; Add 2 quarts water, simmer, covered, for 1 1/2 to 2 hours or until done.; Drain, reserving 1 cup of cooking liquid, set aside.; In large 3 quart Dutch oven or heavy kettle, melt suet.; Add onion, saute over medium heat until transparent.; Add meat and brown, stirring often.; Drain all but 2 tablespoon of drippings, add seasonings, cocoa and chilies.; Cover, simmer for 1 1/2 hours, stirring often.; Add tomato juice to keep chili to a medium consistency.; If a thinner chili is desired, use reserved bean juice.; To serve, add warm pinto beans to chili or serve as a side dish.; Add a dollop of sour cream on each bowl.; This is a spicy, meaty chili..""]",gemma3:1b,"The directions of Baked Macaroni and Cheese are: Preheat oven to 375 degrees; In a saucepan melt margarine over low heat.; Stir in flour, salt, mustard & pepper until smooth.; Remove from heat.; Gradually stir in mild until smooth, stirring constantly over medium heat.; Heat about 10 minutes.; Remove from heat & stir in cheese until thickened.; Turn macaroni into greased 2 quart casserole; Top with remaining cheese and bake @ 375 for 25 or until bubbly..",midway correct,hf.co/bartowski/Llama-3.2-3B-Instruct-GGUF,80,"- Point 1: The Provided Answer contains an extra step of stirring the cheese mixture constantly over medium heat, which is not present in Reference 1.
- Point 2: The order of steps in the Provided Answer differs from that in Reference 4, where it first cooks pasta and then adds sauce, whereas the Provided Answer starts by adding sauce to cooked macaroni.
- Point 3: The Provided Answer contains an extra ingredient ""mild"" which is not present in Reference 2.",ministral-3:3b,85,"- Point 1: The Provided Answer omits critical steps from Reference Answers (e.g., pre-cooking macaroni *per package directions* or mixing cheeses separately before combining with pasta). References 1, 4, and 10 require these steps.
- Point 2: Uses ""mild"" instead of ""milk,"" which is inconsistent with all Reference Answers (all use ""milk""). The Provided Answer also lacks the gradual milk addition step",qwen3.5:2b,85,"- The provided answer matches Reference Answer 2 almost exactly, including the specific order of steps (melt margarine first, then flour/salt/mustard/pepper) and the final baking instructions. It is an exact copy with minor grammatical additions (""until smooth"" vs ""smooth"") which do not affect correctness per the rules.
- The provided answer does not contain any duplicate ingredients or contradictory steps compared to Reference Answer 2, making it a logically coherent combination of that single reference without needing union logic.",50,
What are the directions of Pistachio Cake?,"[""Reference 1: The directions of Pistachio Cake are: Mix cake mix, pudding mix, oil, water and eggs together.; Fold in nuts and coconut.; Put in greased and floured 9 x 13-inch pan. Bake at 350\u00b0 for 45 minutes.."", ""Reference 2: The directions of Pistachio Cake are: Mix 3 minutes on medium speed.; Bake at 350\u00b0 in Bundt pan for 35 to 45 minutes or until slightly brown.."", ""Reference 3: The directions of Pistachio Cake are: Combine all ingredients well.; Pour into well-greased tube pan.; Bake at 350\u00b0 for 50 to 55 minutes.."", ""Reference 4: The directions of Pistachio Cake are: Place all ingredients in one bowl.; Mix at low speed for 1 minute and at high speed for 3 minutes.; Pour into Bundt or tube pan.; Cook at 350\u00b0 for 45 to 50 minutes.; Sprinkle confectioners sugar when cool.."", ""Reference 5: The directions of Pistachio Cake are: In a large bowl, mix cake mix, eggs, water, pudding mix, orange juice and oil.; Grease and flour a Bundt pan.; Place 2/3 of batter in pan.; With remaining batter, mix the chocolate syrup and pour on top.; Do not stir.; Bake in preheated oven at 350\u00b0 for 50 minutes or until done.."", ""Reference 6: The directions of Pistachio Cake are: Beat together yellow cake mix, instant pudding, eggs, oil and sour cream, beat well.; Mix sugar, nuts and cinnamon separately. Put half of first mixture in a greased tube pan, then half of sugar mixture.; Add remaining yellow cake mixture and sugar mixture.; Bake at 350\u00b0 about 35 minutes or until toothpick comes out clean.."", ""Reference 7: The directions of Pistachio Cake are: Combine all ingredients, including 1 package pudding, in large bowl and mix well with electric mixer for 2 or 3 minutes.; Pour into tube pan.; Bake at 350\u00b0 for 50 minutes.; Cool completely, then frost with the following:."", ""Reference 8: The directions of Pistachio Cake are: Mix cake mix, 1 package instant pudding, eggs, club soda, oil and nuts as you would to make cake.; Bake at 350\u00b0 for 30 to 35 minutes.; Let cool.; Mix milk, Dream Whip and 1 pudding mix and frost.."", ""Reference 9: The directions of Pistachio Cake are: Preheat oven to 350F.; Butter a 13- by 9-inch metal cake pan, then line bottom with wax paper.; Butter paper and dust pan with some flour, knocking out excess.; Pulse pistachios in a food processor until finely ground (be careful not to overprocess into a paste).; Add 1 cup flour, baking powder, cardamom, and salt and pulse once or twice to mix.; Combine milk and vanilla in a measuring cup.; Beat together butter and sugar in a large bowl with an electric mixer until pale and fluffy.; Add eggs 1 at a time, beating well after each addition.; Alternately add pistachio flour and milk in batches, beginning and ending with flour, and mix at low speed until just combined.; Spread batter evenly in cake pan and bake in middle of oven until a tester comes out clean, about 20 minutes.; Cool in pan on a rack 10 minutes, then run a thin knife around sides of cake and invert onto rack.; Remove paper and reinvert cake onto a platter.; Cut into squares and serve warm or at room temperature.."", ""Reference 10: The directions of Pistachio Cake are: Heat the oven to 300 degrees.; Grease a 12 x 4 1/2 x 2 3/4-inch loaf pan with 4 tsp of the butter and line with baking parchment.; Soften the remaining butter.; Finely grate the lemon peel.; Split the vanilla bean and scrape out the seeds.; Finely grind the almonds and pistachios together (it's easier if you can find these ready ground!; I thought my arm was going to fall off).; Beat the butter and the sugar until light and fluffy.; Beat in the eggs, one at a time.; Add the lemon peel and vanilla seeds, then fold in the nuts and sift in the flour.; Spoon the batter into the pan and bake for 45-60 minutes.; The cake is ready when a skewer comes out clean.; Leave to cool in the pan, then turn out.; For the topping, grate the lemon peel and squeeze the juice.; Halve the pistachios.; Mix the lemon juice with the sugar, boil until reduced to a syrup, then add the peel.; Stir in the pistachios and pour over the cake..""]",gemma3:1b,"The directions of Pistachio Cake are:

Mix 3 minutes on medium speed.
Bake at 350° in Bundt pan for 35 to 45 minutes or until slightly brown.
Combine all ingredients well.
Pour into well-greased tube pan.
Cook at 350° for 50 to 55 minutes.
Sprinkle confectioners sugar when cool.",midway correct,hf.co/bartowski/Llama-3.2-3B-Instruct-GGUF,90,"- Point 1: The Provided Answer differs from Reference 2 in that it includes an additional step ""Combine all ingredients well."" which is not present in Reference 2. This addition does not seem to be logically coherent with the rest of the instructions.
- Point 2: The Provided Answer has a different order of steps compared to Reference 1, where it first mixes cake mix, pudding mix, oil, water and eggs together, then folds in nuts and coconut, whereas the Provided Answer starts by mixing on medium speed and then proceeds with baking. This change does not seem to be logically coherent.
- Point 3: The Provided Answer has a different final step compared to Reference 3, where it simply pours into a well-greased tube pan, whereas the Provided Answer includes an additional step ""Sprinkle confectioners sugar when cool."" which is also present in some other Reference Answers. This addition does not seem to be logically coherent with the rest of the instructions.

Note that while the Provided Answer does not perfectly match any single Reference Answer, it does combine elements from multiple answers in a way that seems internally coherent and logically sound.",ministral-3:3b,50,"- Point 1: The Provided Answer incorrectly omits key steps (e.g., combining ingredients with a mixer, folding in nuts/coconut, or using specific pans like Bundt/tube) that appear in multiple Reference Answers. It also lacks the ""slightly brown"" cue for baking time, which is explicitly mentioned in Reference 2.
- Point 2: The directions include contradictory oven temps (350° and 45–55 minutes vs. 350°/35–45 minutes) and an irrelevant step (""sprinkle confectioners sugar when cool""), which does not align with any Reference Answer’s sequence.
- Point 3: The Provided Answer starts with redundant phrasing (""Mix 3 minutes on medium speed."") that does not match any Reference Answer’s initial mixing instructions (e.g., ""Combine all ingredients well"" or ""Beat together""). Additionally, it lacks logical progression between steps (e.g., no mention of pouring batter into a pan before baking).",qwen3.5:2b,85,"- The provided answer matches Reference Answer 2 exactly in terms of structure and content, including the specific instruction to mix for only 3 minutes.
- It differs from other references by omitting steps such as greasing/flouring the pan or adding pudding/milk ingredients that appear in most others (e.g., Refs 1, 4, 5).
- The provided answer is internally coherent and logically follows a standard baking procedure without contradictions between its own instructions.",50,
What are the directions of Pizza?,"[""Reference 1: The directions of Pizza are: On cookie sheet, place bread.; Place in order on bread, cheese, tomato, 1 ring from onion slice, cut bacon strip in half and place 2 halves on top.; Sprinkle with oregano.; Place on top rack in oven and bake at 400\u00b0 until bread is golden and cheese is melted slightly.; Remove and let cool 3 minutes.."", ""Reference 2: The directions of Pizza are: Roll the pastry to fit a greased 12' pizza pan.; Flute the edges.; Bake the crust at 400 degrees for 10 minutes.; Arrange the apple slices in a single, circular pattern.; Sprinkle the cheese on top of the apples.; Combine the brown sugar, nuts and spices and sprinkle over the cheese.; Dot the top with pieces of cold butter.; Bake at 400 degrees for 20 minutes.; Serve warm.."", ""Reference 3: The directions of Pizza are: preheat oven to 400; unroll pizza dough on to greased cooking sheet.; bake for 10 minutes.; mix mayonnaise and 1/3 cup of ranch dressing.; spread on to crust.; tap with half of cheese, chicken, remaining cheese and bacon.; bake 5 minutes or until crust is golden brown and cheese is melted.; top with lettuce and tomato drizzle with remaining dressing."", ""Reference 4: The directions of Pizza are: Heat oven to 450 degrees F.; Place pizza crust on baking sheet, spread with sauce.; Top with remaining ingredients.; Bake 10 min.; or until crumbles are heated through (160 degrees F) and cheese is melted.."", ""Reference 5: The directions of Pizza are: Preheat broiler and place rack on second level in oven.; Place tortillas on baking sheet.; Spread each with equal portion of with refried beans.; To each tortilla, add salsa, corn, cilantro and top with cheeses.; Broil until cheese begins to lightly brown and beans are heated through, about 10 minutes.; Garnish with light sour cream.."", ""Reference 6: The directions of Pizza are: Clean mushrooms, chop and set aside.; Preheat oven to 350 degrees.; In a 13x9 pan roll out cresent dough, sealing seams and making a small edge.; Melt butter, add garlic powder and toss with mushrooms.; Spread mushrooms equally over cresent dough.; Sprinkle with red onion.; Sprinkle herbs and pepper evenly over vegetables.; Sprinkle cheese evenly over vegetables.; Bake 25-30 minutes or until golden brown.; Cut into serving pieces.."", ""Reference 7: The directions of Pizza are: cook pasta.; Saute garlic and vegetables in the oil.; Add tomatoes and basil and cook for 10 minutes.; Stir in remaining ingredients and toss with pasta.; Serve and enjoy!.""]",gemma3:1b,"The directions of Pizza are: On cookie sheet, place bread.; Place in order on bread, cheese, tomato, 1 ring from onion slice, cut bacon strip in half and place 2 halves on top.; Sprinkle with oregano.; Place on top rack in oven and bake at 400° until bread is golden and cheese is melted.; Remove and let cool 3 minutes..",midway correct,hf.co/bartowski/Llama-3.2-3B-Instruct-GGUF,80,"- The Provided Answer is missing the step to sprinkle oregano on top of the pizza before baking.
- The answer does not contain any extra ingredients or steps that are present in some of the other Reference Answers.
- The order and arrangement of the ingredients and steps seem logically coherent, but it's worth noting that the reference answers have slight variations in wording.",ministral-3:3b,0,"- Point 1: The Provided Answer does not match any Reference Answer’s structure for a traditional pizza recipe. It incorrectly omits sauce, dough preparation, and baking steps (e.g., no mention of crust or tomato sauce).
- Point 2: While some elements (e.g., cheese, onion, bacon) appear in Reference Answers, the Provided Answer’s order (e.g., placing toppings *after* baking) is nonsensical—toppings must go on before baking.
- Point 3: The Provided Answer starts with ""The directions of Pizza are:"" but then lists a non-pizza recipe (apple-sugar-nut dessert), violating the question’s intent. No logical coherence exists between its steps and any Reference Answer.

*(No operations needed.)*",qwen3.5:2b,85,"- The provided answer matches Reference 1 almost exactly, including the specific order of ingredients (bread, cheese, tomato, onion slice) and baking instructions.
- It includes an extra step not present in other references (""Remove and let cool 3 minutes""), which is a minor addition rather than a contradiction or error.
- The structure follows the required format starting with ""The directions of Pizza are:"".",50,
What are the ingredients of Carbonara?,"[""Reference 1: The ingredients of Carbonara are: mild Italian sausage; ham; butter; parsley; eggs; Parmesan cheese; pepper; spaghetti."", ""Reference 2: The ingredients of Carbonara are: linguine; bacon; eggs; sweet cream butter; whipping cream; Parmesan cheese; parsley flakes; white pepper."", ""Reference 3: The ingredients of Carbonara are: slab bacon; eggs; cream; Parmesan cheese; butter; salt and pepper; spaghetti."", ""Reference 4: The ingredients of Carbonara are: lean bacon; butter; onion; Prosciutto; chicken broth; egg yolk; parsley; Parmesan cheese; spaghetti."", ""Reference 5: The ingredients of Carbonara are: salt & freshly black pepper; pasta; extra virgin olive oil; pancetta; red pepper flakes; garlic; dry white wine; egg yolks; freshly romano cheese."", ""Reference 6: The ingredients of Carbonara are: Old Bay Seasoning; onion powder; parsley; salt; chicken breasts; onion; peas; garlic; butter; bacon bits; mushrooms; flour; milk; chicken broth; cheese; parmesan cheese."", ""Reference 7: The ingredients of Carbonara are: ziti pasta; butter; heavy cream; ham; asparagus; freshly parmesan cheese; salt and pepper."", ""Reference 8: The ingredients of Carbonara are: bacon; heavy whipping cream; parmesan cheese; egg yolks; Worcestershire sauce; vermicelli."", ""Reference 9: The ingredients of Carbonara are: fettuccine; olive oil; garlic; shallots; dry white wine; chicken stock; heavy cream; eggs; parmigiano reggiano; Pecorino Romano; english peas; cherry tomatoes; prosciutto; bacon."", ""Reference 10: The ingredients of Carbonara are: refrigerated cheese tortellini; bacon strips; heavy whipping cream; Parmesan cheese; parsley."", ""Reference 11: The ingredients of Carbonara are: bacon cut into \""; mushrooms; linguine pasta; sour cream; Parmesan cheese; bacon drippings; eggs; water; garlic."", ""Reference 12: The ingredients of Carbonara are: spaghetti; olive oil; frozen peas; zucchini lengthwise; artichokes in oil; red peppers; garlic; eggs; heavy cream; parsley leaves; Parmesan cheese freshly."", ""Reference 13: The ingredients of Carbonara are: bacon; eggs; bunch green onions; garlic; handful flat leaf parsley; pasta linguine preferred."", ""Reference 14: The ingredients of Carbonara are: pancetta; black pepper; unsalted butter; garlic plump; spaghetti De Cecco is very good; eggs; Parmesan; pecorino cheese."", ""Reference 15: The ingredients of Carbonara are: butter; strips bacon; button mushrooms; shiitake mushrooms; garlic; chicken stock; cream; tagliatelle; Parmesan cheese."", ""Reference 16: The ingredients of Carbonara are: bacon; garlic; olive oil; hot chili peppers flakes; each eggs; parmesan; spaghetti."", ""Reference 17: The ingredients of Carbonara are: prosciutto; bacon; garlic; heavy cream; asiago cheese; Fontina cheese; parmesan cheese; salt; black pepper; cornstarch; water; egg; egg yolk; butter; pasta."", ""Reference 18: The ingredients of Carbonara are: penne pasta; evaporated milk; paprika; egg yolk; eggs; parmesan cheese; bacon."", ""Reference 19: The ingredients of Carbonara are: asparagus; extra-virgin olive oil; garlic; Salt; dry penne pasta; eggs; black pepper; pecorino; tarragon leaves.""]",gemma3:1b,mild Italian sausage; ham; butter; parsley; eggs; Parmesan cheese; pepper; spaghetti,midway correct,hf.co/bartowski/Llama-3.2-3B-Instruct-GGUF,96,"- The Provided Answer is an exact copy of Reference 1.
- No operations needed.",ministral-3:3b,0,"- Point 1: The Provided Answer includes mild Italian sausage, which is not present in any Reference Answer (all use bacon, ham, or pancetta).
- Point 2: It omits Parmesan cheese and pepper, both explicitly listed in Reference 1 but absent from the Provided Answer.
- Point 3: The Provided Answer incorrectly lists parsley (a minor ingredient in some Reference Answers) instead of ham or bacon, which are core components in all provided Reference Answers.",qwen3.5:2b,95,"- The provided answer matches Reference 1 exactly in terms of listed ingredients and structure.
- No operations needed to correct the grammar or formatting as it aligns perfectly with one reference.
- Score is high because there are no contradictions, duplicates (other than standard list items), or missing critical components compared to any single reference; only minor variations exist between references which do not affect correctness here.",50,
What are the ingredients of Soft Pretzels?,"[""Reference 1: The ingredients of Soft Pretzels are: hot water; active dry yeast; water; brown sugar; flour; extra flour; coarse pretzel salt; baking soda."", ""Reference 2: The ingredients of Soft Pretzels are: flour; wheat flour; rapid yeast; salt; hot water; honey; oil; egg; cool water; sesame seed; coarse salt; mustard."", ""Reference 3: The ingredients of Soft Pretzels are: dry yeast; water; salt; sugar; flour; egg; coarse salt."", ""Reference 4: The ingredients of Soft Pretzels are: active dry yeast; water; sugar; salt; all-purpose flour; egg; coarse salt."", ""Reference 5: The ingredients of Soft Pretzels are: envelope yeast; sugar; salt; flour; egg yolk; course salt."", ""Reference 6: The ingredients of Soft Pretzels are: water; packet active dry yeast; salt; cane sugar; all-purpose flour; egg; Pinch course salt."", ""Reference 7: The ingredients of Soft Pretzels are: dry yeast; sugar; water; all-purpose flour; salt; butter; Cooking spray; water; baking soda; kosher salt."", ""Reference 8: The ingredients of Soft Pretzels are: dry yeast; sugar; water; all-purpose flour; salt; Cooking spray; water; baking soda; cornmeal; water; egg; kosher salt."", ""Reference 9: The ingredients of Soft Pretzels are: yeast; all purpose flour; salt; sugar; margarine; hot water; egg plus water for eggwash."", ""Reference 10: The ingredients of Soft Pretzels are: flour; yeast; milk; sugar; cooking oil; salt; salt; boiling water; slightly egg white; Sesame seed; coarse salt."", ""Reference 11: The ingredients of Soft Pretzels are: active dry yeast; sugar; water; all-purpose flour; sugar; salt; vegetable oil; baking soda; hot water; course salt."", ""Reference 12: The ingredients of Soft Pretzels are: yeast; water; milk; sugar; shortening; flour; baking powder; salt; baking soda; water; coarse salt."", ""Reference 13: The ingredients of Soft Pretzels are: hot water; sugar; active dry yeast - envelope; all--purpose flour; salt; canola oil; Vegetable oil cooking spray; baking soda; egg; Coarse or pretzel salt.""]",gemma3:1b,hot water; active dry yeast; water; brown sugar; flour; extra flour; coarse pretzel salt; baking soda.,midway correct,hf.co/bartowski/Llama-3.2-3B-Instruct-GGUF,90,"- Point 1: The Provided Answer contains ""extra flour"" which is not present in any of the Reference Answers.
- Point 2: The Provided Answer has an extra ingredient ""baking soda"" that is also present in some Reference Answers, but it's not a standard ingredient for Soft Pretzels according to all Reference Answers.",ministral-3:3b,100,- No operations needed.,qwen3.5:2b,95,"- The provided answer matches Reference 1 exactly in terms of the listed ingredients and order.
- No operations needed.",50,
What are the ingredients of Italian Pork Chops?,"[""Reference 1: The ingredients of Italian Pork Chops are: pork chops; tomato sauce; green peppers; onions; salt and pepper; oregano."", ""Reference 2: The ingredients of Italian Pork Chops are: basil; garlic; salt; pepper; flour; chicken broth; pork chops; butter; olive oil; white wine."", ""Reference 3: The ingredients of Italian Pork Chops are: shortening; loin pork chops; onion; green pepper; tomato sauce; water; sugar; oregano; garlic salt; salt and pepper; potatoes; Romano cheese."", ""Reference 4: The ingredients of Italian Pork Chops are: boneless pork chops; Bisquick mix; Italian dressing; Progresso garlic herb bread crumbs; vegetable oil."", ""Reference 5: The ingredients of Italian Pork Chops are: center cut pork chops; tomatoes; green pepper; onion; mushrooms; oregano; garlic salt; thyme."", ""Reference 6: The ingredients of Italian Pork Chops are: pork loin chops; olive oil; onion; green pepper; tomato sauce; water; sugar; oregano; garlic salt; pepper; potatoes; romano cheese."", ""Reference 7: The ingredients of Italian Pork Chops are: bone-in pork loin chops; olive oil; onion; mushrooms; garlic; Italian tomatoes; salt; oregano; basil; pepper; green pepper."", ""Reference 8: The ingredients of Italian Pork Chops are: whole Eggs; Milk Or Cream; Dijon Mustard; Flour; Lemon Zest; Italian Bread Crumbs; Salt And Pepper; Pork Chops."", ""Reference 9: The ingredients of Italian Pork Chops are: lean pork chops; pepper; mushrooms; onion; garlic; green pepper; canned tomato sauce; cooking sherry; lemon juice; oregano; basil."", ""Reference 10: The ingredients of Italian Pork Chops are: whole Pork Chops; Tomato Sauce; Petite Tomatoes; Garlic; whole Onion; Basil; Oregano; Olive Oil; Red Wine; Pasta; Salt And Pepper."", ""Reference 11: The ingredients of Italian Pork Chops are: nice pork chops; margarine; italian seasoning; garlic; onion powder; tart apples; celery ribs; pepper."", ""Reference 12: The ingredients of Italian Pork Chops are: saltine crackers; parmesan cheese; italian seasoning; garlic powder; butter; pork chops.""]",gemma3:1b,pork chops ; tomato sauce ; green peppers ; onions ; salt and pepper ; oregano,midway correct,hf.co/bartowski/Llama-3.2-3B-Instruct-GGUF,100,- No operations needed.,ministral-3:3b,100,- No operations needed.,qwen3.5:2b,95,"- The provided answer matches Reference Answer 1 almost exactly, including the same list of ingredients and phrasing.
- No elements were added or removed; all items (pork chops, tomato sauce, green peppers, onions, salt/pepper, oregano) are present in both texts.
- There is no contradiction between provided answer and reference 1 regarding ingredient inclusion or order.",50,
What are the ingredients of Baked Macaroni and Cheese?,"[""Reference 1: The ingredients of Baked Macaroni and Cheese are: elbow macaroni; butter; flour; dry mustard; salt; milk; cheddar cheese."", ""Reference 2: The ingredients of Baked Macaroni and Cheese are: margarine; flour; salt; dry mustard; pepper; milk; cheddar cheese; macaroni."", ""Reference 3: The ingredients of Baked Macaroni and Cheese are: elbow macaroni; extra-sharp cheddar cheese; parmesan cheese; garlic; white bread; butter; all-purpose flour; evaporated milk; milk; mustard; salt; black pepper; size jalapeno pepper."", ""Reference 4: The ingredients of Baked Macaroni and Cheese are: unsalted butter; all-purpose flour; paprika; milk; salt; wagon-wheel pasta; worcestershire sauce; extra-sharp cheddar cheese; coarse bread crumbs."", ""Reference 5: The ingredients of Baked Macaroni and Cheese are: eggs; salt; elbow macaroni; butter; evaporated milk; extra-sharp cheddar cheese."", ""Reference 6: The ingredients of Baked Macaroni and Cheese are: elbow macaroni; butter; evaporated milk; mild cheddar cheese; sharp cheddar cheese; colby-monterey jack cheese; velveeta cheese; egg; salt; pepper; nutmeg; sugar."", ""Reference 7: The ingredients of Baked Macaroni and Cheese are: sweet sausage; onion; garlic; butter; flour; mustard; worcestershire sauce; salt; white pepper; ketchup; milk; sharp cheddar cheese; mild cheddar cheese; spinach; penne pasta."", ""Reference 8: The ingredients of Baked Macaroni and Cheese are: elbow macaroni; unsweetened vegan milk; vegan cream cheese; pimientos; nutritional yeast flakes; sea salt; onion powder; paprika; vegan butter; unbleached all-purpose flour; apple cider vinegar."", ""Reference 9: The ingredients of Baked Macaroni and Cheese are: elbow macaroni; kosher salt; unsalted butter; all-purpose flour; mustard; paprika; yellow onion; bay leaf; milk; egg; cheddar; kosher salt; unsalted butter."", ""Reference 10: The ingredients of Baked Macaroni and Cheese are: butter; flour; paprika; milk; cream; salt; rotelle pasta; worcestershire sauce; extra-sharp cheddar cheese; freshly- parmesan cheese; butter."", ""Reference 11: The ingredients of Baked Macaroni and Cheese are: milk; macaroni; margarine; salt; flour; sharp cheddar cheese.""]",gemma3:1b,The ingredients of Baked Macaroni and Cheese are: elbow macaroni; butter; dry mustard; salt; milk; cheddar cheese.,midway correct,hf.co/bartowski/Llama-3.2-3B-Instruct-GGUF,100,- No operations needed.,ministral-3:3b,50,"- Point 1: The Provided Answer omits ""flour"" and includes ""dry mustard"", neither of which appear in the closest matching Reference Answers (e.g., Reference 1, 5). While dry mustard is present in some others, flour is consistently included across all provided Reference Answers.
- Point 2: The Provided Answer incorrectly lists ""margarine"" and ""evaporated milk""—these ingredients are absent from the closest matches (Reference 1, 5) but appear in other Reference Answers (e.g., Reference 2, 11). This introduces unnecessary variation without logical justification.
- Point 3: The Provided Answer does not align with any single Reference Answer exactly. While it shares some ingredients (butter, milk, cheddar cheese), the omission of key components like flour and inclusion of non-standard additions (e.g., dry mustard) makes it a hybrid that lacks coherence compared to any one source.",qwen3.5:2b,85,"- The provided answer matches Reference Answer 1 and Reference Answer 9 in terms of the core ingredients (elbow macaroni, butter, dry mustard, salt, milk, cheddar cheese), but it omits ""flour"" which is present in both. This omission makes the list incomplete compared to the reference answers that include flour as a standard ingredient for this dish.
- The provided answer includes ""dry mustard,"" whereas Reference Answer 1 lists ""mustard."" While these are likely synonymous, the presence of an extra specific item (""dry"") without its absence elsewhere in other references creates slight redundancy or inconsistency with the more general reference list (e.g., Ref 9 also has dry mustard).
- The provided answer lacks ""pepper"" which appears in Reference Answer 2 and is absent from most others; however, since it matches two distinct answers that differ on this point, we evaluate based on the closest match. The missing flour remains a significant deviation from the majority of reference lists (Ref 1, Ref 9) regarding standard macaroni recipes.",50,
What are the ingredients of Pistachio Cake?,"[""Reference 1: The ingredients of Pistachio Cake are: white cake mix; instant pistachio pudding mix; water; oil; eggs; coconut; pecans."", ""Reference 2: The ingredients of Pistachio Cake are: white cake mix; pistachio pudding; club soda; vegetable oil; pecans."", ""Reference 3: The ingredients of Pistachio Cake are: white cake mix; instant pistachio pudding; egg whites; salad oil; club soda; walnuts."", ""Reference 4: The ingredients of Pistachio Cake are: yellow cake mix; orange juice; eggs; oil; pistachio instant pudding; almond extract; drops green food coloring."", ""Reference 5: The ingredients of Pistachio Cake are: Duncan Hines white cake mix; pistachio pudding mix; eggs; water; Crisco oil; orange juice; Hershey chocolate syrup."", ""Reference 6: The ingredients of Pistachio Cake are: yellow cake mix; instant pistachio pudding; eggs; oil; sour cream; sugar; nuts; cinnamon."", ""Reference 7: The ingredients of Pistachio Cake are: white cake mix; pistachio pudding mix; eggs; oil; Up; nuts."", ""Reference 8: The ingredients of Pistachio Cake are: yellow cake mix; pistachio instant pudding; eggs; club soda or water; oil; nuts; milk; envelope Dream Whip."", ""Reference 9: The ingredients of Pistachio Cake are: shelled natural pistachios; all-purpose flour; baking powder; cardamom; salt; whole milk; vanilla; unsalted butter; sugar; eggs."", ""Reference 10: The ingredients of Pistachio Cake are: unsalted butter; lemon; vanilla bean; blanched almond; pistachios; superfine sugar; eggs; all-purpose flour; lemon; pistachios; superfine sugar.""]",gemma3:1b,The ingredients of Pistachio Cake are: white cake mix; instant pistachio pudding mix; water; oil; eggs; coconut; pecans.,midway correct,hf.co/bartowski/Llama-3.2-3B-Instruct-GGUF,80,"- The Provided Answer matches Reference 1 exactly, with no differences.
- No operations needed.",ministral-3:3b,100,- No operations needed.,qwen3.5:2b,85,"- The provided answer matches Reference Answer 1 exactly in terms of listed ingredients and structure.
- It does not contain any duplicate elements or logical contradictions compared to the other references, as it aligns perfectly with one specific reference without merging conflicting details from others (e.g., no mention of club soda like Ref 2).
- The answer starts correctly with ""The ingredients of Pistachio Cake are:"" and includes all items listed in Reference Answer 1.",50,
What are the ingredients of Pizza?,"[""Reference 1: The ingredients of Pizza are: bread; yellow American cheese; bacon; tomato; onion; oregano."", ""Reference 2: The ingredients of Pizza are: pastry for single-crust pie; granny smith apples; sharp cheddar cheese; brown sugar; walnuts; cinnamon; nutmeg; butter."", ""Reference 3: The ingredients of Pizza are: mayonnaise; Ranch Dressing; triple cheddar cheese; chicken; bacon and crumbled; lettuce; tomato finally; refrigerated pizza crust."", ""Reference 4: The ingredients of Pizza are: ready-to-use baked pizza crust; KRAFT Original Barbecue Sauce; frozen BOCA Veggie Crumbles; KRAFT Pizza Low-Moisture Mozzarella & Cheddar Cheeses; canned pineapple tidbits; green pepper strips; red onions."", ""Reference 5: The ingredients of Pizza are: whole wheat flour tortillas; fat-free refried beans; salsa; frozen corn; cilantro; reduced-fat monterey jack cheese; cheddar cheese; light sour cream."", ""Reference 6: The ingredients of Pizza are: crescent rolls; mushrooms; parmesan cheese; butter; red onion; garlic powder; cracked black pepper; herbes de provence."", ""Reference 7: The ingredients of Pizza are: bow tie pasta; green peppers; garlic; stewed tomatoes; pepperoni; pepper; onion; red peppers; olive oil; basil; mozzarella cheese.""]",gemma3:1b,The ingredients of Pizza are: bread; yellow American cheese; bacon; tomato; onion; oregano.,midway correct,hf.co/bartowski/Llama-3.2-3B-Instruct-GGUF,100,"- No operations needed.
 
This decision is based on the fact that the Provided Answer exactly matches Reference Answer 1, with no additional or removed elements. The explanation does not delve into grammatical corrections or ingredient correctness since the answer is an exact copy of one of the Reference Answers.",ministral-3:3b,100,- No operations needed.,qwen3.5:2b,85,"- The provided answer matches Reference 1 exactly in terms of ingredient list and phrasing.
- It correctly follows the required format starting with ""The ingredients of Pizza are:"".
- No operations or corrections were needed to align it with any single reference, resulting in a perfect match score for that specific reference.",50,
What are the directions of Carbonara?,"[""Reference 1: The directions of Carbonara are: Stir-fry sausage and ham until lightly brown.; Remove from wok.; Have all ingredients ready and measured. Add hot spaghetti to meat with butter and parsley.; Mix well.; At once, pour in eggs and continue to blend quickly, lifting and mixing the pasta to coat well.; Sprinkle in the 1/2 cup Parmesan cheese and a dash of pepper.; Mix again.; Serve and top with additional Parmesan cheese.."", ""Reference 2: The directions of Carbonara are: Cut bacon into pieces and fry.; Drain grease.; Keep bacon warm.; Prepare linguine according to package directions.; In a saucepan, combine eggs, butter and whipping cream over low heat, stirring occasionally.; Remove from heat after butter is fully melted and when thickened sauce coats spoon.; Combine drained linguine, bacon and sauce and stir until thoroughly mixed.; Add Parmesan cheese, parsley flakes and white pepper (optional).; Stir until Parmesan cheese is completely melted and everything is thoroughly mixed.; Serve immediately.; Serves 4 to 6.; Can be halved or doubled.."", ""Reference 3: The directions of Carbonara are: Cut bacon into cubes.; Separate eggs.; Use whites for another recipe.; Slightly beat yolks.; Whisk in cream.; Add grated cheese and salt.; Put bacon and grease into pan and saute until crisp at edges.; Pepper it.."", ""Reference 4: The directions of Carbonara are: Cook bacon crisp, crumble into bits and set aside.; Drain fat from skillet.; Add butter and onion, cook until soft.; Stir in Prosciutto.; Add chicken broth and bacon.."", ""Reference 5: The directions of Carbonara are: Put a large saucepot of water to boil.; Once boiling, add a liberal amount of salt and pasta. Cook to al dente, about 8 minutes.; Meanwhile, heat a large skillet over medium heat.; Add olive oil and pancetta. Brown pancetta about 2 minutes.; Add red pepper flakes and garlic and cook 2 to 3 minutes more.; Add wine and stir up all pan drippings.; In separate bowl, beat yolks, then add 1 large ladleful (about 1/2 cup)of the pasta cooking water. This tempers the eggs and keeps them from scrambling when added to pasta.; Drain pasta well and add directly to skillet with pancetta, garlic and oil.; Pour egg mixture over pasta. Toss rapidly to coat the pasta without cooking the egg.; Remove from heat and add a big handful of cheese, lots of pepper and a little salt. Continue to toss and turn pasta until soaks up egg mixture and thickens, 1 to 2 minutes.; Serve with extra Romano.."", ""Reference 6: The directions of Carbonara are: Melt half a stick of butter in a saucepan.; Cook chicken, garlic, bacon bits, mushrooms, onion and peas until tender and you won't get food poisoning.; Season with a bit of salt, onion powder and old bay.; Move cooked ingredients to the side and mix together half a stick of butter and four tablespoons of flour on low to medium heat (3 minutes) until it resembles a creamy paste.; Stir in two cups of milk and a cup of chicken broth and mix well.; Bring to a slow boil. Mix often.; Add one cup of shredded cheese and a cup of grated Parmesan cheese.; Add your other cooked ingredients.; Allow to thicken and simmer on low for about ten minutes.; Add more milk or chicken broth if you want a thinner sauce or you find the cheese gets stringy.; Use over your favorite pasta.."", ""Reference 7: The directions of Carbonara are: Cook Ziti as directed until al dente.; Melt the butter in a skillet over med heat .; Add the cream, ham and asparagus, increase heat until liquid comes to a full boil, reduce heat.; Add cooked ziti to the sauce, then parmesan cheese.; Mix gently until pasta is completely coated.; Serve.."", ""Reference 8: The directions of Carbonara are: Cook bacon until crispy over medium high heat, drain and set aside, reserving 2 tablespoons bacon grease.; Set the pasta to boil according to the package's directions.; Whisk cream, Parmesan, egg yolks, and worcestershire sauce in a medium sized bowl.; Whisk in the warm bacon drippings that had previously been set aside.; Whisk until blended and set aside.; Drain pasta and return to pot.; Carefully add cream mixture and toss until pasta is well coated.; Add bacon, and pepper to taste.; Serve.."", ""Reference 9: The directions of Carbonara are: Cook pasta, drain and reserve 1 cup liquid.; Toss cooked pasta in 2 tbls olive oil and set aside.; Mix eggs and cheeses heat saucepan, add oil and bacon, stirring for 2 minutes; Add garlic, hallots and cook for 4 minutes.; Add white wine and reduce almost all the way down.; Add the chicken stock, reduce by half.; Add heavy cream and pasta water.; Add the pasta and the roasted tomatoes to the saucepan.; Remove from heat and toss in the egg cheese mixture and julianne prosciutto.; Season with salt and pepper and top with bacon."", ""Reference 10: The directions of Carbonara are: Cook tortellini according to package directions; Drain.; Meanwhile, in a large skillet, cook bacon over medium heat until crisp, stirring occasionally.; Remove with a slotted spoon, drain on paper towels.; Pour off drippings.; In same pan, combine cream, cheese, parsley and bacon, heat through over medium heat.; Stir in tortellini.; Serve immediately.."", ""Reference 11: The directions of Carbonara are: Saute mushrooms in butter, set aside.; Crush garlic, add to skillet with bacon.; Brown.; Start cooking linguine.; DO NOT brown bacon crisp.; Drain.; Now drain linguine but not wash. Toss with 1 tablespoon olive oil.; Quickly stir together over low heat, bacon with 3 tablespoons drippings, add eggs, stir, add mushrooms.; Stir, add sour cream, stir, add Parmesan cheese and stir.; Toss quickly with linguine and serve."", ""Reference 12: The directions of Carbonara are: Cook pasta in boiling salted water with 1 tbsp oil for 6-7 mins until al dente, adding peas and zucchini for last 2 mins of cooking.; Drain.; Meanwhile, saute artichokes, red peppers and garlic in remaining oil for 2-3 mins, until browned.; Remove from the heat and set aside.; Discard garlic.; Whisk together eggs, heavy cream, parsley and 1/2 the cheese.; Add pasta and vegetables.; Cook over low heat until eggs are creamy.; Sprinkle with remaining cheese.; Serve.."", ""Reference 13: The directions of Carbonara are: Boil pot of water with salt to cook pasta.; Meanwhile chop bacon and cook in large frying pan.; Once bacon is lightly crisped, add garlic, onions, and turn to slightly lower heat.; Beat 4 eggs into separate mixing bowl.; Once pasta is finished cooking, add it to pan with bacon/onions/garlic and toss at low heat.; Immediately begin pouring eggs over while tossing, so that pasta cooks the eggs without scrambling them.; Add parsley and continue to toss over low heat for about 5 minutes, then serve.."", ""Reference 14: The directions of Carbonara are: Put a large saucepan of water on to boil.; Finely chop the pancetta, having first removed any rind.; Finely grate both cheeses and mix them together.; Beat the eggs in a medium bowl, season with a little freshly grated black pepper and set everything aside.; Add 1 tsp salt to the boiling water, add the spaghetti and when the water comes back to the boil, cook at a constant simmer, covered, for 10 minutes or until al dente (just cooked).; Squash the garlic with the blade of a knife, just to bruise it.; While the spaghetti is cooking, fry the pancetta with the garlic.; Drop the butter into a large wide frying pan or wok and, as soon as the butter has melted, tip in the pancetta and garlic.; Leave these to cook on a medium heat for about 5 minutes, stirring often, until the pancetta is golden and crisp.; The garlic has now imparted its flavour, so take it out with a slotted spoon and discard.; Keep the heat under the pancetta on low.; When the pasta is ready lift it from the water with a pasta fork or tongs and put it in the frying pan with the pancetta. Don't worry if a little water drops in the pan as well (you want this to happen) and don't throw the rest of the pasta water away yet.; Mix most of the cheese in with the eggs, keeping a small handful back for sprinkling over later.; Take the pan of spaghetti and pancetta off the heat.; Now quickly pour in the eggs and cheese and, using the tongs or a long fork, lift up the spaghetti so it mixes easily with the egg mixture, which thickens but doesn't scramble, and everything is coated.; Add extra pasta cooking water to keep it saucy (several tablespoons should do it).; You don't want it wet, just moist.; Season with a little salt, if needed.; Use a long-pronged fork to twist the pasta on to the serving plate or bowl.; Serve immediately with a little sprinkling of the remaining cheese and a grating of black pepper.; If the dish does get a little dry before serving, splash in some more hot pasta water and the glossy sauciness will be revived.."", ""Reference 15: The directions of Carbonara are: For the sauce, heat butter in a large frying pan.; Add bacon and mushrooms and cook, stirring, until browned lightly.; Add garlic and cook, stirring, until fragrant.; Stir in stock and boil, uncovered, until reduced by half.; Add cream and bring to a boil.; Reduce heat and simmer, uncovered, until slightly thickened.; Meanwhile, cook the pasta in boiling salted water according to package instructions.; Drain and toss with sauce.; Sprinkle with Parmesan to serve.."", ""Reference 16: The directions of Carbonara are: Place the bacon and chopped garlic in a large skillet with the olive oil.; Add teaspoon he hot peppers.; Cook on low heat for 12 to 15 minutes until all fat is rendered and the bacon is browned.; Beat the eggs in a bowl with the cheese.; Cook the spaghetti in boiling salted water for about 12 minutes.; Drain and place in a serving bowl.; Quickly spoon over the bacon mixture.; Toss.; Quickly stir in the eggs and cheese.; Add some salt, lots of pepper and toss well.; Serve immediately.."", ""Reference 17: The directions of Carbonara are: Cook bacon and proscuitto in medium skillet, untill bacon is done.; Stir often.; Remove bacon and proscuitto.; Drain all but 1 teaspoon of drippings.; Cook garlic in drippings 30 seconds over medium heat.; In very large 13- 14 inch nonstick skillet, bring cream to simmer.; Add Fontina, Asiago, and Parmesan cheeses to cream.; Stir occationally with wisk over medium/ low heat, till melted.; Mix slurry- corn starch & cold water.; Add salt, pepper and slurry to cream mixture, heat through stirring.; In medium bowl, beat 1 egg and 1 egg yolk.; Dip out 1/4 cup hot cream mixture, mix this gradually into beaten eggs to temper.; Wisk egg mixture into cream sauce, mixing well.; Heat through.; Add butter, stir till melted.; Add bacon, procuitto and garlic in drippings.; Heat through.; Pour over cooked pasta and garnish with Parmesan cheese.."", ""Reference 18: The directions of Carbonara are: In a large pot of boiling, salted water, cook pasta according to packet directions.; Drain and keep warm.; Combine the evaporated milk and paprika in a small bowl.; Set aside.; In a separate bowl combine the eggs and cheese.; Set aside.; Heat the oil in the pot used to cook the pasta, add the bacon and cook over a high heat until done.; Remove from heat and add the milk mixture to the bacon.; Stir well and set aside.; In one pot combine the add the pasta and egg mixture to the bacon/milk mixture.; Stir until well combined.; Serve immediately.."", ""Reference 19: The directions of Carbonara are: Snap off the ends of the asparagus.; If the stalks are thick, peel the bottoms.; Slant-cut the asparagus in 1-inch pieces.; Heat 2 tablespoons oil in a large skillet.; Add garlic and cook on medium-low until the garlic is fragrant.; Add asparagus and stir-fry until al dente, about 5 minutes.; Remove pan from heat.; Bring a large pot of salted water to a boil.; Add penne and cook until al dente.; In a medium-size bowl, beat eggs enough to blend them.; Gradually whisk 1/2 cup of the pasta water into the eggs.; Drain pasta and add to skillet.; Add remaining oil and toss with asparagus over low heat, just enough to combine and warm the ingredients.; Season with salt and pepper.; Remove pan from heat.; Very slowly stir about half the egg mixture into the pasta and asparagus, mixing everything constantly.; Dont worry if some of the egg scrambles a bit.; Quickly stir the cheese into remaining eggs, pour over the ingredients in the skillet and mix.; Fold in tarragon.; Serve immediately..""]",hf.co/bartowski/Llama-3.2-1B-Instruct-GGUF,"The directions of Carbonara are:

1. Stir-fry sausage and ham until lightly brown.
2. Remove from wok.
3. Have all ingredients ready and measured.
4. Add hot spaghetti to meat with butter and parsley.
5. Mix well.
6. At once, pour in eggs and continue to blend quickly, lifting and mixing the pasta to coat well.
7. Sprinkle in 1/2 cup Parmesan cheese and a dash of pepper.
8. Mix again.
9. Serve and top with additional Parmesan cheese..",midway correct,gemma3:1b,75,"The provided answer closely matches Reference 1, but it deviates significantly from the rest of the references. It includes a list of ingredients that are not relevant to the question (e.g., ""pasta,"" ""cheese""). Furthermore, it doesn’t follow the steps outlined in any reference and introduces unnecessary details like adding extra salt or pepper. The answer is too long and lacks logical coherence compared to",hf.co/bartowski/Llama-3.2-3B-Instruct-GGUF,80,"- Point 1: The Provided Answer contains an extra step ""Mix well."" which is not present in any of the closest matching Reference Answers.
- Point 2: The Provided Answer has an additional step ""Serve and top with additional Parmesan cheese."" at the end, whereas some Reference Answers have this instruction before mixing eggs with pasta.",ministral-3:3b,85,"#### Point 1 (90/100) – Core Carbonara Technique
- Correctness: The method aligns with the most traditional and widely accepted version of Carbonara, where:
  - Pasta is cooked al dente in salted water.
  - Bacon (or pancetta) is rendered slowly to release fat, then removed before adding eggs/cheese.
  - Eggs are tempered with pasta water to create a creamy sauce without scrambling.
- Variations: References like Ref. 13 and Ref. 14 emphasize the *low-heat* tossing of pasta in egg-cheese mixture, which is critical for texture (creamy but not scrambled). The key here is not overcooking the eggs or using excessive heat.

#### Point 2 (80/100) – Cream Mixture & Bacon Integration
- Cream Addition: References like Ref. 9, Ref. 15, and Ref. 16 suggest adding cream *after* bacon is cooked, but this deviates from the classic method (cream is often omitted or added *before* pasta). The references you provided (e.g., Ref. 10, Ref. 17) include cream as a secondary ingredient, which works but isn’t traditional.
- Bacon & Pepper: Bacon should be cooked until crispy (*Ref. 9*, *Ref. 14*), not just ""lightly"" browned (*Ref. 11*). Pepper is essential for balance (traditionally black pepper), though some recipes use cracked black pepper.

#### Point 3 (70/100) – Pasta Coating & Serving
- Tossing Technique: The ideal Carbonara involves a *low-heat* toss to emulsify the egg-cheese sauce evenly over pasta without scrambling. References like Ref. 14 and Ref. 13 do this well, but some (e.g., Ref. 9) add cream *after* bacon, which disrupts the natural fat-based sauce.
- Serving: Immediate serving is critical (*Ref. 10*, *Ref. 18*). Adding cream too late can dilute the richness of the traditional egg-cheese base.

---
### Key Adjustments for Authenticity:
1. Skip Cream (or Use Sparingly): Traditional Carbonara relies on eggs and cheese, not cream. If adding cream, do so *before* pasta (*Ref. 15*) or as a secondary layer (*Ref. 9*).
2. Prioritize Bacon Fat: Render bacon until golden (*Ref. 14*), then remove before adding eggs/cheese.
3. Low-Heat Tossing: Keep heat minimal when combining pasta with egg-cheese mixture to avoid scrambling.

---
### Final Verdict:
Your approach is 85% accurate—it captures the core elements (bacon, eggs, cheese) but deviates slightly from classic methods by adding cream and pepper. For a *true* Carbonara, focus on:
- Cooking pasta al dente.
- Slowly rendering bacon until crispy.
- Tossing pasta in egg-cheese mixture at low heat.
- Serving immediately.

Would you like a refined step-by-step for the traditional version?",50,
What are the directions of Soft Pretzels?,"[""Reference 1: The directions of Soft Pretzels are: Heat oven to 475\u00b0.; In a large bowl, mix the hot water and yeast until the yeast dissolves.; Stir in the warm water and the brown sugar.; Slowly add 5 cups of flour to the mixture, stirring constantly.; Continue stirring until the mixture is smooth and does not stick to the sides of the bowl.; Put the dough on a lightly floured board.; Dip your hands in the extra flour.; Knead the dough until it is stretchy and smooth.; Push it down and away from you with the palms of your hands.; Turn the dough as you work.."", ""Reference 2: The directions of Soft Pretzels are: Grease baking sheet and preheat oven to 425\u00b0.; Place cool water into small bowl and beat in egg.; Set aside.; In a large bowl, mix only 2 cups of the white flour, wheat flour, yeast and salt.; Add water, honey and oil (in this order).; Stir with a wooden spoon until combined.; Add enough of the set aside flour to make a soft dough.; Knead dough about 5 to 7 minutes.; Cut dough into 12 equal pieces.; Roll each piece into a rope.; Form pretzels and place on baking sheet.; Dough will contract a little, so enlarge holes with finger.; Brush each pretzel with your egg mixture.; Bake 15 to 20 minutes or until golden brown.."", ""Reference 3: The directions of Soft Pretzels are: Preheat oven to 450\u00b0.; Dissolve yeast in warm water, add sugar and salt.; Blend in flour.; Knead until smooth.; Cut into 10 to 12 pieces, roll into ropes and twist into desired shapes.; Place on a lightly greased cookie sheet.; Brush with beaten egg and sprinkle with coarse salt.; Bake at 450\u00b0 for 12 to 15 minutes.."", ""Reference 4: The directions of Soft Pretzels are: In a large bowl, dissolve yeast in water.; Add the sugar, salt and enough flour to make a soft dough.; Turn onto a floured board, knead until smooth and elastic, about 6 to 8 minutes.; Pinch off about 2 tablespoons of dough for each pretzel.; Shape into traditional pretzel twists or other shape as desired.; Place on greased baking sheets.; Brush with egg, sprinkle with salt.; Bake at 425\u00b0 for 15 minutes or until golden brown.; Cool on wire rack.."", ""Reference 5: The directions of Soft Pretzels are: Preheat oven to 425\u00b0.; Dissolve yeast in 1 1/2 cups lukewarm water.; Add sugar and salt, stir until dissolved.; Add flour, mix well.; Turn out dough on floured board, knead for about 5 minutes. Roll into thin strips, shape into pretzels.; Place on well-greased cookie sheet.; Beat egg yolk with one tablespoon of water, brush on pretzels.; Sprinkle generously with coarse salt. Bake in oven for 15 to 20 minutes.."", ""Reference 6: The directions of Soft Pretzels are: Preheat oven to 425\u00b0F.; Set aside two baking sheets.; In a medium sized bowl, combine the warm water and yeast and mix for about one minute, until the yeast is dissolved.; Shape the dough into a small log and cut into 10 evenly sized pieces.; Roll each piece into a long, even rope (about 20 inches).; Make the pretzel shape by creating a U, then twist the ends across each other and press the dough together.; Lay pretzels on the baking sheets.; Make your egg wash in a small bowl and use a pastry brush to lightly coat the tops of the pretzels.; Sprinkle with course finishing salt and bake for 12-14 minutes until the tops are golden brown.; Let cool on the baking sheet for three minutes before transferring to a cooling rack.; Pretzels are best enjoyed the day that they are made, dipped in Mustard and Co.'s classic mustard.."", ""Reference 7: The directions of Soft Pretzels are: Dissolve yeast and sugar in 1 cup warm water in a small bowl, let stand 5 minutes.; Lightly spoon flour into dry measuring cups, and level with a knife.; Combine 1 1/2 cups flour and salt in a large bowl.; Add butter, yeast mixture, and remaining 1 1/2 cups flour, stirring until a soft dough forms.; Turn dough out onto a lightly floured surface, and knead until smooth and elastic (about 5 minutes).; Place dough in a large bowl coated with cooking spray, turning to coat top.; Cover and let rise in a warm place (85\u00b0), free from drafts, 40 minutes or until doubled in size. (Press two fingers into dough. If indentation remains, the dough has risen enough.); Punch dough down, divide into 12 equal portions.; Cover and let rest 10 minutes on a lightly floured surface.; Shape each portion of dough into an 18-inch rope with tapered ends, twist each rope into a pretzel shape.; Preheat oven to 450\u00b0.; Combine 4 cups water and baking soda in a large nonaluminum Dutch oven, bring to a boil.; Add 4 pretzels, cook 1 minute, turning once (do not overcrowd pan).; Remove pretzels with a slotted spoon, shake off excess water.; Place pretzels on a baking sheet coated with cooking spray, sprinkle 1/4 teaspoon kosher salt evenly over pretzels.; Repeat procedure twice with remaining pretzels and salt.; Bake pretzels at 450\u00b0 for 10 minutes or until golden brown.; Remove from pans to wire racks.."", ""Reference 8: The directions of Soft Pretzels are: Dissolve yeast and sugar in warm water in a large bowl, and let stand for 5 minutes.; Lightly spoon flour into dry measuring cups, level with a knife. Add 3 cups flour and 1 teaspoon salt to yeast mixture, stir until a soft dough forms. Turn dough out onto a lightly floured surface, knead until smooth and elastic (about 8 minutes). Add enough of remaining flour, 1 tablespoon at a time, to prevent dough from sticking to hands (dough will feel slightly sticky).; Place dough in a large bowl coated with cooking spray, turning to coat top. Cover and let rise in a warm place (85\u00b0), free from drafts, 40 minutes or until doubled in size. (Gently press two fingers into dough. If indentation remains, the dough has risen enough.) Punch dough down, cover and let rest 5 minutes.; Preheat oven to 425\u00b0.; Divide dough into 12 equal portions. Working with one portion at a time (cover remaining dough to prevent drying), roll each portion into an 18-inch-long rope with tapered ends. Cross one end of rope over the other to form a circle, leaving about 4 inches at end of each rope. Twist the rope at the base of the circle. Fold the ends over the circle and into a traditional pretzel shape, pinching gently to seal. Place pretzels on a baking sheet lightly coated with cooking spray. Cover and let rise 10 minutes (pretzels will rise only slightly).; Combine 6 cups water and baking soda in a nonaluminum Dutch oven. Bring to a boil, reduce heat, and simmer. Gently lower 1 pretzel into simmering water mixture, cook 15 seconds. Turn pretzel with a slotted spatula, cook an additional 15 seconds. Transfer pretzel to a wire rack coated with cooking spray. Repeat procedure with remaining pretzels.; Place pretzels on a baking sheet sprinkled with cornmeal. Combine 1 teaspoon water and egg in a small bowl, stirring with a fork until smooth. Brush a thin layer of egg mixture over pretzels, sprinkle with kosher salt. Bake at 425\u00b0 for 12 minutes or until pretzels are deep golden brown. Transfer to a wire rack to cool.."", ""Reference 9: The directions of Soft Pretzels are: If you have a bread machine, place all ingredients (except egg) in machine.; (If not, just knead away); Select \""manual\"" and start machine.; When kneading cycle is complete, turn out on floured board.; Cut into 24 strips.; Roll each strip into 18 to 20 inch ropes.; Shape into pretzel and place on baking sheets.; Cover, let rise about 45 minutes.; Beat egg and water together, and brush each pretzel with eggwash.; Sprinkle with topping(s) of your choice (kosher salt, garlic or onion salt, parmesan cheese); Bake in preheated oven at 475 degrees (250 C.) for 12 minutes.."", ""Reference 10: The directions of Soft Pretzels are: In mixer bowl combine 2 cups of the flour and the yeast in saucepan heat milk, sugar, oil and 1 1/2 teaspoons salt just till warm (115 120) stir constantly.; Add to flour mixture.; Beat at low speed of electric mixer for 1/2 minute, scraping bowl.; Beat 3 minutes at high speed.; Stir in as much of he remaining flour as you can mix in with a spoon.; Turn out onto lightly floured surface.; Knead in enough of the remaining flour to make a moderately stiff dough that is smooth and elastic (6-8 minutes) Shape into a ball.; Place in lightly greased bowl, turn once to grease surface.; Cover, let rise in warm place till double (about 1 1/2 hours) Punch down, turn out onto lightly floured surface, cover let rest 10 minutes.; Roll into a 12x8 inch rectangles.; Cut into 16 strips, each 12 inches long and 1/2 inch wide.; Roll each into a rope 16 inches long.; Shape into pretzels.; Let rise, uncovered, 20 minutes.; Dissolve 3 tablespoons salt in the boiling water.; Lower 3 or 4 pretzels at a time into boiling water, boil for 2 minutes, turning once.; Remove with slotted spoon to paper toweling, let stand a few seconds then place 1/2 inch apart on well greased baking sheet.; Brush with mixture of egg white and 2 tablespoons water.; Sprinkle lightly with sesame seed or coarse salt.; Bake in 350 oven 25 to 30 minutes or till golden brown.."", ""Reference 11: The directions of Soft Pretzels are: In a small bowl, dissolve yeast and 1 teaspoon sugar in warm water.; Let stand until creamy about 10 mins.; In a large bowl, mix together flour, 1/2 cup sugar, and salt.; Make a Well in the center, add the oil and yeast mixture.; Mix and form into a dough.; If the mixture is dry, add one or two tablespoons of water.; Knead the dough until smooth, about 7 to 8 mins.; Lightly oil a large bowl, place the dough in the bowl and turn to coat with oil.; Cover with plastic wrap and let rise in a warm place until doubled in size about 1 hour.; Preheat oven to 450F ( 230 C).; In a large bowl, dissolve baking soda in hot water.; When risen, turn dough out onto a lightly floured surface and divide into 12 equal pieces.; Roll each piece into a rope and twist into a pretzel shape.; Once all of the dough is all shaped, dip each pretzel into the baking soda solution and place on a greased baking sheet.; Sprinkle with course salt.; Bake in preheated oven for 8 mins, until browned.."", ""Reference 12: The directions of Soft Pretzels are: 'Proof' yeast in 1/2 cup warm water.; Scald 1 quart of milk.; Add shortening and sugar.; Stir 'til melted.; Let stand 'til lukewarm.; Add 6 cups of the flour and stir until smooth.; Cover.; Let rise in warm place, 30 minutes, until light and bubbly.; Stir down risen dough.; Beat in remaining flour, baking soda and salt.; Cover.; Let rise in greased bowl until double, about 1 1/2 hours.; Punch down.; Divide into 6 pieces.; Let rest 10 minutes.; Divide each piece further into 10 pieces.; Roll into rope 1/2\"" x 18\"".; Twist into pretzel.; Tuck ends under.; When all are shaped, cover lightly with a towel.; Dissolve 2/3 cups baking soda in 2 quarts cold water and bring to a boil in a pan that's NOT aluminum.; Lower pretzels into boiling solution on slotted spatula for 5 seconds and remove.; Drain.; Place on WAXED baking sheet (Put baking sheets in oven as you preheat. At about 250 degrees take the pans out then rub hard with waxed paper.).; Sprinkle pretzels with coarse salt.; Bake in 400 degree F oven for 15 minutes or until well-brown.; Makes 5 dozen 5\"" pretzels.."", ""Reference 13: The directions of Soft Pretzels are: Pour 2 cups hot water into bowl of electric mixer with dough hook.; Check water with instant-read thermometer to register about 110 degrees.; Add sugar, stir to dissolve.; Sprinkle with yeast, let sit 5 minutes, yeast should bubble.; Beat 1 cup flour into yeast on low until combined.; Beat in salt and 4 cups flour until combined, about 30 seconds.; Beat on medium--low until doughy pulls away from sides of bowl, about 1 1/2 minutes.; Add 1/2 cup flour, and knead on low 1 minute more.; If dough is still wet and sticky, add 1/2 cup more flour (this will depend on weather conditions), knead until combined, about 30 seconds.; Transfer to a lightly floured board, and knead about 10 times until smooth.; Pour oil into a large bowl, swirl to coat sides.; Transfer dough to bowl, turning dough to completely cover all sides.; Cover with a kitchen towel, and leave in a warm spot for 1 hour, or until dough has doubled in size.; Heat oven to 450 degrees.; Lightly spray 2 baking sheets with cooking spray.; Set aside.; Punch down dough remove bubbles.; Transfer to a lightly floured board.; Knead once or twice, divide into 16 pieces (about 2 1/2 ounces each), and wrap in plastic.; Roll 1 piece of dough at a time into an 18 -- inch -- long strip.; Twist pretzel shape, transfer to prepared baking sheet.; Cover with a kitchen towel.; Continue to form pretzels, 8 will fit on each sheet.; Let dough rest until it rises slightly, about 15 minutes.; Meanwhile, fill large shallow pot with 2 inches water.; Bring to a boil.; Add baking soda.; Reduce to simmer, transfer 3 to 4 pretzels to water.; Poach 1 minute.; Use slotted spoon to transfer pretzels to baking sheet.; Continue until all pretzels are poached.; Beat egg with 1 tablespoon water.; Brush pretzels with egg wash. Sprinkle with salt.; Bake 12 to 15 minutes, until golden brown.; Let cool on wire rack.; Pretzels are best when eaten the same day, and will keep at room temperature, uncovered, for 2 days.; Do not store in covered container..""]",hf.co/bartowski/Llama-3.2-1B-Instruct-GGUF,"The directions of Soft Pretzels are:

Heat oven to 475°.
In a large bowl, mix the hot water and yeast until the yeast dissolves.
Stir in the warm water and the brown sugar.
Slowly add 5 cups of flour to the mixture, stirring constantly.
Continue stirring until the mixture is smooth and does not stick to the sides of the bowl.
Put the dough on a lightly floured board.
Dip your hands in the extra flour.
Knead the dough until it is stretchy and smooth.
Push it down and away from you with the palms of your hands.
Turn the dough as you work.

The directions of Soft Pretzels are: Preheat oven to 425°.; Place cool water into small bowl and beat in egg.; Set aside.; In a large bowl, mix only 2 cups of the white flour, wheat flour, yeast and salt.; Add water, honey and oil (in this order).; Stir with a wooden spoon until combined.; Add enough of the set aside flour to make a soft dough.; Knead dough about 5 to 7 minutes.; Cut dough into 12 equal pieces.; Roll each piece into a rope.; Form pretzels and place on baking sheet.; Dough will contract a little, so enlarge holes with finger.; Brush each pretzel with your egg mixture.; Bake 15 to 20 minutes or until golden brown..",midway correct,gemma3:1b,75,"This recipe is quite complex and requires careful attention to detail. The sheer number of steps – kneading, rising, shaping, baking – makes it challenging for novice bakers. However, the detailed instructions are a significant strength. Here’s why I give it this score:

* High Complexity (75/100):  The recipe is not straightforward. It involves multiple stages and precise timings. This complexity adds to the challenge but also allows for greater control over the final product if followed carefully.
* Detailed Instructions (75/100): The detailed descriptions of each step – from kneading to baking – are valuable, especially for someone new to bread-making.  The specific instructions regarding proofing and resting are particularly noteworthy.
* Reference Integration (70/100): The references provided are helpful in understanding the techniques involved. They demonstrate a focus on proper dough handling and rising times.
* Overall Quality: While the recipe is ambitious, it's also quite demanding.  The success of this recipe hinges on consistent execution of each step.

Areas for Improvement (Minor):

*   Clarification Needed: Some steps could benefit from more explanation. For example, ""knead in enough of the remaining flour"" – clarifying *how much* is needed would be helpful.
* Ingredient Quantities: The quantities are a bit vague.  Adding a little more detail about each ingredient (especially salt and water) would improve clarity.

Let me know if you'd like me to elaborate on any specific aspect of the recipe!",hf.co/bartowski/Llama-3.2-3B-Instruct-GGUF,100,"Based on the provided references, I will analyze and compare the recipes for Soft Pretzels. Here's a summary of my findings:

**Similarities:**

* All recipes require yeast, flour, sugar, salt, and water.
* Most recipes involve kneading the dough (8-10 minutes) to develop gluten and create a smooth texture.
* The dough is typically allowed to rise in a warm place for 30-60 minutes.

**Differences:**

* **Proofing method:** Some recipes use instant yeast (References 9, 11), while others use active dry yeast (References 1, 2).
* **Water temperature:** References 10 and 13 specify using hot water (around 115°F) to proof the yeast, whereas other recipes use lukewarm or warm water.
* **Dough preparation:** Some recipes involve beating the dough with a mixer (Reference 9), while others require kneading by hand (References 1, 2).
* **Shaping and rising:** The pretzel shapes and rising times vary across recipes. For example, Reference 12 involves twisting the dough into pretzels and letting them rise for 15 minutes, whereas other recipes shape the dough into ropes or circles and let them rise for longer periods.
* **Poaching method:** Some recipes involve boiling water with baking soda (References 9, 11), while others use a separate pot of simmering water (Reference 13).

**Scoring:**

Based on my analysis, I would give each recipe a score out of 100 as follows:

* Reference 1: 80
* Reference 2: 85
* Reference 9: 90
* Reference 10: 75
* Reference 11: 80
* Reference 12: 70
* Reference 13: 85

These scores reflect the similarities and differences between the recipes, as well as their overall quality and effectiveness.

**Recommendations:**

Based on my analysis, I would recommend using Reference 9 or Reference 2 for a classic soft pretzel recipe. These recipes offer a good balance of simplicity and flavor, and are relatively easy to follow. If you prefer a more traditional yeast proofing method, Reference 11 might be a better option.

However, if you're looking for a more modern twist on the recipe, Reference 13's use of hot water and baking soda in the poaching liquid could result in a unique flavor profile. Ultimately, the choice of recipe will depend on your personal preferences and cooking style.",ministral-3:3b,85,"#### Point 1 (Best Practices & Consistency)
- Reference 9, 10, and 11 follow a standardized approach for shaping pretzels into ropes (~18 inches long) and forming traditional twisted shapes. This ensures uniformity in size and structure.
- Key Improvement: Reference 12 deviates by using 6 pieces per dough ball (instead of 12) and rolling them into 10 smaller ropes, which may not align with typical commercial or home-baked pretzel proportions.

#### Point 2 (Rising & Resting Times)
- Most references (9, 10, 11) recommend:
  - First rise: ~45–60 minutes (until doubled).
  - Second rise (after shaping): ~10–20 minutes.
- Reference 13 is slightly inconsistent—it suggests a first rise of 1 hour, but the second rise after shaping is only ~15 minutes. This could lead to uneven texture if not monitored closely.

#### Point 3 (Boiling & Baking Adjustments)
- Best Method: References 9, 10, and 12 use a simmering baking soda solution for ~15 seconds per pretzel, followed by baking at 400–475°F. This ensures proper crispiness.
- Inconsistency in Reference 13:
  - Uses boiling water (not simmer) and a shorter boil (~1 minute), which may not achieve the same level of softness/crisp contrast as traditional methods.
  - Baking time is also slightly longer (12–15 mins) compared to others, risking over-browning.

---
### Summary:
The method from Reference 9 is the most reliable due to its:
✅ Clear step-by-step instructions
✅ Balanced rising times (40+ minutes + 10-minute rest)
✅ Standardized boiling and baking protocols

Minor Adjustments Needed: Reference 13’s boiling method could be refined for better texture contrast.",50,
What are the directions of Italian Pork Chops?,"[""Reference 1: The directions of Italian Pork Chops are: In large skillet, brown pork chops, adding salt and pepper to taste.; Arrange in a casserole dish.; Slice peppers and onions. Put on top of pork chops.; Pour large can of tomato sauce over everything.; Sprinkle with oregano.; Bake at 350\u00b0 for 1 hour or until done.."", ""Reference 2: The directions of Italian Pork Chops are: Chop garlic fine.; Add salt and basil and mash into paste.; Rub pork chops with the paste and leave for 1 hour.."", ""Reference 3: The directions of Italian Pork Chops are: Melt shortening in large skillet.; Add pork chops and brown quickly on both sides.; Remove chops and drain all but 2 tablespoons fat.; Cook onion and green pepper until soft.; Ad tomato sauce, water, sugar and seasonings.; Heat to boiling and cook for 5 minutes.; Arrange potatoes in 9 x 13-inch baking dish.; Place pork chops on top of potatoes and pour sauce over all.; Cover casserole with lid or foil and bake at 350\u00b0 for 1 hour.; Remove cover and sprinkle with cheese.; Bake 15 minutes more.."", ""Reference 4: The directions of Italian Pork Chops are: Coat pork chops with Bisquick mix.; Dip coated chops into Italian dressing.; Then coat with bread crumbs.; Heat oil in a 12-inch nonstick skillet over medium-high heat.; Cook pork about 5 minutes or until golden brown.; Reduce heat to low.; Carefully turn chops.."", ""Reference 5: The directions of Italian Pork Chops are: Season chops with garlic salt, thyme and oregano.; Place in shallow dish.; Mix onion, pepper and mushrooms in tomatoes and pour over pork chops.; Cover and bake at 350\u00b0 for 1 1/2 hours. Serve with rice.."", ""Reference 6: The directions of Italian Pork Chops are: Preheat oven to 350 degrees.; Heat shortening in large skillet, add pork chops and brown quickly on both sides.; Remove chops and drain off all but 2 tablespoons fat.; Cook onion and green pepper in remaining fat for about 3 minutes or until onion is soft.; Add tomato sauce, water, sugar and seasonings.; Heat to boiling and cook for about 5 minutes.; Arrange potatoes in a large shallow baking dish or casserole.; Place pork chops on top of potatoes and pour sauce over all.; Cover casserole with lid or foil.; Bake at 350 degrees for 1 hour.; Remove cover and sprinkle with grated romano cheese, returning to oven and baking 15 minutes longer.."", ""Reference 7: The directions of Italian Pork Chops are: In a large skillet, brown pork chops in batches on both sides in oil, remove from skillet.; Add the onion, mushrooms and garlic, saute for 5 minutes or until tender.; Stir in the tomatoes, salt, oregano, basil and pepper.; Return pork chops to skillet, arrange green pepper between the chops.; Reduce heat, cover and simmer for 30 minutes or until meat is tender.."", ""Reference 8: The directions of Italian Pork Chops are: 1.; In a shallow pan, combine the eggs, milk, dijon, and salt and pepper.; In another pan, add the flour, lemon zest, and a little more salt and pepper.; In another pan, pour in the bread crumbs.; 2.; First, place the pork chops in the flour mixture and cover completely.; Next, drop the pork chop in the egg mixture and then into the bread crumbs.; 3.; Preheat the oven to 425F.; Spray a broiler pan with non stick spray.; Place the pork chops on the pan and cook for about 25 minutes, flipping half way through.; Then, switch the oven to broil and cook the pork chops until they are golden brown, about 5 minutes longer.."", ""Reference 9: The directions of Italian Pork Chops are: Sprinkle chops with pepper.; Coat a large skillet with cooking spray.; Place chops in skillet and brown on both sides.; Transfer to a 2-qt baking dish.; Cover the chops with mushrooms and set aside.; Saute the onions, garlic, and green pepper over medium heat until tender.; Stir in the tomato sauce, sherry, lemon juice, oregano, and basil.; Let simmer, uncovered, for 10 to 15 minutes.; Pour tomato mixture over pork chops.; Cover and bake at 350 for 40 minutes.."", ""Reference 10: The directions of Italian Pork Chops are: Salt and pepper both sides of the pork chops, set aside.; Add the tomato sauce, diced tomatoes, garlic, onion, basil, and oregano to your crock pot or slow cooker.; In a pan heat up a little oil over medium high heat, sear each pork chop until brown on each side (30 seconds to a minute).; After each pork chop has been seared place it in the slow cooker, submerging it as much as possible in the tomato mixture.; Over medium-high heat add the red wine to the pan you seared the pork chops in to deglaze the pan.; Scrape up any brown bits that are stuck to the pan.; As soon as the pan is deglazed (about 30 seconds) dump the red wine liquid into the crock pot.; Cover crock pot and set on low for 8 hours (if some of your pork chops arent submerged in the tomato sauce you might want to rotate them every 2 hours.); After 8 hours, boil some water and prepare pasta according to packaging instructions.; Then drain.; You may want to salt and pepper the tomato sauce at this point but I find the pork flavors it enough that its not necessary.; Place pork chops on top of pasta (it should be so tender it falls off the bone) and spoon tomato sauce over the whole thing.; Devour pasta and sop up any of the wonderful tomato sauce with a piece of bread.."", ""Reference 11: The directions of Italian Pork Chops are: Cook celery until almost tender in 1 tablespoon of margarine.; strain and remove.; add chops and brown on one side -- season with spices and turn over season with remaining spices.; brown other side.; add apples , and partially cooked celery cover and cook on medium heat until chops are done and apples are tender but not mushy.."", ""Reference 12: The directions of Italian Pork Chops are: Preheat oven to 425 degrees.; In a medium bowl combine crushed saltines,parmesan cheese,Italian seasoning and garlic powder,mix well together.; Dip chops in melted butter and then dredge in cracker mixture coating all sides; Place chops in a 9x13 inch baking dish.; Bake at 425 degrees for 30-40 min or until internal temperature reaches 160 degrees..""]",hf.co/bartowski/Llama-3.2-1B-Instruct-GGUF,"The directions of Italian Pork Chops are:

1. In large skillet, brown pork chops, adding salt and pepper to taste.
2. Arrange in a casserole dish.
3. Slice peppers and onions.
4. Put on top of pork chops.
5. Pour large can of tomato sauce over everything.
6. Sprinkle with oregano.
7. Bake at 350° for 1 hour or until done..",midway correct,gemma3:1b,1,"Explanation: The Provided Answer matches one Reference Answer (Reference 1) in terms of the basic steps for preparing Italian Pork Chops. However, it deviates significantly from other references by adding a step involving celery and apple slices which are not present in any reference answer. This makes the answer less coherent and lacks detail.",hf.co/bartowski/Llama-3.2-3B-Instruct-GGUF,80,"- Point 1: The Provided Answer contains an extra step ""Pour large can of tomato sauce over everything"" which is not present in any of the closest matching Reference Answers.
- Point 2: The order of steps seems to be mixed up, as it starts with browning pork chops and then adds other ingredients on top, whereas most Reference Answers start by sautéing onions and peppers before adding the tomato sauce.
- Point 3: There is no clear indication that the answer was copied from any single Reference Answer, but rather appears to be a combination of elements.",ministral-3:3b,0,"- Point 1: The Provided Answer incorrectly omits the baking step’s *final* cheese addition (e.g., Reference 6/9) and lacks a clear sequence for combining sauce with pork chops, which is present in all Reference Answers.
- Point 2: Steps 3–5 are nonsensical without prior sautéing of onions/peppers (Reference 1/7 require this first). The Provided Answer assumes peppers/onions are pre-sliced and *immediately* placed on chops, ignoring a logical cooking order.
- Point 3: No reference to browning the pork chops in oil (e.g., References 1, 6, 7) or any sauce preparation before baking, which is critical for authenticity. The Provided Answer’s steps are disjointed and lack foundational techniques.

---
Key Error: The answer merges unrelated directions from References 1/3 without coherent logic, resulting in a nonsensical sequence.",50,
What are the directions of Baked Macaroni and Cheese?,"[""Reference 1: The directions of Baked Macaroni and Cheese are: Prepare Macaroni according to package directions.; Preheat oven to 375 degrees.; In a saucepan, melt butter and stir in flour, mustard and salt.; Gradually stir in milk.; Cook until mixture coats spoon.; Remove from heat.; Add 1 1/2 cups of cheese.; Stir until melted.; Add to cooked macaroni and stir.; Turn into greased baking dish.; Top with remaining cheese and bake for 20-25 minutes until bubbly.."", ""Reference 2: The directions of Baked Macaroni and Cheese are: In 2 quart saucepan melt margarine over low heat.; Stir in flour, salt, mustard & pepper until smooth.; Remove from heat.; Gradually stir in mild until smooth, stirring constantly over medium heat.; Heat about 10 minutes.; Remove from heat & stir in cheese until thickened.; Turn macaroni into greased 2 quart casserole.; Pour cheese over macaroni & mix well.Bake @ 375 for 25 or until top is light brown.; Sometimes I top with more shredded cheese & paprika.."", ""Reference 3: The directions of Baked Macaroni and Cheese are: Preheat oven to 350F.; For the breadcrumb topping, toast and butter the bread.; Tear the toast into pieces and pulse in a food processor with the garlic and Parmesan cheese until crumbly.; Set aside.; Cook the macaroni according to package directions.; Heat butter over medium heat until it is melted and foamy.; Stir in the flour and cook until it is light brown, about 1 minute.; Slowly add the milk and evaporated milk, stirring constantly until no clumps remain.; Stir in the mustard, salt and pepper.; Continue to stir and cook on medium heat until the sauce is thickened, about 5 minutes.; Remove from heat and stir in the cheeses and jalapeno, if using.; Continue to stir until all cheese is melted.; Stir in the macaroni so that all pasta is coated.; Pour the macaroni and cheese into a 9x13 baking pan.; Spread the breadcrumbs evenly over the top.; Bake for 25 minutes, the edges should be bubbly and the breadcrumbs browned.; Remove from oven and let sit for 10 minutes before serving.."", ""Reference 4: The directions of Baked Macaroni and Cheese are: Preheat oven to 375F.; and butter a 2-quart shallow baking dish.; In a 6-quart kettle bring 5 quarts salted water to a boil for cooking pasta.; In a heavy saucepan melt butter over moderately low heat and stir in flour and paprika.; Cook roux, whisking 3 minutes and whisk in milk and salt.; Bring sauce to a boil, whisking and simmer, whisking occasionally, 3 minutes.; Remove pan from heat.; Stir pasta into kettle of boiling water and boil, stirring occasionally, until al dente.; Drain pasta in a colander and in a large bowl stir together pasta, sauce, Worcestershire sauce and 2 cups Cheddar.; Transfer mixture to prepared dish.; Macaroni and cheese may be prepared up to this point 1 day ahead and chilled, covered tightly.; In a small bowl toss remaining 3/4 cup Cheddar with bread crumbs and sprinkle over pasta mixture.; Bake macaroni and cheese in middle of oven 25 to 30 minutes, or until golden and bubbling, and let stand 10 minutes before serving.."", ""Reference 5: The directions of Baked Macaroni and Cheese are: Bring plenty of water to a boil in a large saucepan over high heat while you beat the eggs.; Add the salt, then add your macaroni slowly so that the water never stops boiling.; Boil for 12 minutes, stirring constantly.; Do not overcook and do not stop stirring, as it helps to keep the water from boiling over.; Meanwhile, preheat your oven to 350.; After 12 minutes remove your macaroni from the heat and drain.; Pour a little cold water over the drained macaroni in the pot, swish it around, and quickly pour it off.; Quickly stir in the butter.; Pour the beaten eggs into the evaporated milk (recipe author uses 1 large and 1 small can (14.5 and 6 fl oz, to make it moist, not gummy and dry).; Put a layer of macaroni into a buttered 2 quart casserole, then a layer of grated cheese, a layer of macaroni, another of cheese until you use them up, ending with a layer of cheese on top.; Pour the milk and egg mixture over all, forking it through evenly, and top with a healthy sprinkling of paprika.; Bake, uncovered, in the oven for 45 minutes or until brown and bubbilicious.; You may add a pinch of cayenne pepper if it meets with your tastes.."", ""Reference 6: The directions of Baked Macaroni and Cheese are: Preheat oven to 350F.; Mix 1 cup of mild and 1 cup of sharp cheddar cheeses and set aside.; Bring large pot of salted water to a boil.; Add macaroni, cook according to package directions.; Drain and transfer to large bowl.; In smaller bowl, combine butter, milks, egg, salt, pepper, nutmeg and sugar, mix well; Stir into macaroni making sure all macaroni is coated.; Add colby jack, velveeta and mild/sharp cheese mixture.; Stir well to distribute cheeses.; Pour mixture into 9x11 glass baking dish.; Top with remaining cheese.; Bake at 350F for 35-45 minutes or until bubbly hot.; Remove from oven sprinkle top with paprika and return to broiler for 3 minutes.; Remove from oven and allow to cool 10 minutes before serving.; Macaroni may be assembled ahead of time and refrigerated over night or frozen 30 days before baking.; If refrigerated increase baking time to 90 minutes.; If frozen allow to thaw in refrigerator 8 hours or over night and increase bake time to 1 hr 45 minute Always place cold Pyrex into cold oven to prevent cracking.."", ""Reference 7: The directions of Baked Macaroni and Cheese are: Pre-heat oven to 350 degrees (180 C).; Cook sausage in frying pan, breaking up meat.; Drain and set aside.; While sausage is cooking, grate onions and garlic (use smallest grate).; Melt butter over medium heat.; Cook pasta as directed on package.; Add flour, onions, garlic, mustard, and worcestershire sauce.; Slowly add milk.; Adding too much will cause the flour mixture to clump together.; Add ketchup, salt and pepper.; Cook mixture for approx 2 minutes after boil, stirring constantly.; Remove mixture from heat, adding cheese.; Stir until completely melted and smooth.; Pour cheese mixture, spinach, and sausage into casserole dish, stirring until well blended.; Add pasta.; Sprinkle approximately 1/2 cup of shredded cheese on top of dish.; Using a small spoon, place several small tabs of butter on top.; Place in oven and bake for 30 minutes or until cheese is brown and bubbly.."", ""Reference 8: The directions of Baked Macaroni and Cheese are: Preheat the oven to 450F.; Cook the pasta in a large pot of boiling salted water until 1 minute shy of al dente.; Drain and transfer to a 2-quart, wide baking dish and set aside.; Blend 1 cup of milk, cream cheese, pimientos, yeast, salt, onion, and paprika in a blender until smooth.; Set aside.; Melt the butter in a medium saucepan over medium heat.; Stir in the flour and cook, stirring, until the flour smells nutty, about 3 minutes.; This is a very thick roux, use a wooden spoon to stir it well.; Transfer the roux to the blender with the milk mixture, make sure there is enough room in the blender jar for the added roux.; Blend until smooth and return to the pan.; Stir in the rest of the milk and whisk to combine.; Bring the sauce to a boil and reduce to a simmer.; Stir in the vinegar.; Simmer for 2 minutes to thicken and cook out the flour taste.; Add about 2 cups of the sauce to the pasta.; Mix well.; Spread the pasta evenly in the baking dish.; Pour the remaining sauce over the pasta and smooth the surface.; There will seem to be too much sauce for the amount of pasta, but it will all come out fine in the end.; Bake until the sauce is bubbling and a crust has developed, about 15 minutes.; Remove from the oven, set aside to rest for 5 minutes before serving.."", ""Reference 9: The directions of Baked Macaroni and Cheese are: Preheat the oven to 350 degrees F.; For the pasta: In a 4-quart pot, cover the macaroni and salt with 1 inch of cold water.; Bring to boil over medium heat.; When the pasta comes to a boil begin testing for doneness.; Cook to al dente.; Drain in a colander and rinse with cold water to stop cooking; For the cheese sauce: While the pasta is cooking, melt the butter over medium heat in a 3-quart saucepan.; Once the butter stops bubbling, whisk in the flour and cook until the mixture is a pale blonde, stirring occasionally, about 3 minutes.; Add the mustard, paprika, onion and bay leaf and whisk to combine.; Add the milk, whisking continually for 7 to 8 minutes or until slightly thickened.; Remove from the heat and discard the bay leaf.; In a small bowl, lightly beat the egg.; Add a few ounces of the milk mixture to the egg and whisk to combine.; Add another few ounces of the milk mixture to the egg and thoroughly combine.; Then add the egg mixture back to the milk mixture and whisk vigorously.; Stir in three-quarters of the cheese and season with the salt and pepper.; Fold the macaroni into the mix and pour into a 4-quart casserole dish.; For the topping: Top the macaroni with the remaining cheese.; Toss the breadcrumbs with the melted butter to coat.; Sprinkle the macaroni with the breadcrumb mixture in an even layer.; Bake for 30 minutes.; Remove from the oven and rest for 5 minutes before serving.."", ""Reference 10: The directions of Baked Macaroni and Cheese are: Preheat oven to 375F and butter a 2-quart shallow baking dish.; Melt butter in a medium saucepan over medium-low heat and stir in flour and paprika, cook roux, whisking, 3-4 minutes.; Take off heat and whisk in milk, cream and salt.; Put back onto heat and bring sauce to a boil, whisking, and simmer, whisking occasionally, 3-4 minutes; Remove pan from heat.; Cook pasta in plenty of boiling, salted water until al dente, drain pasta, empty back into pot it was cooked in and stir together with sauce, Worcestershire sauce, 2 1/2 cups of the grated Cheddar and the Parmesan.; Transfer to prepared dish.; In a small bowl, toss remaining cheddar with bread crumbs and melted butter and sprinkle over pasta mixture; Bake mac and cheese in middle of oven for 20-25 minutes, or until golden and bubbling, and let stand 10 minutes before serving.."", ""Reference 11: The directions of Baked Macaroni and Cheese are: Soak dry beans in water to cover overnight, drain.; Add 2 quarts water, simmer, covered, for 1 1/2 to 2 hours or until done.; Drain, reserving 1 cup of cooking liquid, set aside.; In large 3 quart Dutch oven or heavy kettle, melt suet.; Add onion, saute over medium heat until transparent.; Add meat and brown, stirring often.; Drain all but 2 tablespoon of drippings, add seasonings, cocoa and chilies.; Cover, simmer for 1 1/2 hours, stirring often.; Add tomato juice to keep chili to a medium consistency.; If a thinner chili is desired, use reserved bean juice.; To serve, add warm pinto beans to chili or serve as a side dish.; Add a dollop of sour cream on each bowl.; This is a spicy, meaty chili..""]",hf.co/bartowski/Llama-3.2-1B-Instruct-GGUF,"The directions for Baked Macaroni and Cheese are:

1. Preheat oven to 375 degrees.
2. In a saucepan, melt butter and stir in flour, mustard, and salt.
3. Gradually stir in milk.
4. Cook until mixture coats spoon.
5. Remove from heat.
6. Add 1 1/2 cups of cheese.
7. Stir until melted.
8. Add to cooked macaroni and stir.
9. Turn into greased baking dish.
10. Top with remaining cheese and bake for 20-25 minutes, or until bubbly.

The directions are repeated in the same line without spaces between each step:

1. Preheat oven to 375 degrees.
2. In a saucepan, melt butter and stir in flour, mustard, and salt.
3. Gradually stir in milk.
4. Cook until mixture coats spoon.
5. Remove from heat.
6. Add 1 1/2 cups of cheese.
7. Stir until melted.
8. Add to cooked macaroni and stir.
9. Turn into greased baking dish.
10. Top with remaining cheese and bake for 20-25 minutes, or until bubbly.

The directions are also repeated in the same line without spaces between each step:

1. In a saucepan, melt butter and stir in flour, mustard, and salt.
2. Gradually stir in milk.
3. Cook until mixture coats spoon.
4. Remove from heat.
5. Add 1 1/2 cups of cheese.
6. Stir until melted.
7. Add to cooked macaroni and stir.
8. Turn into greased baking dish.
9. Top with remaining cheese and bake for 20-25 minutes, or until bubbly.

The directions are also repeated in the same line without spaces between each step:

1. Preheat oven to 350F.
2. For the breadcrumb topping, toast and butter the bread.
3. Tear the toast into pieces and pulse in a food processor with the garlic and Parmesan cheese until crumbly.
4. Set aside.
5. Cook the macaroni according to package directions.
6. Heat butter over medium heat until it is melted and foamy.
7. Stir in the flour and cook until it is light brown, about 1 minute.
8. Slowly add the milk and evaporated milk, stirring constantly until no clumps remain.
9. Stir in the mustard, salt, and pepper.
10. Continue to stir and cook on medium heat until the sauce is thickened, about 5 minutes.
11. Remove from heat and stir in the cheeses and jalapeno, if using.
12. Continue to stir until all cheese is melted.
13. Stir in the macaroni so that all pasta is coated.
14. Pour the macaroni and cheese into a 9x13 baking pan.
15. Spread the breadcrumbs evenly over the top.
16. Bake for 25 minutes, the edges should be bubbly and the breadcrumbs browned.

The directions are also repeated in the same line without spaces between each step:

1. Preheat oven to 375F.
2. In a saucepan, melt butter over low heat.
3. Stir in flour, mustard, and salt.
4. Gradually stir in milk.
5. Cook until mixture coats spoon.
6. Remove from heat.
7. Add 1 1/2 cups of cheese.
8. Stir until melted.
9. Add to cooked macaroni and stir.
10. Turn into greased baking dish.
11. Top with remaining cheese and bake for 20-25 minutes, or until bubbly.

The directions are also repeated in the same line without spaces between each step:

1. In a saucepan, melt margarine over low heat.
2. Stir in flour, salt, mustard & pepper until smooth.
3. Remove from heat.
4. Gradually stir in mild until smooth, stirring constantly over medium heat.
5. Heat about 10 minutes.
6. Remove from heat & stir in cheese until thickened.
7. Turn macaroni into greased 2 quart casserole.
8. Pour cheese over macaroni & mix well.
9. Bake @ 375 for 25 or until top is light brown.
10. Sometimes I top with more shredded cheese & paprika..",midway correct,gemma3:1b,85,"Okay, let's analyze the provided recipes and assign a score based on their clarity and comprehensiveness.

**Score:** 85/100

**Explanation:**

This is an excellent set of instructions for baked macaroni and cheese!  Here’s why I give it this high rating:

* **Clear Steps & Order:** The recipe follows a logical sequence, starting with preparation (melting butter, whisking roux), followed by cooking the pasta, then combining ingredients.
* **Detailed Instructions:** Each step is clearly explained – from adding water to cook the pasta to stirring in the cheese sauce and baking.  The specific timings are also helpful.
* **Ingredient Specifics:** The recipe provides details about ingredient quantities (e.g., ""2 cups of milk,"" ""1 cup of cheddar""). This makes it easier for a home cook to follow along.
* **Addressing Common Issues:** It anticipates potential problems like overcooking the pasta and suggests techniques to avoid them (like testing for doneness).
* **Breadcrumb & Cheese Detail:** The inclusion of breadcrumbs and cheese topping is well-explained, adding a nice touch.

**Minor Areas for Improvement (though not critical):**

*   **Spice Level:** While it mentions chili peppers, the recipe doesn't offer any guidance on adjusting spice levels.
* **Texture Notes**: It would be helpful to add notes about how long to cook pasta and cheese sauce.


Overall, this is a very well-written and practical guide for making delicious baked macaroni and cheese!",hf.co/bartowski/Llama-3.2-3B-Instruct-GGUF,92,"* All references have similar steps for cooking pasta al dente.
* Most recipes involve melting butter or oil in a saucepan, whisking in flour to make a roux, and then adding milk or cream to create a cheese sauce.
* The cheese sauce is often seasoned with salt, pepper, and paprika, and sometimes additional ingredients like mustard or Worcestershire sauce.
* The cooked pasta is typically mixed with the cheese sauce, and some recipes include additional ingredients like spinach or sausage.
* The macaroni and cheese mixture is then transferred to a baking dish, topped with additional cheese and breadcrumbs, and baked in the oven until golden and bubbly.

Points of Agreement:

* All references recommend cooking pasta al dente before mixing it with the cheese sauce.
* Most recipes involve using a roux made from butter or oil and flour as a base for the cheese sauce.
* The use of milk or cream to create a creamy cheese sauce is common across all references.

Points of Disagreement:

* Some recipes, like Reference 8, use a blender to mix the cheese sauce ingredients together, while others, like References 1 and 2, recommend whisking the mixture in a separate bowl.
* The amount of cheese used can vary significantly between recipes, with some using as little as 1 cup and others using up to 3 cups.

Overall, while there are some variations in the specific steps and ingredients used, the basic recipe for Baked Macaroni and Cheese is consistent across all references.",ministral-3:3b,85,"#### Point 1 (High Accuracy for Baked Mac & Cheese):
The references you provided are all variations of classic baked macaroni and cheese, with slight differences in technique but consistent core steps:
- Oven temperature: Most use 350°F (references 2, 4, 6, 9, 10), though reference 8 uses 450°F for a quicker bake.
- Baking time: Ranges from 20–45 minutes, with most ending at golden/bubbling and resting 10 minutes (references 3, 6, 7, 9, 10).
- Cheese layering: Alternating pasta/cheese layers is standard (references 2, 4, 6), though reference 8 omits this for a smoother sauce.
- Resting time: Critical for texture—10 minutes before serving is universally recommended (references 3, 6, 7, 9, 10).

Why it scores high:
Your question’s key detail (""25–30 minutes in oven, golden and bubbling, rest 10 minutes"") aligns with references 3, 6, 7, 9, and 10, which are the most common methods.

---

#### Point 2 (Minor Deviations from Standard Method):
- Reference 8 uses 450°F for a faster bake (~15 minutes), which is unconventional but achieves the same result.
- Reference 3 and 7 include optional toppings (paprika, cayenne) or unique ingredients (sausage, spinach), adding variety but not altering core steps.

Why it scores slightly lower:
These variations are creative but don’t deviate from the core baked mac & cheese structure.

---

#### Point 3 (Contextual Consistency with Other Recipes):
- References 1–2 and 4–5 focus on pasta-only recipes, while references 6–9 include cheese sauce techniques.
- Your question’s focus (oven time + resting) is most explicitly detailed in references 3, 6, 7, 9, and 10, reinforcing its validity.

---
### Final Verdict:
Your reference to ""25–30 minutes at 350°F (golden/bubbling) + rest 10 minutes"" is highly accurate for classic baked mac & cheese. The slight variations in references 8 and 7 do not detract from the core method, which is why this score is strong.

---
### Suggested Adjustments for Higher Score (if needed):
- If you wanted to emphasize specific techniques (e.g., layering vs. sauce-only), you could add:
  *""Most recipes alternate pasta and cheese layers (references 2, 4, 6) before adding the egg-milk mixture.""*
- For oven temperature consistency, note that 350°F is standard unless a quicker bake is desired (reference 8).",50,
What are the directions of Pistachio Cake?,"[""Reference 1: The directions of Pistachio Cake are: Mix cake mix, pudding mix, oil, water and eggs together.; Fold in nuts and coconut.; Put in greased and floured 9 x 13-inch pan. Bake at 350\u00b0 for 45 minutes.."", ""Reference 2: The directions of Pistachio Cake are: Mix 3 minutes on medium speed.; Bake at 350\u00b0 in Bundt pan for 35 to 45 minutes or until slightly brown.."", ""Reference 3: The directions of Pistachio Cake are: Combine all ingredients well.; Pour into well-greased tube pan.; Bake at 350\u00b0 for 50 to 55 minutes.."", ""Reference 4: The directions of Pistachio Cake are: Place all ingredients in one bowl.; Mix at low speed for 1 minute and at high speed for 3 minutes.; Pour into Bundt or tube pan.; Cook at 350\u00b0 for 45 to 50 minutes.; Sprinkle confectioners sugar when cool.."", ""Reference 5: The directions of Pistachio Cake are: In a large bowl, mix cake mix, eggs, water, pudding mix, orange juice and oil.; Grease and flour a Bundt pan.; Place 2/3 of batter in pan.; With remaining batter, mix the chocolate syrup and pour on top.; Do not stir.; Bake in preheated oven at 350\u00b0 for 50 minutes or until done.."", ""Reference 6: The directions of Pistachio Cake are: Beat together yellow cake mix, instant pudding, eggs, oil and sour cream, beat well.; Mix sugar, nuts and cinnamon separately. Put half of first mixture in a greased tube pan, then half of sugar mixture.; Add remaining yellow cake mixture and sugar mixture.; Bake at 350\u00b0 about 35 minutes or until toothpick comes out clean.."", ""Reference 7: The directions of Pistachio Cake are: Combine all ingredients, including 1 package pudding, in large bowl and mix well with electric mixer for 2 or 3 minutes.; Pour into tube pan.; Bake at 350\u00b0 for 50 minutes.; Cool completely, then frost with the following:."", ""Reference 8: The directions of Pistachio Cake are: Mix cake mix, 1 package instant pudding, eggs, club soda, oil and nuts as you would to make cake.; Bake at 350\u00b0 for 30 to 35 minutes.; Let cool.; Mix milk, Dream Whip and 1 pudding mix and frost.."", ""Reference 9: The directions of Pistachio Cake are: Preheat oven to 350F.; Butter a 13- by 9-inch metal cake pan, then line bottom with wax paper.; Butter paper and dust pan with some flour, knocking out excess.; Pulse pistachios in a food processor until finely ground (be careful not to overprocess into a paste).; Add 1 cup flour, baking powder, cardamom, and salt and pulse once or twice to mix.; Combine milk and vanilla in a measuring cup.; Beat together butter and sugar in a large bowl with an electric mixer until pale and fluffy.; Add eggs 1 at a time, beating well after each addition.; Alternately add pistachio flour and milk in batches, beginning and ending with flour, and mix at low speed until just combined.; Spread batter evenly in cake pan and bake in middle of oven until a tester comes out clean, about 20 minutes.; Cool in pan on a rack 10 minutes, then run a thin knife around sides of cake and invert onto rack.; Remove paper and reinvert cake onto a platter.; Cut into squares and serve warm or at room temperature.."", ""Reference 10: The directions of Pistachio Cake are: Heat the oven to 300 degrees.; Grease a 12 x 4 1/2 x 2 3/4-inch loaf pan with 4 tsp of the butter and line with baking parchment.; Soften the remaining butter.; Finely grate the lemon peel.; Split the vanilla bean and scrape out the seeds.; Finely grind the almonds and pistachios together (it's easier if you can find these ready ground!; I thought my arm was going to fall off).; Beat the butter and the sugar until light and fluffy.; Beat in the eggs, one at a time.; Add the lemon peel and vanilla seeds, then fold in the nuts and sift in the flour.; Spoon the batter into the pan and bake for 45-60 minutes.; The cake is ready when a skewer comes out clean.; Leave to cool in the pan, then turn out.; For the topping, grate the lemon peel and squeeze the juice.; Halve the pistachios.; Mix the lemon juice with the sugar, boil until reduced to a syrup, then add the peel.; Stir in the pistachios and pour over the cake..""]",hf.co/bartowski/Llama-3.2-1B-Instruct-GGUF,"The directions of Pistachio Cake are:

Mix 3 minutes on medium speed.; Bake at 350° in Bundt pan for 35 to 45 minutes or until slightly brown..

Combine all ingredients well.; Pour into well-greased tube pan.; Bake at 350° for 50 to 55 minutes..",midway correct,gemma3:1b,65,"**Score: 65**

**Explanation:** The Provided Answer closely matches Reference Answer 4 (""The directions of Pistachio Cake are:"") in terms of the basic steps. However, it deviates significantly from Reference Answer 1 (“The directions of Pistachio Cake are: Mix cake mix, pudding mix, oil and water and eggs together.”).  Reference Answer 2 also contains extra details (orange juice) that aren’t present in the Provided Answer. The provided answer lacks a clear step-by-step process for making pistachio cake, which is a key element of the reference answers.",hf.co/bartowski/Llama-3.2-3B-Instruct-GGUF,90,"- Point 1: The Provided Answer differs from Reference 2 in that it includes an additional step ""Combine all ingredients well."" which is not present in Reference 2.
- Point 2: The Provided Answer has the same format as Reference 3, but with a different order of steps. However, upon closer inspection, it appears to be a coherent combination of steps from multiple references, with no obvious duplication or contradictions.
- Point 3: There are no other notable differences between the Provided Answer and any of the Reference Answers.

The score is high because the Provided Answer closely matches one of the Reference Answers (Reference 2) in terms of format and content. The additional step ""Combine all ingredients well."" in the Provided Answer does not seem to be a significant error, as it is present in other references as well. Overall, the answer appears to be logically coherent and a correct combination of steps from multiple references.",ministral-3:3b,50,"- Point 1: The Provided Answer incorrectly omits critical steps (e.g., folding nuts/coconut, greasing/flouring pans) present in Reference 1, 6, and 8. It also lacks mixing instructions for cake mix/pudding (e.g., ""mix well"" is vague without specifying speed or time).
- Point 2: The Provided Answer merges two distinct directions from References 2 (""Bundt pan"") and 3 (""tube pan""), but neither recipe explicitly states the pan type *and* baking time in a single step. This creates ambiguity (e.g., ""Bundt or tube pan"" is not universally applicable).
- Point 3: The Provided Answer repeats redundant phrasing (e.g., ""bake at 350°"") and lacks logical progression—Reference 2 and 3 are incompatible in practice (e.g., Bundt vs. tube pan, time ranges). The answer fails to resolve contradictions or provide a coherent hybrid.

---
*Note: No exact copy exists; the Provided Answer is internally inconsistent and ignores key steps from multiple Reference Answers.*",50,
What are the directions of Pizza?,"[""Reference 1: The directions of Pizza are: On cookie sheet, place bread.; Place in order on bread, cheese, tomato, 1 ring from onion slice, cut bacon strip in half and place 2 halves on top.; Sprinkle with oregano.; Place on top rack in oven and bake at 400\u00b0 until bread is golden and cheese is melted slightly.; Remove and let cool 3 minutes.."", ""Reference 2: The directions of Pizza are: Roll the pastry to fit a greased 12' pizza pan.; Flute the edges.; Bake the crust at 400 degrees for 10 minutes.; Arrange the apple slices in a single, circular pattern.; Sprinkle the cheese on top of the apples.; Combine the brown sugar, nuts and spices and sprinkle over the cheese.; Dot the top with pieces of cold butter.; Bake at 400 degrees for 20 minutes.; Serve warm.."", ""Reference 3: The directions of Pizza are: preheat oven to 400; unroll pizza dough on to greased cooking sheet.; bake for 10 minutes.; mix mayonnaise and 1/3 cup of ranch dressing.; spread on to crust.; tap with half of cheese, chicken, remaining cheese and bacon.; bake 5 minutes or until crust is golden brown and cheese is melted.; top with lettuce and tomato drizzle with remaining dressing."", ""Reference 4: The directions of Pizza are: Heat oven to 450 degrees F.; Place pizza crust on baking sheet, spread with sauce.; Top with remaining ingredients.; Bake 10 min.; or until crumbles are heated through (160 degrees F) and cheese is melted.."", ""Reference 5: The directions of Pizza are: Preheat broiler and place rack on second level in oven.; Place tortillas on baking sheet.; Spread each with equal portion of with refried beans.; To each tortilla, add salsa, corn, cilantro and top with cheeses.; Broil until cheese begins to lightly brown and beans are heated through, about 10 minutes.; Garnish with light sour cream.."", ""Reference 6: The directions of Pizza are: Clean mushrooms, chop and set aside.; Preheat oven to 350 degrees.; In a 13x9 pan roll out cresent dough, sealing seams and making a small edge.; Melt butter, add garlic powder and toss with mushrooms.; Spread mushrooms equally over cresent dough.; Sprinkle with red onion.; Sprinkle herbs and pepper evenly over vegetables.; Sprinkle cheese evenly over vegetables.; Bake 25-30 minutes or until golden brown.; Cut into serving pieces.."", ""Reference 7: The directions of Pizza are: cook pasta.; Saute garlic and vegetables in the oil.; Add tomatoes and basil and cook for 10 minutes.; Stir in remaining ingredients and toss with pasta.; Serve and enjoy!.""]",hf.co/bartowski/Llama-3.2-1B-Instruct-GGUF,"The directions of Pizza are:
On cookie sheet, place bread.; Place in order on bread, cheese, tomato, 1 ring from onion slice, cut bacon strip in half and place 2 halves on top.; Sprinkle with oregano.; Place on top rack in oven and bake at 400° until bread is golden and cheese is melted slightly.; Remove and let cool 3 minutes..",correct,gemma3:1b,1,"Explanation: The Provided Answer differs significantly from Reference Answers regarding the specific steps for preparing Pizza. It includes additional ingredients (like mushrooms, garlic, and herbs) that are not present in any of the reference answers. This deviates substantially from a straightforward recipe instruction set.

- Point 1: The provided answer contains ingredients like mushrooms, garlic, and herbs which are not found in Reference Answer A or B.
- Point 2: Reference Answer A focuses on preparing pasta, while the Provided Answer includes multiple steps for pizza preparation.
- Point 3: The provided answer’s instructions are more detailed than those of Reference Answers, introducing additional ingredients that aren't present in any of the reference answers.",hf.co/bartowski/Llama-3.2-3B-Instruct-GGUF,80,"- The Provided Answer is missing the step to ""Sprinkle with oregano."" which is present in all Reference Answers.
- The order of ingredients and steps seems logically coherent but there's no clear indication that this combination was derived from any specific Reference Answer, making it difficult to justify a higher score.",ministral-3:3b,0,"- Point 1: The Provided Answer does not match any Reference Answer’s sequence of steps or ingredients. It incorrectly omits critical elements like sauce, tomato sauce, and bacon placement logic (e.g., ""ring from onion slice"" vs. generic ""onion""). No logical coherence with any Reference Answer.
- Point 2: The oven temperature (400°F) is inconsistent with the closest match (Reference 1’s 400°), but more critically, steps like ""bake for 10 minutes"" and ""let cool 3 minutes"" are absent in all Reference Answers. No alignment.
- Point 3: The Provided Answer starts with a generic ""cookie sheet"" instead of a specific pan (e.g., pizza pan, baking sheet) or dough type (e.g., pre-made crust), which is entirely detached from any Reference Answer’s setup.

The answer is neither an exact copy nor a coherent combination—it fails to replicate any logical structure.",50,
What are the ingredients of Carbonara?,"[""Reference 1: The ingredients of Carbonara are: mild Italian sausage; ham; butter; parsley; eggs; Parmesan cheese; pepper; spaghetti."", ""Reference 2: The ingredients of Carbonara are: linguine; bacon; eggs; sweet cream butter; whipping cream; Parmesan cheese; parsley flakes; white pepper."", ""Reference 3: The ingredients of Carbonara are: slab bacon; eggs; cream; Parmesan cheese; butter; salt and pepper; spaghetti."", ""Reference 4: The ingredients of Carbonara are: lean bacon; butter; onion; Prosciutto; chicken broth; egg yolk; parsley; Parmesan cheese; spaghetti."", ""Reference 5: The ingredients of Carbonara are: salt & freshly black pepper; pasta; extra virgin olive oil; pancetta; red pepper flakes; garlic; dry white wine; egg yolks; freshly romano cheese."", ""Reference 6: The ingredients of Carbonara are: Old Bay Seasoning; onion powder; parsley; salt; chicken breasts; onion; peas; garlic; butter; bacon bits; mushrooms; flour; milk; chicken broth; cheese; parmesan cheese."", ""Reference 7: The ingredients of Carbonara are: ziti pasta; butter; heavy cream; ham; asparagus; freshly parmesan cheese; salt and pepper."", ""Reference 8: The ingredients of Carbonara are: bacon; heavy whipping cream; parmesan cheese; egg yolks; Worcestershire sauce; vermicelli."", ""Reference 9: The ingredients of Carbonara are: fettuccine; olive oil; garlic; shallots; dry white wine; chicken stock; heavy cream; eggs; parmigiano reggiano; Pecorino Romano; english peas; cherry tomatoes; prosciutto; bacon."", ""Reference 10: The ingredients of Carbonara are: refrigerated cheese tortellini; bacon strips; heavy whipping cream; Parmesan cheese; parsley."", ""Reference 11: The ingredients of Carbonara are: bacon cut into \""; mushrooms; linguine pasta; sour cream; Parmesan cheese; bacon drippings; eggs; water; garlic."", ""Reference 12: The ingredients of Carbonara are: spaghetti; olive oil; frozen peas; zucchini lengthwise; artichokes in oil; red peppers; garlic; eggs; heavy cream; parsley leaves; Parmesan cheese freshly."", ""Reference 13: The ingredients of Carbonara are: bacon; eggs; bunch green onions; garlic; handful flat leaf parsley; pasta linguine preferred."", ""Reference 14: The ingredients of Carbonara are: pancetta; black pepper; unsalted butter; garlic plump; spaghetti De Cecco is very good; eggs; Parmesan; pecorino cheese."", ""Reference 15: The ingredients of Carbonara are: butter; strips bacon; button mushrooms; shiitake mushrooms; garlic; chicken stock; cream; tagliatelle; Parmesan cheese."", ""Reference 16: The ingredients of Carbonara are: bacon; garlic; olive oil; hot chili peppers flakes; each eggs; parmesan; spaghetti."", ""Reference 17: The ingredients of Carbonara are: prosciutto; bacon; garlic; heavy cream; asiago cheese; Fontina cheese; parmesan cheese; salt; black pepper; cornstarch; water; egg; egg yolk; butter; pasta."", ""Reference 18: The ingredients of Carbonara are: penne pasta; evaporated milk; paprika; egg yolk; eggs; parmesan cheese; bacon."", ""Reference 19: The ingredients of Carbonara are: asparagus; extra-virgin olive oil; garlic; Salt; dry penne pasta; eggs; black pepper; pecorino; tarragon leaves.""]",hf.co/bartowski/Llama-3.2-1B-Instruct-GGUF,"The ingredients of Carbonara are:

* Bacon
* Eggs
* Parmesan cheese
* Butter
* Salt and pepper
* Spaghetti",midway correct,gemma3:1b,65,"The Provided Answer contains a list of ingredients for Carbonara, but it does not follow the instructions to provide the ingredients. It also includes some extra details that are not relevant to answering the question.  The answer is slightly different from Reference A and B, but it still correctly answers the question by listing the ingredients.",hf.co/bartowski/Llama-3.2-3B-Instruct-GGUF,90,"- Point 1: The Provided Answer contains ""butter"" which is not present in any of the Reference Answers. This suggests that the answer may have been copied from multiple sources without proper unification.
- Point 2: The Provided Answer includes ""Spaghetti"" as an ingredient, whereas all Reference Answers specify ""spaghetti"" as a type of pasta, but none include it as an ingredient. This indicates that the answer is not entirely accurate in terms of ingredients.
- Point 3: Despite the errors mentioned above, the Provided Answer still closely matches one of the Reference Answers (Reference 1) and presents a coherent combination of ingredients.",ministral-3:3b,50,"- Point 1: The Provided Answer includes *butter*, which is present in multiple Reference Answers but is not a traditional or consistent core ingredient across all valid Carbonara recipes (e.g., References 1, 3, and 8 omit it entirely). None of the Reference Answers list butter as an essential component.
- Point 2: The Provided Answer omits *Parmesan cheese*, which appears in every single Reference Answer as a mandatory ingredient. This is a critical omission for Carbonara’s identity.
- Point 3: While bacon, eggs, and spaghetti are common across all Reference Answers, the Provided Answer incorrectly lists *salt and pepper* (which are often added during cooking rather than listed as ingredients) instead of *pepper*, which is explicitly mentioned in some References. Additionally, it lacks *parsley*—a key ingredient in many variations.",50,
What are the ingredients of Soft Pretzels?,"[""Reference 1: The ingredients of Soft Pretzels are: hot water; active dry yeast; water; brown sugar; flour; extra flour; coarse pretzel salt; baking soda."", ""Reference 2: The ingredients of Soft Pretzels are: flour; wheat flour; rapid yeast; salt; hot water; honey; oil; egg; cool water; sesame seed; coarse salt; mustard."", ""Reference 3: The ingredients of Soft Pretzels are: dry yeast; water; salt; sugar; flour; egg; coarse salt."", ""Reference 4: The ingredients of Soft Pretzels are: active dry yeast; water; sugar; salt; all-purpose flour; egg; coarse salt."", ""Reference 5: The ingredients of Soft Pretzels are: envelope yeast; sugar; salt; flour; egg yolk; course salt."", ""Reference 6: The ingredients of Soft Pretzels are: water; packet active dry yeast; salt; cane sugar; all-purpose flour; egg; Pinch course salt."", ""Reference 7: The ingredients of Soft Pretzels are: dry yeast; sugar; water; all-purpose flour; salt; butter; Cooking spray; water; baking soda; kosher salt."", ""Reference 8: The ingredients of Soft Pretzels are: dry yeast; sugar; water; all-purpose flour; salt; Cooking spray; water; baking soda; cornmeal; water; egg; kosher salt."", ""Reference 9: The ingredients of Soft Pretzels are: yeast; all purpose flour; salt; sugar; margarine; hot water; egg plus water for eggwash."", ""Reference 10: The ingredients of Soft Pretzels are: flour; yeast; milk; sugar; cooking oil; salt; salt; boiling water; slightly egg white; Sesame seed; coarse salt."", ""Reference 11: The ingredients of Soft Pretzels are: active dry yeast; sugar; water; all-purpose flour; sugar; salt; vegetable oil; baking soda; hot water; course salt."", ""Reference 12: The ingredients of Soft Pretzels are: yeast; water; milk; sugar; shortening; flour; baking powder; salt; baking soda; water; coarse salt."", ""Reference 13: The ingredients of Soft Pretzels are: hot water; sugar; active dry yeast - envelope; all--purpose flour; salt; canola oil; Vegetable oil cooking spray; baking soda; egg; Coarse or pretzel salt.""]",hf.co/bartowski/Llama-3.2-1B-Instruct-GGUF,"The ingredients of Soft Pretzels are: 
hot water; active dry yeast; water; brown sugar; flour; extra flour; coarse pretzel salt; baking soda.",midway correct,gemma3:1b,95,"The Provided Answer accurately lists the ingredients of Soft Pretzels, but it does not fully address the question. It includes some irrelevant details (like extra flour or salt) that are not necessary for understanding the core list.  The answer is logically coherent and directly addresses the question, but lacks a concise summary of the key ingredients.",hf.co/bartowski/Llama-3.2-3B-Instruct-GGUF,90,"- Point 1: The Provided Answer contains ""extra flour"" which is not present in any of the closest matching Reference Answers (Reference 1 and Reference 2).
- Point 2: The Provided Answer has an additional ingredient ""baking soda"" that is also present in some other Reference Answers, but it's not a necessary addition to make the answer coherent.
- Point 3: There are no obvious errors or inconsistencies in the Provided Answer that would decrease its score.",ministral-3:3b,100,- No operations needed.,50,
What are the ingredients of Italian Pork Chops?,"[""Reference 1: The ingredients of Italian Pork Chops are: pork chops; tomato sauce; green peppers; onions; salt and pepper; oregano."", ""Reference 2: The ingredients of Italian Pork Chops are: basil; garlic; salt; pepper; flour; chicken broth; pork chops; butter; olive oil; white wine."", ""Reference 3: The ingredients of Italian Pork Chops are: shortening; loin pork chops; onion; green pepper; tomato sauce; water; sugar; oregano; garlic salt; salt and pepper; potatoes; Romano cheese."", ""Reference 4: The ingredients of Italian Pork Chops are: boneless pork chops; Bisquick mix; Italian dressing; Progresso garlic herb bread crumbs; vegetable oil."", ""Reference 5: The ingredients of Italian Pork Chops are: center cut pork chops; tomatoes; green pepper; onion; mushrooms; oregano; garlic salt; thyme."", ""Reference 6: The ingredients of Italian Pork Chops are: pork loin chops; olive oil; onion; green pepper; tomato sauce; water; sugar; oregano; garlic salt; pepper; potatoes; romano cheese."", ""Reference 7: The ingredients of Italian Pork Chops are: bone-in pork loin chops; olive oil; onion; mushrooms; garlic; Italian tomatoes; salt; oregano; basil; pepper; green pepper."", ""Reference 8: The ingredients of Italian Pork Chops are: whole Eggs; Milk Or Cream; Dijon Mustard; Flour; Lemon Zest; Italian Bread Crumbs; Salt And Pepper; Pork Chops."", ""Reference 9: The ingredients of Italian Pork Chops are: lean pork chops; pepper; mushrooms; onion; garlic; green pepper; canned tomato sauce; cooking sherry; lemon juice; oregano; basil."", ""Reference 10: The ingredients of Italian Pork Chops are: whole Pork Chops; Tomato Sauce; Petite Tomatoes; Garlic; whole Onion; Basil; Oregano; Olive Oil; Red Wine; Pasta; Salt And Pepper."", ""Reference 11: The ingredients of Italian Pork Chops are: nice pork chops; margarine; italian seasoning; garlic; onion powder; tart apples; celery ribs; pepper."", ""Reference 12: The ingredients of Italian Pork Chops are: saltine crackers; parmesan cheese; italian seasoning; garlic powder; butter; pork chops.""]",hf.co/bartowski/Llama-3.2-1B-Instruct-GGUF,"The ingredients of Italian Pork Chops are:
Italian tomatoes
garlic
pepper
oregano 
olive oil 
red wine 
Pasta 
salt and pepper 
parmesan cheese",midway correct,gemma3:1b,95,"The Provided Answer accurately describes the ingredients of Italian Pork Chops. It matches one or more Reference Answers, and it is logically coherent with respect to the question. However, there are some minor inconsistencies in the list of ingredients compared to Reference Answer 1 (Basil), which contains a different ingredient.  The provided answer does not contain any duplication of elements from the reference answers.",hf.co/bartowski/Llama-3.2-3B-Instruct-GGUF,80,"- The answer is missing some ingredients that are present in other Reference Answers (e.g., flour, chicken broth, butter), but these can be considered as unnecessary details.
- The order and combination of ingredients seem logically coherent, with no obvious duplication or contradictions.
- No external recipe knowledge was used to justify the differences between the Provided Answer and the closest matching Reference Answer.",ministral-3:3b,0,"- Point 1: The Provided Answer includes pasta, Parmesan cheese, and red wine, which are absent in all Reference Answers (e.g., References 1–7 explicitly exclude these).
- Point 2: While some References include olive oil, garlic, oregano, salt & pepper (common to multiple), the Provided Answer adds Italian tomatoes, basil, and green peppers, which are either not present in any Reference Answer or appear inconsistently (e.g., ""green peppers"" appears only in References 1/5 but not as a standalone ingredient).
- Point 3: The Provided Answer lacks key ingredients like pork chops (required in all References) and tomato sauce (present in References 1, 3, 6, 9), while adding irrelevant items like whole eggs, milk/cream, or Italian bread crumbs (e.g., References 8/12 omit these entirely). The list is incoherent and non-matching.",50,
What are the ingredients of Baked Macaroni and Cheese?,"[""Reference 1: The ingredients of Baked Macaroni and Cheese are: elbow macaroni; butter; flour; dry mustard; salt; milk; cheddar cheese."", ""Reference 2: The ingredients of Baked Macaroni and Cheese are: margarine; flour; salt; dry mustard; pepper; milk; cheddar cheese; macaroni."", ""Reference 3: The ingredients of Baked Macaroni and Cheese are: elbow macaroni; extra-sharp cheddar cheese; parmesan cheese; garlic; white bread; butter; all-purpose flour; evaporated milk; milk; mustard; salt; black pepper; size jalapeno pepper."", ""Reference 4: The ingredients of Baked Macaroni and Cheese are: unsalted butter; all-purpose flour; paprika; milk; salt; wagon-wheel pasta; worcestershire sauce; extra-sharp cheddar cheese; coarse bread crumbs."", ""Reference 5: The ingredients of Baked Macaroni and Cheese are: eggs; salt; elbow macaroni; butter; evaporated milk; extra-sharp cheddar cheese."", ""Reference 6: The ingredients of Baked Macaroni and Cheese are: elbow macaroni; butter; evaporated milk; mild cheddar cheese; sharp cheddar cheese; colby-monterey jack cheese; velveeta cheese; egg; salt; pepper; nutmeg; sugar."", ""Reference 7: The ingredients of Baked Macaroni and Cheese are: sweet sausage; onion; garlic; butter; flour; mustard; worcestershire sauce; salt; white pepper; ketchup; milk; sharp cheddar cheese; mild cheddar cheese; spinach; penne pasta."", ""Reference 8: The ingredients of Baked Macaroni and Cheese are: elbow macaroni; unsweetened vegan milk; vegan cream cheese; pimientos; nutritional yeast flakes; sea salt; onion powder; paprika; vegan butter; unbleached all-purpose flour; apple cider vinegar."", ""Reference 9: The ingredients of Baked Macaroni and Cheese are: elbow macaroni; kosher salt; unsalted butter; all-purpose flour; mustard; paprika; yellow onion; bay leaf; milk; egg; cheddar; kosher salt; unsalted butter."", ""Reference 10: The ingredients of Baked Macaroni and Cheese are: butter; flour; paprika; milk; cream; salt; rotelle pasta; worcestershire sauce; extra-sharp cheddar cheese; freshly- parmesan cheese; butter."", ""Reference 11: The ingredients of Baked Macaroni and Cheese are: milk; macaroni; margarine; salt; flour; sharp cheddar cheese.""]",hf.co/bartowski/Llama-3.2-1B-Instruct-GGUF,"The ingredients of Baked Macaroni and Cheese are:
elbow macaroni
butter
flour
dry mustard
salt
milk
cheddar cheese",midway correct,gemma3:1b,95,"The Provided Answer accurately matches the closest Reference Answer (Reference 4) regarding the ingredients of Baked Macaroni and Cheese. It includes all the listed elements, but it is not logically coherent or consistent with other references.  The provided answer contains a list of ingredients that are not relevant to the question.",hf.co/bartowski/Llama-3.2-3B-Instruct-GGUF,90,"- Point 1: The Provided Answer is missing ""dry mustard"" which is present in all Reference Answers.
- Point 2: The Provided Answer contains ""cheddar cheese"" but Reference 3 has ""extra-sharp cheddar cheese"", and Reference 4 has ""extra-sharp cheddar cheese"" as well. However, the other references have only ""cheddar cheese"". This difference does not seem to be a major issue.
- Point 3: The Provided Answer is missing ""margarine"" which is present in Reference 2.",ministral-3:3b,85,"- Point 1: The Provided Answer omits ""evaporated milk"" (present in Reference 1, 5, and 6) but includes ""dry mustard"", which is present in References 1–4. While dry mustard appears in multiple references, the absence of evaporated milk makes it less consistent with the closest match.
- Point 2: The Provided Answer uses ""butter"" (correctly listed in References 1, 5, and others) but does not include ""flour"" as a *primary* ingredient in the same way some references emphasize its role (e.g., Reference 4 lists flour alongside butter for breading).
- Point 3: The Provided Answer lacks ""salt"" phrasing variations seen in References 2, 9, and 10 (e.g., ""kosher salt,"" ""unsalted butter + salt""), which could imply a more deliberate emphasis on seasoning. While salt is present, its inclusion is less explicit than in some references.

*Note: The answer is logically coherent but diverges significantly from the most common core ingredients (macaroni, cheese, milk) and minor variations like dry mustard/paprika.*",50,
What are the ingredients of Pistachio Cake?,"[""Reference 1: The ingredients of Pistachio Cake are: white cake mix; instant pistachio pudding mix; water; oil; eggs; coconut; pecans."", ""Reference 2: The ingredients of Pistachio Cake are: white cake mix; pistachio pudding; club soda; vegetable oil; pecans."", ""Reference 3: The ingredients of Pistachio Cake are: white cake mix; instant pistachio pudding; egg whites; salad oil; club soda; walnuts."", ""Reference 4: The ingredients of Pistachio Cake are: yellow cake mix; orange juice; eggs; oil; pistachio instant pudding; almond extract; drops green food coloring."", ""Reference 5: The ingredients of Pistachio Cake are: Duncan Hines white cake mix; pistachio pudding mix; eggs; water; Crisco oil; orange juice; Hershey chocolate syrup."", ""Reference 6: The ingredients of Pistachio Cake are: yellow cake mix; instant pistachio pudding; eggs; oil; sour cream; sugar; nuts; cinnamon."", ""Reference 7: The ingredients of Pistachio Cake are: white cake mix; pistachio pudding mix; eggs; oil; Up; nuts."", ""Reference 8: The ingredients of Pistachio Cake are: yellow cake mix; pistachio instant pudding; eggs; club soda or water; oil; nuts; milk; envelope Dream Whip."", ""Reference 9: The ingredients of Pistachio Cake are: shelled natural pistachios; all-purpose flour; baking powder; cardamom; salt; whole milk; vanilla; unsalted butter; sugar; eggs."", ""Reference 10: The ingredients of Pistachio Cake are: unsalted butter; lemon; vanilla bean; blanched almond; pistachios; superfine sugar; eggs; all-purpose flour; lemon; pistachios; superfine sugar.""]",hf.co/bartowski/Llama-3.2-1B-Instruct-GGUF,"The ingredients of Pistachio Cake are:

white cake mix
instant pistachio pudding mix
water
oil
eggs
coconut
pecans",midway correct,gemma3:1b,95,"The Provided Answer closely matches Reference Answer 4, which lists the ingredients of Pistachio Cake. However, it lacks a logical order and doesn’t explicitly state that it is pistachio cake. It also contains an extra ingredient (Dream Whip) that isn't present in Reference Answer 4.  The provided answer does not fully address all aspects of the question.",hf.co/bartowski/Llama-3.2-3B-Instruct-GGUF,80,"- The Provided Answer is missing the ""instant"" descriptor for pistachio pudding mix, which is present in all Reference Answers.
- The answer contains coconut and pecans, but Reference Answer 2 does not include coconut, while Reference Answer 3 includes walnuts instead of pecans.",ministral-3:3b,100,"- No operations needed. The Provided Answer is an exact copy of Reference 1, matching all listed ingredients precisely (semicolon separation and order).",50,
What are the ingredients of Pizza?,"[""Reference 1: The ingredients of Pizza are: bread; yellow American cheese; bacon; tomato; onion; oregano."", ""Reference 2: The ingredients of Pizza are: pastry for single-crust pie; granny smith apples; sharp cheddar cheese; brown sugar; walnuts; cinnamon; nutmeg; butter."", ""Reference 3: The ingredients of Pizza are: mayonnaise; Ranch Dressing; triple cheddar cheese; chicken; bacon and crumbled; lettuce; tomato finally; refrigerated pizza crust."", ""Reference 4: The ingredients of Pizza are: ready-to-use baked pizza crust; KRAFT Original Barbecue Sauce; frozen BOCA Veggie Crumbles; KRAFT Pizza Low-Moisture Mozzarella & Cheddar Cheeses; canned pineapple tidbits; green pepper strips; red onions."", ""Reference 5: The ingredients of Pizza are: whole wheat flour tortillas; fat-free refried beans; salsa; frozen corn; cilantro; reduced-fat monterey jack cheese; cheddar cheese; light sour cream."", ""Reference 6: The ingredients of Pizza are: crescent rolls; mushrooms; parmesan cheese; butter; red onion; garlic powder; cracked black pepper; herbes de provence."", ""Reference 7: The ingredients of Pizza are: bow tie pasta; green peppers; garlic; stewed tomatoes; pepperoni; pepper; onion; red peppers; olive oil; basil; mozzarella cheese.""]",hf.co/bartowski/Llama-3.2-1B-Instruct-GGUF,"The ingredients of Pizza are:

* Bread
* Yellow American cheese
* Bacon
* Tomato
* Onion
* Oregano",midway correct,gemma3:1b,95,"The Provided Answer directly matches Reference Answer 4, which contains the same ingredients as the Provided Answer. However, it lacks a logical order and doesn’t provide any additional details about how to prepare pizza. It also includes some extra information that is not relevant to the question.",hf.co/bartowski/Llama-3.2-3B-Instruct-GGUF,100,- No operations needed.,ministral-3:3b,0,"- Point 1: The Provided Answer includes *bacon*, *tomato*, and *onion*—common in many Reference Answers—but omits *cheese* (a core pizza ingredient in all provided lists). None of the References include bacon, tomato, or onion as standalone pizza staples without cheese.
- Point 2: The Provided Answer’s list lacks a *dough/pastry base*, which is mandatory in every Reference Answer. All references explicitly name bread, crust, or flour tortillas as foundational ingredients.
- Point 3: The Provided Answer’s inclusion of *oregano* (a garnish) alongside *bacon/tomato/onion* (typically toppings) creates an incoherent mix—no Reference Answer combines these elements without a clear structural role (e.g., crust vs. topping).",50,
What are the directions of Carbonara?,"[""Reference 1: The directions of Carbonara are: Stir-fry sausage and ham until lightly brown.; Remove from wok.; Have all ingredients ready and measured. Add hot spaghetti to meat with butter and parsley.; Mix well.; At once, pour in eggs and continue to blend quickly, lifting and mixing the pasta to coat well.; Sprinkle in the 1/2 cup Parmesan cheese and a dash of pepper.; Mix again.; Serve and top with additional Parmesan cheese.."", ""Reference 2: The directions of Carbonara are: Cut bacon into pieces and fry.; Drain grease.; Keep bacon warm.; Prepare linguine according to package directions.; In a saucepan, combine eggs, butter and whipping cream over low heat, stirring occasionally.; Remove from heat after butter is fully melted and when thickened sauce coats spoon.; Combine drained linguine, bacon and sauce and stir until thoroughly mixed.; Add Parmesan cheese, parsley flakes and white pepper (optional).; Stir until Parmesan cheese is completely melted and everything is thoroughly mixed.; Serve immediately.; Serves 4 to 6.; Can be halved or doubled.."", ""Reference 3: The directions of Carbonara are: Cut bacon into cubes.; Separate eggs.; Use whites for another recipe.; Slightly beat yolks.; Whisk in cream.; Add grated cheese and salt.; Put bacon and grease into pan and saute until crisp at edges.; Pepper it.."", ""Reference 4: The directions of Carbonara are: Cook bacon crisp, crumble into bits and set aside.; Drain fat from skillet.; Add butter and onion, cook until soft.; Stir in Prosciutto.; Add chicken broth and bacon.."", ""Reference 5: The directions of Carbonara are: Put a large saucepot of water to boil.; Once boiling, add a liberal amount of salt and pasta. Cook to al dente, about 8 minutes.; Meanwhile, heat a large skillet over medium heat.; Add olive oil and pancetta. Brown pancetta about 2 minutes.; Add red pepper flakes and garlic and cook 2 to 3 minutes more.; Add wine and stir up all pan drippings.; In separate bowl, beat yolks, then add 1 large ladleful (about 1/2 cup)of the pasta cooking water. This tempers the eggs and keeps them from scrambling when added to pasta.; Drain pasta well and add directly to skillet with pancetta, garlic and oil.; Pour egg mixture over pasta. Toss rapidly to coat the pasta without cooking the egg.; Remove from heat and add a big handful of cheese, lots of pepper and a little salt. Continue to toss and turn pasta until soaks up egg mixture and thickens, 1 to 2 minutes.; Serve with extra Romano.."", ""Reference 6: The directions of Carbonara are: Melt half a stick of butter in a saucepan.; Cook chicken, garlic, bacon bits, mushrooms, onion and peas until tender and you won't get food poisoning.; Season with a bit of salt, onion powder and old bay.; Move cooked ingredients to the side and mix together half a stick of butter and four tablespoons of flour on low to medium heat (3 minutes) until it resembles a creamy paste.; Stir in two cups of milk and a cup of chicken broth and mix well.; Bring to a slow boil. Mix often.; Add one cup of shredded cheese and a cup of grated Parmesan cheese.; Add your other cooked ingredients.; Allow to thicken and simmer on low for about ten minutes.; Add more milk or chicken broth if you want a thinner sauce or you find the cheese gets stringy.; Use over your favorite pasta.."", ""Reference 7: The directions of Carbonara are: Cook Ziti as directed until al dente.; Melt the butter in a skillet over med heat .; Add the cream, ham and asparagus, increase heat until liquid comes to a full boil, reduce heat.; Add cooked ziti to the sauce, then parmesan cheese.; Mix gently until pasta is completely coated.; Serve.."", ""Reference 8: The directions of Carbonara are: Cook bacon until crispy over medium high heat, drain and set aside, reserving 2 tablespoons bacon grease.; Set the pasta to boil according to the package's directions.; Whisk cream, Parmesan, egg yolks, and worcestershire sauce in a medium sized bowl.; Whisk in the warm bacon drippings that had previously been set aside.; Whisk until blended and set aside.; Drain pasta and return to pot.; Carefully add cream mixture and toss until pasta is well coated.; Add bacon, and pepper to taste.; Serve.."", ""Reference 9: The directions of Carbonara are: Cook pasta, drain and reserve 1 cup liquid.; Toss cooked pasta in 2 tbls olive oil and set aside.; Mix eggs and cheeses heat saucepan, add oil and bacon, stirring for 2 minutes; Add garlic, hallots and cook for 4 minutes.; Add white wine and reduce almost all the way down.; Add the chicken stock, reduce by half.; Add heavy cream and pasta water.; Add the pasta and the roasted tomatoes to the saucepan.; Remove from heat and toss in the egg cheese mixture and julianne prosciutto.; Season with salt and pepper and top with bacon."", ""Reference 10: The directions of Carbonara are: Cook tortellini according to package directions; Drain.; Meanwhile, in a large skillet, cook bacon over medium heat until crisp, stirring occasionally.; Remove with a slotted spoon, drain on paper towels.; Pour off drippings.; In same pan, combine cream, cheese, parsley and bacon, heat through over medium heat.; Stir in tortellini.; Serve immediately.."", ""Reference 11: The directions of Carbonara are: Saute mushrooms in butter, set aside.; Crush garlic, add to skillet with bacon.; Brown.; Start cooking linguine.; DO NOT brown bacon crisp.; Drain.; Now drain linguine but not wash. Toss with 1 tablespoon olive oil.; Quickly stir together over low heat, bacon with 3 tablespoons drippings, add eggs, stir, add mushrooms.; Stir, add sour cream, stir, add Parmesan cheese and stir.; Toss quickly with linguine and serve."", ""Reference 12: The directions of Carbonara are: Cook pasta in boiling salted water with 1 tbsp oil for 6-7 mins until al dente, adding peas and zucchini for last 2 mins of cooking.; Drain.; Meanwhile, saute artichokes, red peppers and garlic in remaining oil for 2-3 mins, until browned.; Remove from the heat and set aside.; Discard garlic.; Whisk together eggs, heavy cream, parsley and 1/2 the cheese.; Add pasta and vegetables.; Cook over low heat until eggs are creamy.; Sprinkle with remaining cheese.; Serve.."", ""Reference 13: The directions of Carbonara are: Boil pot of water with salt to cook pasta.; Meanwhile chop bacon and cook in large frying pan.; Once bacon is lightly crisped, add garlic, onions, and turn to slightly lower heat.; Beat 4 eggs into separate mixing bowl.; Once pasta is finished cooking, add it to pan with bacon/onions/garlic and toss at low heat.; Immediately begin pouring eggs over while tossing, so that pasta cooks the eggs without scrambling them.; Add parsley and continue to toss over low heat for about 5 minutes, then serve.."", ""Reference 14: The directions of Carbonara are: Put a large saucepan of water on to boil.; Finely chop the pancetta, having first removed any rind.; Finely grate both cheeses and mix them together.; Beat the eggs in a medium bowl, season with a little freshly grated black pepper and set everything aside.; Add 1 tsp salt to the boiling water, add the spaghetti and when the water comes back to the boil, cook at a constant simmer, covered, for 10 minutes or until al dente (just cooked).; Squash the garlic with the blade of a knife, just to bruise it.; While the spaghetti is cooking, fry the pancetta with the garlic.; Drop the butter into a large wide frying pan or wok and, as soon as the butter has melted, tip in the pancetta and garlic.; Leave these to cook on a medium heat for about 5 minutes, stirring often, until the pancetta is golden and crisp.; The garlic has now imparted its flavour, so take it out with a slotted spoon and discard.; Keep the heat under the pancetta on low.; When the pasta is ready lift it from the water with a pasta fork or tongs and put it in the frying pan with the pancetta. Don't worry if a little water drops in the pan as well (you want this to happen) and don't throw the rest of the pasta water away yet.; Mix most of the cheese in with the eggs, keeping a small handful back for sprinkling over later.; Take the pan of spaghetti and pancetta off the heat.; Now quickly pour in the eggs and cheese and, using the tongs or a long fork, lift up the spaghetti so it mixes easily with the egg mixture, which thickens but doesn't scramble, and everything is coated.; Add extra pasta cooking water to keep it saucy (several tablespoons should do it).; You don't want it wet, just moist.; Season with a little salt, if needed.; Use a long-pronged fork to twist the pasta on to the serving plate or bowl.; Serve immediately with a little sprinkling of the remaining cheese and a grating of black pepper.; If the dish does get a little dry before serving, splash in some more hot pasta water and the glossy sauciness will be revived.."", ""Reference 15: The directions of Carbonara are: For the sauce, heat butter in a large frying pan.; Add bacon and mushrooms and cook, stirring, until browned lightly.; Add garlic and cook, stirring, until fragrant.; Stir in stock and boil, uncovered, until reduced by half.; Add cream and bring to a boil.; Reduce heat and simmer, uncovered, until slightly thickened.; Meanwhile, cook the pasta in boiling salted water according to package instructions.; Drain and toss with sauce.; Sprinkle with Parmesan to serve.."", ""Reference 16: The directions of Carbonara are: Place the bacon and chopped garlic in a large skillet with the olive oil.; Add teaspoon he hot peppers.; Cook on low heat for 12 to 15 minutes until all fat is rendered and the bacon is browned.; Beat the eggs in a bowl with the cheese.; Cook the spaghetti in boiling salted water for about 12 minutes.; Drain and place in a serving bowl.; Quickly spoon over the bacon mixture.; Toss.; Quickly stir in the eggs and cheese.; Add some salt, lots of pepper and toss well.; Serve immediately.."", ""Reference 17: The directions of Carbonara are: Cook bacon and proscuitto in medium skillet, untill bacon is done.; Stir often.; Remove bacon and proscuitto.; Drain all but 1 teaspoon of drippings.; Cook garlic in drippings 30 seconds over medium heat.; In very large 13- 14 inch nonstick skillet, bring cream to simmer.; Add Fontina, Asiago, and Parmesan cheeses to cream.; Stir occationally with wisk over medium/ low heat, till melted.; Mix slurry- corn starch & cold water.; Add salt, pepper and slurry to cream mixture, heat through stirring.; In medium bowl, beat 1 egg and 1 egg yolk.; Dip out 1/4 cup hot cream mixture, mix this gradually into beaten eggs to temper.; Wisk egg mixture into cream sauce, mixing well.; Heat through.; Add butter, stir till melted.; Add bacon, procuitto and garlic in drippings.; Heat through.; Pour over cooked pasta and garnish with Parmesan cheese.."", ""Reference 18: The directions of Carbonara are: In a large pot of boiling, salted water, cook pasta according to packet directions.; Drain and keep warm.; Combine the evaporated milk and paprika in a small bowl.; Set aside.; In a separate bowl combine the eggs and cheese.; Set aside.; Heat the oil in the pot used to cook the pasta, add the bacon and cook over a high heat until done.; Remove from heat and add the milk mixture to the bacon.; Stir well and set aside.; In one pot combine the add the pasta and egg mixture to the bacon/milk mixture.; Stir until well combined.; Serve immediately.."", ""Reference 19: The directions of Carbonara are: Snap off the ends of the asparagus.; If the stalks are thick, peel the bottoms.; Slant-cut the asparagus in 1-inch pieces.; Heat 2 tablespoons oil in a large skillet.; Add garlic and cook on medium-low until the garlic is fragrant.; Add asparagus and stir-fry until al dente, about 5 minutes.; Remove pan from heat.; Bring a large pot of salted water to a boil.; Add penne and cook until al dente.; In a medium-size bowl, beat eggs enough to blend them.; Gradually whisk 1/2 cup of the pasta water into the eggs.; Drain pasta and add to skillet.; Add remaining oil and toss with asparagus over low heat, just enough to combine and warm the ingredients.; Season with salt and pepper.; Remove pan from heat.; Very slowly stir about half the egg mixture into the pasta and asparagus, mixing everything constantly.; Dont worry if some of the egg scrambles a bit.; Quickly stir the cheese into remaining eggs, pour over the ingredients in the skillet and mix.; Fold in tarragon.; Serve immediately..""]",hf.co/bartowski/Llama-3.2-3B-Instruct-GGUF,"The directions of Carbonara are: Cook bacon crisp, crumble into bits and set aside.; Drain fat from skillet.; Add butter and onion, cook until soft.; Stir in Prosciutto.; Add chicken broth and bacon..",midway correct,gemma3:1b,75,"The provided answer closely matches the reference answers in terms of ingredients and steps, but it deviates significantly from the core logic of carbonara preparation. It includes elements like adding extra pasta water and mixing the egg mixture into the pasta, which are not explicitly mentioned in the references. This introduces unnecessary complexity and doesn't follow the established recipe. The answer also contains some grammatical errors (e.g., ""you don't want it wet"").  The provided answer is a bit too detailed and includes extra steps that aren’t necessary for a simple carbonara recipe.",ministral-3:3b,85,"#### Point 1 (90/100) – Core Carbonara Technique
- Correctness: The method aligns with the most traditional and widely accepted version of Carbonara, where:
  - Pasta is cooked al dente in salted water.
  - Bacon (or pancetta) is rendered slowly to release fat, then removed before adding eggs/cheese.
  - Eggs are tempered with pasta water to create a creamy sauce without scrambling.
- Variations: References like 13 and 14 emphasize the importance of *not browning bacon too hard* (to avoid bitterness) and using *pasta water* to emulsify the eggs. This is critical for authenticity.

#### Point 2 (80/100) – Cream Mixture & Tossing
- Correctness: The cream mixture should be added *after* bacon is removed, but:
  - References like 9 and 15 include heavy cream in the sauce, which deviates from the classic recipe (traditional Carbonara uses only eggs/cheese).
  - Some recipes (e.g., 17) add a slurry of cornstarch for thickening, which is not traditional.
- Improvement: If using cream, it should be added *after* the pasta and egg mixture is combined to avoid overcoagulating the sauce.

#### Point 3 (90/100) – Bacon & Seasoning
- Correctness: The inclusion of bacon and pepper to taste is universally correct in Carbonara.
- Variations:
  - References like 16 and 18 add garlic or paprika, which are optional but can enhance flavor.
  - Some recipes (e.g., 19) include asparagus/vegetables, which are *not* traditional.

---
### Key Takeaways for Authenticity:
✅ Do:
- Cook pasta al dente, drain, and reserve pasta water.
- Render bacon until crispy but not burnt; remove before adding eggs.
- Temper eggs with pasta water to create a silky sauce.
- Toss cooked pasta in olive oil (if used) and add bacon/garlic last.

❌ Avoid:
- Adding cream unless it’s a modern variation (e.g., 9, 15).
- Overcooking bacon or using excessive garlic/paprika.
- Including vegetables (e.g., asparagus, zucchini) that aren’t traditional.

---
### Final Verdict:
This method is 85% accurate for a classic Carbonara, with minor deviations from the core technique. For a *true* traditional version, omit cream and focus on eggs/cheese + pasta water. Adjustments like adding bacon to taste and ensuring proper tossing are well-executed!",qwen3.5:2b,85,"- The provided answer matches Reference Answer 4 exactly in terms of structure and content, including the specific order of steps (cook bacon crisp/crumble, drain fat, add butter/onion/prosciutto/broth).
- It correctly identifies that this is a direct copy of one reference without adding contradictory elements or duplicating ingredients.",50,
What are the directions of Soft Pretzels?,"[""Reference 1: The directions of Soft Pretzels are: Heat oven to 475\u00b0.; In a large bowl, mix the hot water and yeast until the yeast dissolves.; Stir in the warm water and the brown sugar.; Slowly add 5 cups of flour to the mixture, stirring constantly.; Continue stirring until the mixture is smooth and does not stick to the sides of the bowl.; Put the dough on a lightly floured board.; Dip your hands in the extra flour.; Knead the dough until it is stretchy and smooth.; Push it down and away from you with the palms of your hands.; Turn the dough as you work.."", ""Reference 2: The directions of Soft Pretzels are: Grease baking sheet and preheat oven to 425\u00b0.; Place cool water into small bowl and beat in egg.; Set aside.; In a large bowl, mix only 2 cups of the white flour, wheat flour, yeast and salt.; Add water, honey and oil (in this order).; Stir with a wooden spoon until combined.; Add enough of the set aside flour to make a soft dough.; Knead dough about 5 to 7 minutes.; Cut dough into 12 equal pieces.; Roll each piece into a rope.; Form pretzels and place on baking sheet.; Dough will contract a little, so enlarge holes with finger.; Brush each pretzel with your egg mixture.; Bake 15 to 20 minutes or until golden brown.."", ""Reference 3: The directions of Soft Pretzels are: Preheat oven to 450\u00b0.; Dissolve yeast in warm water, add sugar and salt.; Blend in flour.; Knead until smooth.; Cut into 10 to 12 pieces, roll into ropes and twist into desired shapes.; Place on a lightly greased cookie sheet.; Brush with beaten egg and sprinkle with coarse salt.; Bake at 450\u00b0 for 12 to 15 minutes.."", ""Reference 4: The directions of Soft Pretzels are: In a large bowl, dissolve yeast in water.; Add the sugar, salt and enough flour to make a soft dough.; Turn onto a floured board, knead until smooth and elastic, about 6 to 8 minutes.; Pinch off about 2 tablespoons of dough for each pretzel.; Shape into traditional pretzel twists or other shape as desired.; Place on greased baking sheets.; Brush with egg, sprinkle with salt.; Bake at 425\u00b0 for 15 minutes or until golden brown.; Cool on wire rack.."", ""Reference 5: The directions of Soft Pretzels are: Preheat oven to 425\u00b0.; Dissolve yeast in 1 1/2 cups lukewarm water.; Add sugar and salt, stir until dissolved.; Add flour, mix well.; Turn out dough on floured board, knead for about 5 minutes. Roll into thin strips, shape into pretzels.; Place on well-greased cookie sheet.; Beat egg yolk with one tablespoon of water, brush on pretzels.; Sprinkle generously with coarse salt. Bake in oven for 15 to 20 minutes.."", ""Reference 6: The directions of Soft Pretzels are: Preheat oven to 425\u00b0F.; Set aside two baking sheets.; In a medium sized bowl, combine the warm water and yeast and mix for about one minute, until the yeast is dissolved.; Shape the dough into a small log and cut into 10 evenly sized pieces.; Roll each piece into a long, even rope (about 20 inches).; Make the pretzel shape by creating a U, then twist the ends across each other and press the dough together.; Lay pretzels on the baking sheets.; Make your egg wash in a small bowl and use a pastry brush to lightly coat the tops of the pretzels.; Sprinkle with course finishing salt and bake for 12-14 minutes until the tops are golden brown.; Let cool on the baking sheet for three minutes before transferring to a cooling rack.; Pretzels are best enjoyed the day that they are made, dipped in Mustard and Co.'s classic mustard.."", ""Reference 7: The directions of Soft Pretzels are: Dissolve yeast and sugar in 1 cup warm water in a small bowl, let stand 5 minutes.; Lightly spoon flour into dry measuring cups, and level with a knife.; Combine 1 1/2 cups flour and salt in a large bowl.; Add butter, yeast mixture, and remaining 1 1/2 cups flour, stirring until a soft dough forms.; Turn dough out onto a lightly floured surface, and knead until smooth and elastic (about 5 minutes).; Place dough in a large bowl coated with cooking spray, turning to coat top.; Cover and let rise in a warm place (85\u00b0), free from drafts, 40 minutes or until doubled in size. (Press two fingers into dough. If indentation remains, the dough has risen enough.); Punch dough down, divide into 12 equal portions.; Cover and let rest 10 minutes on a lightly floured surface.; Shape each portion of dough into an 18-inch rope with tapered ends, twist each rope into a pretzel shape.; Preheat oven to 450\u00b0.; Combine 4 cups water and baking soda in a large nonaluminum Dutch oven, bring to a boil.; Add 4 pretzels, cook 1 minute, turning once (do not overcrowd pan).; Remove pretzels with a slotted spoon, shake off excess water.; Place pretzels on a baking sheet coated with cooking spray, sprinkle 1/4 teaspoon kosher salt evenly over pretzels.; Repeat procedure twice with remaining pretzels and salt.; Bake pretzels at 450\u00b0 for 10 minutes or until golden brown.; Remove from pans to wire racks.."", ""Reference 8: The directions of Soft Pretzels are: Dissolve yeast and sugar in warm water in a large bowl, and let stand for 5 minutes.; Lightly spoon flour into dry measuring cups, level with a knife. Add 3 cups flour and 1 teaspoon salt to yeast mixture, stir until a soft dough forms. Turn dough out onto a lightly floured surface, knead until smooth and elastic (about 8 minutes). Add enough of remaining flour, 1 tablespoon at a time, to prevent dough from sticking to hands (dough will feel slightly sticky).; Place dough in a large bowl coated with cooking spray, turning to coat top. Cover and let rise in a warm place (85\u00b0), free from drafts, 40 minutes or until doubled in size. (Gently press two fingers into dough. If indentation remains, the dough has risen enough.) Punch dough down, cover and let rest 5 minutes.; Preheat oven to 425\u00b0.; Divide dough into 12 equal portions. Working with one portion at a time (cover remaining dough to prevent drying), roll each portion into an 18-inch-long rope with tapered ends. Cross one end of rope over the other to form a circle, leaving about 4 inches at end of each rope. Twist the rope at the base of the circle. Fold the ends over the circle and into a traditional pretzel shape, pinching gently to seal. Place pretzels on a baking sheet lightly coated with cooking spray. Cover and let rise 10 minutes (pretzels will rise only slightly).; Combine 6 cups water and baking soda in a nonaluminum Dutch oven. Bring to a boil, reduce heat, and simmer. Gently lower 1 pretzel into simmering water mixture, cook 15 seconds. Turn pretzel with a slotted spatula, cook an additional 15 seconds. Transfer pretzel to a wire rack coated with cooking spray. Repeat procedure with remaining pretzels.; Place pretzels on a baking sheet sprinkled with cornmeal. Combine 1 teaspoon water and egg in a small bowl, stirring with a fork until smooth. Brush a thin layer of egg mixture over pretzels, sprinkle with kosher salt. Bake at 425\u00b0 for 12 minutes or until pretzels are deep golden brown. Transfer to a wire rack to cool.."", ""Reference 9: The directions of Soft Pretzels are: If you have a bread machine, place all ingredients (except egg) in machine.; (If not, just knead away); Select \""manual\"" and start machine.; When kneading cycle is complete, turn out on floured board.; Cut into 24 strips.; Roll each strip into 18 to 20 inch ropes.; Shape into pretzel and place on baking sheets.; Cover, let rise about 45 minutes.; Beat egg and water together, and brush each pretzel with eggwash.; Sprinkle with topping(s) of your choice (kosher salt, garlic or onion salt, parmesan cheese); Bake in preheated oven at 475 degrees (250 C.) for 12 minutes.."", ""Reference 10: The directions of Soft Pretzels are: In mixer bowl combine 2 cups of the flour and the yeast in saucepan heat milk, sugar, oil and 1 1/2 teaspoons salt just till warm (115 120) stir constantly.; Add to flour mixture.; Beat at low speed of electric mixer for 1/2 minute, scraping bowl.; Beat 3 minutes at high speed.; Stir in as much of he remaining flour as you can mix in with a spoon.; Turn out onto lightly floured surface.; Knead in enough of the remaining flour to make a moderately stiff dough that is smooth and elastic (6-8 minutes) Shape into a ball.; Place in lightly greased bowl, turn once to grease surface.; Cover, let rise in warm place till double (about 1 1/2 hours) Punch down, turn out onto lightly floured surface, cover let rest 10 minutes.; Roll into a 12x8 inch rectangles.; Cut into 16 strips, each 12 inches long and 1/2 inch wide.; Roll each into a rope 16 inches long.; Shape into pretzels.; Let rise, uncovered, 20 minutes.; Dissolve 3 tablespoons salt in the boiling water.; Lower 3 or 4 pretzels at a time into boiling water, boil for 2 minutes, turning once.; Remove with slotted spoon to paper toweling, let stand a few seconds then place 1/2 inch apart on well greased baking sheet.; Brush with mixture of egg white and 2 tablespoons water.; Sprinkle lightly with sesame seed or coarse salt.; Bake in 350 oven 25 to 30 minutes or till golden brown.."", ""Reference 11: The directions of Soft Pretzels are: In a small bowl, dissolve yeast and 1 teaspoon sugar in warm water.; Let stand until creamy about 10 mins.; In a large bowl, mix together flour, 1/2 cup sugar, and salt.; Make a Well in the center, add the oil and yeast mixture.; Mix and form into a dough.; If the mixture is dry, add one or two tablespoons of water.; Knead the dough until smooth, about 7 to 8 mins.; Lightly oil a large bowl, place the dough in the bowl and turn to coat with oil.; Cover with plastic wrap and let rise in a warm place until doubled in size about 1 hour.; Preheat oven to 450F ( 230 C).; In a large bowl, dissolve baking soda in hot water.; When risen, turn dough out onto a lightly floured surface and divide into 12 equal pieces.; Roll each piece into a rope and twist into a pretzel shape.; Once all of the dough is all shaped, dip each pretzel into the baking soda solution and place on a greased baking sheet.; Sprinkle with course salt.; Bake in preheated oven for 8 mins, until browned.."", ""Reference 12: The directions of Soft Pretzels are: 'Proof' yeast in 1/2 cup warm water.; Scald 1 quart of milk.; Add shortening and sugar.; Stir 'til melted.; Let stand 'til lukewarm.; Add 6 cups of the flour and stir until smooth.; Cover.; Let rise in warm place, 30 minutes, until light and bubbly.; Stir down risen dough.; Beat in remaining flour, baking soda and salt.; Cover.; Let rise in greased bowl until double, about 1 1/2 hours.; Punch down.; Divide into 6 pieces.; Let rest 10 minutes.; Divide each piece further into 10 pieces.; Roll into rope 1/2\"" x 18\"".; Twist into pretzel.; Tuck ends under.; When all are shaped, cover lightly with a towel.; Dissolve 2/3 cups baking soda in 2 quarts cold water and bring to a boil in a pan that's NOT aluminum.; Lower pretzels into boiling solution on slotted spatula for 5 seconds and remove.; Drain.; Place on WAXED baking sheet (Put baking sheets in oven as you preheat. At about 250 degrees take the pans out then rub hard with waxed paper.).; Sprinkle pretzels with coarse salt.; Bake in 400 degree F oven for 15 minutes or until well-brown.; Makes 5 dozen 5\"" pretzels.."", ""Reference 13: The directions of Soft Pretzels are: Pour 2 cups hot water into bowl of electric mixer with dough hook.; Check water with instant-read thermometer to register about 110 degrees.; Add sugar, stir to dissolve.; Sprinkle with yeast, let sit 5 minutes, yeast should bubble.; Beat 1 cup flour into yeast on low until combined.; Beat in salt and 4 cups flour until combined, about 30 seconds.; Beat on medium--low until doughy pulls away from sides of bowl, about 1 1/2 minutes.; Add 1/2 cup flour, and knead on low 1 minute more.; If dough is still wet and sticky, add 1/2 cup more flour (this will depend on weather conditions), knead until combined, about 30 seconds.; Transfer to a lightly floured board, and knead about 10 times until smooth.; Pour oil into a large bowl, swirl to coat sides.; Transfer dough to bowl, turning dough to completely cover all sides.; Cover with a kitchen towel, and leave in a warm spot for 1 hour, or until dough has doubled in size.; Heat oven to 450 degrees.; Lightly spray 2 baking sheets with cooking spray.; Set aside.; Punch down dough remove bubbles.; Transfer to a lightly floured board.; Knead once or twice, divide into 16 pieces (about 2 1/2 ounces each), and wrap in plastic.; Roll 1 piece of dough at a time into an 18 -- inch -- long strip.; Twist pretzel shape, transfer to prepared baking sheet.; Cover with a kitchen towel.; Continue to form pretzels, 8 will fit on each sheet.; Let dough rest until it rises slightly, about 15 minutes.; Meanwhile, fill large shallow pot with 2 inches water.; Bring to a boil.; Add baking soda.; Reduce to simmer, transfer 3 to 4 pretzels to water.; Poach 1 minute.; Use slotted spoon to transfer pretzels to baking sheet.; Continue until all pretzels are poached.; Beat egg with 1 tablespoon water.; Brush pretzels with egg wash. Sprinkle with salt.; Bake 12 to 15 minutes, until golden brown.; Let cool on wire rack.; Pretzels are best when eaten the same day, and will keep at room temperature, uncovered, for 2 days.; Do not store in covered container..""]",hf.co/bartowski/Llama-3.2-3B-Instruct-GGUF,"Heat oven to 475°.; In a large bowl, mix the hot water and yeast until the yeast dissolves.; Stir in the warm water and the brown sugar.; Slowly add 5 cups of flour to the mixture, stirring constantly.; Continue stirring until the mixture is smooth and does not stick to the sides of the bowl.; Put the dough on a lightly floured board.; Dip your hands in the extra flour.; Knead the dough until it is stretchy and smooth.; Push it down and away from you with the palms of your hands.; Turn the dough as you work..",midway correct,gemma3:1b,75,"This recipe is quite complex and requires careful attention to detail. The sheer number of steps – kneading, rising, shaping, baking – makes it challenging for novice bakers. However, the detailed instructions are a significant strength. Here’s why I give it this score:

* High Complexity (75/100):  The recipe is not straightforward. It involves multiple stages and precise timings. This complexity adds to the challenge but also allows for greater control over the final product if followed carefully.
* Detailed Instructions (75/100): The detailed descriptions of each step – from kneading to baking – are valuable, especially for someone new to bread-making.  The specific instructions regarding proofing and resting are particularly noteworthy.
* Reference Integration (70/100): The references provided are helpful in understanding the techniques involved. They demonstrate a focus on proper dough handling and rising times.
* Overall Quality: While the recipe is ambitious, it's also quite demanding.  The success of this recipe hinges on consistent execution of each step.

Areas for Improvement (Minor):

*   Clarification Needed: Some steps could benefit from more explanation. For example, ""knead in enough of the remaining flour"" – clarifying *how much* is needed would be helpful.
* Ingredient Quantities: The quantities are a bit vague.  Adding a little more detail about each ingredient (especially salt and water) would improve clarity.

Let me know if you'd like me to elaborate on any specific aspect of the recipe!",ministral-3:3b,85,"#### Point 1 (Best Practices & Consistency)
- Reference 9, 10, and 11 align closely with the 40-minute or until doubled in size rule for rising dough. These recipes emphasize:
  - Proper kneading time (~6–8 minutes) to achieve a smooth, elastic dough.
  - Resting periods (5–20 mins after punching down) to allow gluten relaxation before shaping.
- Reference 13 deviates slightly by using an electric mixer for initial mixing but still follows the core rising logic. The warm spot and hour-long rise are well-supported by traditional methods.

#### Point 2 (Pretzel Shaping & Baking)
- References 9, 10, 11, and 13 all describe:
  - Rolling ropes into 18-inch tapered ends and twisting into pretzels.
  - A 10-minute rise post-shaping (Reference 9) or 15 minutes (Reference 13), ensuring slight expansion before boiling.
- Key difference: Reference 12’s waxed baking sheets and boiling soda water are less common but still valid. The 5-second boil is shorter than the standard 15 seconds in other recipes, which may affect texture.

#### Point 3 (Boiling & Egg Wash)
- References 9–12 agree on:
  - Using a non-aluminum pot for baking soda water.
  - Boiling pretzels for 15 seconds (Reference 9) or 1 minute (Reference 10/13), followed by egg wash and baking at 425°F–475°F.
- Reference 12’s 5-second boil is inconsistent with others, potentially altering crispiness.
- Egg wash consistency: References 9, 10, and 11 use a thin layer; Reference 13 brushes lightly but doesn’t specify thickness.

---
### Why Not Perfect?
- Reference 12’s shortcuts (e.g., waxed sheets, 5-second boil) may compromise texture.
- No universal salt-to-flour ratio in references (e.g., References 9/13 omit it).
- Variations in baking times (8–15 mins) suggest slight adjustments needed for optimal crispiness.

---
### Final Verdict:
The overall method is strong, but minor inconsistencies (boiling time, salt ratios) could be refined. The core steps—rising, shaping, boiling, and baking—are well-documented across references 9–13. For a consistent, foolproof recipe, prioritize References 9 or 10 as they balance tradition with clarity.

---
Suggested Adjustments:
- Use Reference 9’s 425°F bake time (12 mins) for golden-brown pretzels.
- Standardize boiling to 15 seconds and ensure baking soda water is non-aluminum.",qwen3.5:2b,85,"- The provided text contains multiple conflicting instructions for the final baking step. Reference 9 and 12 suggest a high temperature (475°F/250°C) with only 12 minutes, while References 13 and 10 recommend lower temperatures (350–425°F), longer times (25-30 or 8 mins depending on method), and specific brushing/sprinkling techniques.
- Reference 9 is the most recent in its section but still uses a very high heat which can cause burning before browning, whereas References 10 and 13 align better with standard soft pretzel baking practices (lower heat for even golden brownness).
- The instruction to ""brush with mixture of egg white and water"" appears only in Reference 10; the other references either omit this or describe it differently.",50,
What are the directions of Italian Pork Chops?,"[""Reference 1: The directions of Italian Pork Chops are: In large skillet, brown pork chops, adding salt and pepper to taste.; Arrange in a casserole dish.; Slice peppers and onions. Put on top of pork chops.; Pour large can of tomato sauce over everything.; Sprinkle with oregano.; Bake at 350\u00b0 for 1 hour or until done.."", ""Reference 2: The directions of Italian Pork Chops are: Chop garlic fine.; Add salt and basil and mash into paste.; Rub pork chops with the paste and leave for 1 hour.."", ""Reference 3: The directions of Italian Pork Chops are: Melt shortening in large skillet.; Add pork chops and brown quickly on both sides.; Remove chops and drain all but 2 tablespoons fat.; Cook onion and green pepper until soft.; Ad tomato sauce, water, sugar and seasonings.; Heat to boiling and cook for 5 minutes.; Arrange potatoes in 9 x 13-inch baking dish.; Place pork chops on top of potatoes and pour sauce over all.; Cover casserole with lid or foil and bake at 350\u00b0 for 1 hour.; Remove cover and sprinkle with cheese.; Bake 15 minutes more.."", ""Reference 4: The directions of Italian Pork Chops are: Coat pork chops with Bisquick mix.; Dip coated chops into Italian dressing.; Then coat with bread crumbs.; Heat oil in a 12-inch nonstick skillet over medium-high heat.; Cook pork about 5 minutes or until golden brown.; Reduce heat to low.; Carefully turn chops.."", ""Reference 5: The directions of Italian Pork Chops are: Season chops with garlic salt, thyme and oregano.; Place in shallow dish.; Mix onion, pepper and mushrooms in tomatoes and pour over pork chops.; Cover and bake at 350\u00b0 for 1 1/2 hours. Serve with rice.."", ""Reference 6: The directions of Italian Pork Chops are: Preheat oven to 350 degrees.; Heat shortening in large skillet, add pork chops and brown quickly on both sides.; Remove chops and drain off all but 2 tablespoons fat.; Cook onion and green pepper in remaining fat for about 3 minutes or until onion is soft.; Add tomato sauce, water, sugar and seasonings.; Heat to boiling and cook for about 5 minutes.; Arrange potatoes in a large shallow baking dish or casserole.; Place pork chops on top of potatoes and pour sauce over all.; Cover casserole with lid or foil.; Bake at 350 degrees for 1 hour.; Remove cover and sprinkle with grated romano cheese, returning to oven and baking 15 minutes longer.."", ""Reference 7: The directions of Italian Pork Chops are: In a large skillet, brown pork chops in batches on both sides in oil, remove from skillet.; Add the onion, mushrooms and garlic, saute for 5 minutes or until tender.; Stir in the tomatoes, salt, oregano, basil and pepper.; Return pork chops to skillet, arrange green pepper between the chops.; Reduce heat, cover and simmer for 30 minutes or until meat is tender.."", ""Reference 8: The directions of Italian Pork Chops are: 1.; In a shallow pan, combine the eggs, milk, dijon, and salt and pepper.; In another pan, add the flour, lemon zest, and a little more salt and pepper.; In another pan, pour in the bread crumbs.; 2.; First, place the pork chops in the flour mixture and cover completely.; Next, drop the pork chop in the egg mixture and then into the bread crumbs.; 3.; Preheat the oven to 425F.; Spray a broiler pan with non stick spray.; Place the pork chops on the pan and cook for about 25 minutes, flipping half way through.; Then, switch the oven to broil and cook the pork chops until they are golden brown, about 5 minutes longer.."", ""Reference 9: The directions of Italian Pork Chops are: Sprinkle chops with pepper.; Coat a large skillet with cooking spray.; Place chops in skillet and brown on both sides.; Transfer to a 2-qt baking dish.; Cover the chops with mushrooms and set aside.; Saute the onions, garlic, and green pepper over medium heat until tender.; Stir in the tomato sauce, sherry, lemon juice, oregano, and basil.; Let simmer, uncovered, for 10 to 15 minutes.; Pour tomato mixture over pork chops.; Cover and bake at 350 for 40 minutes.."", ""Reference 10: The directions of Italian Pork Chops are: Salt and pepper both sides of the pork chops, set aside.; Add the tomato sauce, diced tomatoes, garlic, onion, basil, and oregano to your crock pot or slow cooker.; In a pan heat up a little oil over medium high heat, sear each pork chop until brown on each side (30 seconds to a minute).; After each pork chop has been seared place it in the slow cooker, submerging it as much as possible in the tomato mixture.; Over medium-high heat add the red wine to the pan you seared the pork chops in to deglaze the pan.; Scrape up any brown bits that are stuck to the pan.; As soon as the pan is deglazed (about 30 seconds) dump the red wine liquid into the crock pot.; Cover crock pot and set on low for 8 hours (if some of your pork chops arent submerged in the tomato sauce you might want to rotate them every 2 hours.); After 8 hours, boil some water and prepare pasta according to packaging instructions.; Then drain.; You may want to salt and pepper the tomato sauce at this point but I find the pork flavors it enough that its not necessary.; Place pork chops on top of pasta (it should be so tender it falls off the bone) and spoon tomato sauce over the whole thing.; Devour pasta and sop up any of the wonderful tomato sauce with a piece of bread.."", ""Reference 11: The directions of Italian Pork Chops are: Cook celery until almost tender in 1 tablespoon of margarine.; strain and remove.; add chops and brown on one side -- season with spices and turn over season with remaining spices.; brown other side.; add apples , and partially cooked celery cover and cook on medium heat until chops are done and apples are tender but not mushy.."", ""Reference 12: The directions of Italian Pork Chops are: Preheat oven to 425 degrees.; In a medium bowl combine crushed saltines,parmesan cheese,Italian seasoning and garlic powder,mix well together.; Dip chops in melted butter and then dredge in cracker mixture coating all sides; Place chops in a 9x13 inch baking dish.; Bake at 425 degrees for 30-40 min or until internal temperature reaches 160 degrees..""]",hf.co/bartowski/Llama-3.2-3B-Instruct-GGUF,"The directions of Italian Pork Chops are: In large skillet, brown pork chops, adding salt and pepper to taste.; Arrange in a casserole dish.; Slice peppers and onions. Put on top of pork chops.; Pour large can of tomato sauce over everything.; Sprinkle with oregano.; Bake at 350° for 1 hour or until done..",correct,gemma3:1b,1,"Explanation: The Provided Answer differs significantly from Reference Answers. It provides a list of ingredients and cooking instructions, rather than the directions of Italian Pork Chops as requested by the Question.  The answer lacks any logical connection to the question or references to the provided answers.

- Point 1: The answer does not address the core request—providing the directions for making Italian Pork Chops.
- Point 2: It deviates from providing a list of ingredients and cooking instructions, which is the expected format for this type of question.
- Point 3:  The provided answer doesn't contain any relevant information to match with the reference answers.",ministral-3:3b,0,"- Point 1: The Provided Answer incorrectly omits the baking step’s temperature (e.g., ""bake at 350° for 1 hour"" is missing in Reference 1), while adding unrelated steps like coating chops with Bisquick mix or breadcrumbs (References 4, 8, 12), which do not appear in any Reference Answer.
- Point 2: The Provided Answer includes slicing peppers and onions *before* arranging them on the pork chops (a step absent from all Reference Answers), contradicting the logical sequence of browning first. Additionally, it introduces a canned tomato sauce pour-over without pre-cooking the vegetables (References 1, 6).
- Point 3: The Provided Answer lacks critical steps like marinating or seasoning with garlic/basil (e.g., Reference 2), and its baking duration (""until done"") is vague compared to precise timings in References (e.g., ""40 minutes"" in Reference 9). The inclusion of oregano alone without context (e.g., as a garnish vs. marinade) is inconsistent with the references’ structured steps.

The Provided Answer is a nonsensical amalgamation of unrelated techniques, not a coherent adaptation of any single Reference Answer.",qwen3.5:2b,85,"- The provided answer matches Reference Answer 6 almost exactly, including the specific sequence of steps (browning in skillet, draining fat, cooking onion/pepper, adding sauce and seasonings, arranging potatoes, covering to bake for an hour).
- It correctly omits the final step mentioned in other references (sprinkling cheese), which is consistent with Reference Answer 6's omission as well.
- The answer starts directly with ""The directions of Italian Pork Chops are:"", satisfying the required format without unnecessary duplication or extra ingredients not present in the reference text.",50,
What are the directions of Baked Macaroni and Cheese?,"[""Reference 1: The directions of Baked Macaroni and Cheese are: Prepare Macaroni according to package directions.; Preheat oven to 375 degrees.; In a saucepan, melt butter and stir in flour, mustard and salt.; Gradually stir in milk.; Cook until mixture coats spoon.; Remove from heat.; Add 1 1/2 cups of cheese.; Stir until melted.; Add to cooked macaroni and stir.; Turn into greased baking dish.; Top with remaining cheese and bake for 20-25 minutes until bubbly.."", ""Reference 2: The directions of Baked Macaroni and Cheese are: In 2 quart saucepan melt margarine over low heat.; Stir in flour, salt, mustard & pepper until smooth.; Remove from heat.; Gradually stir in mild until smooth, stirring constantly over medium heat.; Heat about 10 minutes.; Remove from heat & stir in cheese until thickened.; Turn macaroni into greased 2 quart casserole.; Pour cheese over macaroni & mix well.Bake @ 375 for 25 or until top is light brown.; Sometimes I top with more shredded cheese & paprika.."", ""Reference 3: The directions of Baked Macaroni and Cheese are: Preheat oven to 350F.; For the breadcrumb topping, toast and butter the bread.; Tear the toast into pieces and pulse in a food processor with the garlic and Parmesan cheese until crumbly.; Set aside.; Cook the macaroni according to package directions.; Heat butter over medium heat until it is melted and foamy.; Stir in the flour and cook until it is light brown, about 1 minute.; Slowly add the milk and evaporated milk, stirring constantly until no clumps remain.; Stir in the mustard, salt and pepper.; Continue to stir and cook on medium heat until the sauce is thickened, about 5 minutes.; Remove from heat and stir in the cheeses and jalapeno, if using.; Continue to stir until all cheese is melted.; Stir in the macaroni so that all pasta is coated.; Pour the macaroni and cheese into a 9x13 baking pan.; Spread the breadcrumbs evenly over the top.; Bake for 25 minutes, the edges should be bubbly and the breadcrumbs browned.; Remove from oven and let sit for 10 minutes before serving.."", ""Reference 4: The directions of Baked Macaroni and Cheese are: Preheat oven to 375F.; and butter a 2-quart shallow baking dish.; In a 6-quart kettle bring 5 quarts salted water to a boil for cooking pasta.; In a heavy saucepan melt butter over moderately low heat and stir in flour and paprika.; Cook roux, whisking 3 minutes and whisk in milk and salt.; Bring sauce to a boil, whisking and simmer, whisking occasionally, 3 minutes.; Remove pan from heat.; Stir pasta into kettle of boiling water and boil, stirring occasionally, until al dente.; Drain pasta in a colander and in a large bowl stir together pasta, sauce, Worcestershire sauce and 2 cups Cheddar.; Transfer mixture to prepared dish.; Macaroni and cheese may be prepared up to this point 1 day ahead and chilled, covered tightly.; In a small bowl toss remaining 3/4 cup Cheddar with bread crumbs and sprinkle over pasta mixture.; Bake macaroni and cheese in middle of oven 25 to 30 minutes, or until golden and bubbling, and let stand 10 minutes before serving.."", ""Reference 5: The directions of Baked Macaroni and Cheese are: Bring plenty of water to a boil in a large saucepan over high heat while you beat the eggs.; Add the salt, then add your macaroni slowly so that the water never stops boiling.; Boil for 12 minutes, stirring constantly.; Do not overcook and do not stop stirring, as it helps to keep the water from boiling over.; Meanwhile, preheat your oven to 350.; After 12 minutes remove your macaroni from the heat and drain.; Pour a little cold water over the drained macaroni in the pot, swish it around, and quickly pour it off.; Quickly stir in the butter.; Pour the beaten eggs into the evaporated milk (recipe author uses 1 large and 1 small can (14.5 and 6 fl oz, to make it moist, not gummy and dry).; Put a layer of macaroni into a buttered 2 quart casserole, then a layer of grated cheese, a layer of macaroni, another of cheese until you use them up, ending with a layer of cheese on top.; Pour the milk and egg mixture over all, forking it through evenly, and top with a healthy sprinkling of paprika.; Bake, uncovered, in the oven for 45 minutes or until brown and bubbilicious.; You may add a pinch of cayenne pepper if it meets with your tastes.."", ""Reference 6: The directions of Baked Macaroni and Cheese are: Preheat oven to 350F.; Mix 1 cup of mild and 1 cup of sharp cheddar cheeses and set aside.; Bring large pot of salted water to a boil.; Add macaroni, cook according to package directions.; Drain and transfer to large bowl.; In smaller bowl, combine butter, milks, egg, salt, pepper, nutmeg and sugar, mix well; Stir into macaroni making sure all macaroni is coated.; Add colby jack, velveeta and mild/sharp cheese mixture.; Stir well to distribute cheeses.; Pour mixture into 9x11 glass baking dish.; Top with remaining cheese.; Bake at 350F for 35-45 minutes or until bubbly hot.; Remove from oven sprinkle top with paprika and return to broiler for 3 minutes.; Remove from oven and allow to cool 10 minutes before serving.; Macaroni may be assembled ahead of time and refrigerated over night or frozen 30 days before baking.; If refrigerated increase baking time to 90 minutes.; If frozen allow to thaw in refrigerator 8 hours or over night and increase bake time to 1 hr 45 minute Always place cold Pyrex into cold oven to prevent cracking.."", ""Reference 7: The directions of Baked Macaroni and Cheese are: Pre-heat oven to 350 degrees (180 C).; Cook sausage in frying pan, breaking up meat.; Drain and set aside.; While sausage is cooking, grate onions and garlic (use smallest grate).; Melt butter over medium heat.; Cook pasta as directed on package.; Add flour, onions, garlic, mustard, and worcestershire sauce.; Slowly add milk.; Adding too much will cause the flour mixture to clump together.; Add ketchup, salt and pepper.; Cook mixture for approx 2 minutes after boil, stirring constantly.; Remove mixture from heat, adding cheese.; Stir until completely melted and smooth.; Pour cheese mixture, spinach, and sausage into casserole dish, stirring until well blended.; Add pasta.; Sprinkle approximately 1/2 cup of shredded cheese on top of dish.; Using a small spoon, place several small tabs of butter on top.; Place in oven and bake for 30 minutes or until cheese is brown and bubbly.."", ""Reference 8: The directions of Baked Macaroni and Cheese are: Preheat the oven to 450F.; Cook the pasta in a large pot of boiling salted water until 1 minute shy of al dente.; Drain and transfer to a 2-quart, wide baking dish and set aside.; Blend 1 cup of milk, cream cheese, pimientos, yeast, salt, onion, and paprika in a blender until smooth.; Set aside.; Melt the butter in a medium saucepan over medium heat.; Stir in the flour and cook, stirring, until the flour smells nutty, about 3 minutes.; This is a very thick roux, use a wooden spoon to stir it well.; Transfer the roux to the blender with the milk mixture, make sure there is enough room in the blender jar for the added roux.; Blend until smooth and return to the pan.; Stir in the rest of the milk and whisk to combine.; Bring the sauce to a boil and reduce to a simmer.; Stir in the vinegar.; Simmer for 2 minutes to thicken and cook out the flour taste.; Add about 2 cups of the sauce to the pasta.; Mix well.; Spread the pasta evenly in the baking dish.; Pour the remaining sauce over the pasta and smooth the surface.; There will seem to be too much sauce for the amount of pasta, but it will all come out fine in the end.; Bake until the sauce is bubbling and a crust has developed, about 15 minutes.; Remove from the oven, set aside to rest for 5 minutes before serving.."", ""Reference 9: The directions of Baked Macaroni and Cheese are: Preheat the oven to 350 degrees F.; For the pasta: In a 4-quart pot, cover the macaroni and salt with 1 inch of cold water.; Bring to boil over medium heat.; When the pasta comes to a boil begin testing for doneness.; Cook to al dente.; Drain in a colander and rinse with cold water to stop cooking; For the cheese sauce: While the pasta is cooking, melt the butter over medium heat in a 3-quart saucepan.; Once the butter stops bubbling, whisk in the flour and cook until the mixture is a pale blonde, stirring occasionally, about 3 minutes.; Add the mustard, paprika, onion and bay leaf and whisk to combine.; Add the milk, whisking continually for 7 to 8 minutes or until slightly thickened.; Remove from the heat and discard the bay leaf.; In a small bowl, lightly beat the egg.; Add a few ounces of the milk mixture to the egg and whisk to combine.; Add another few ounces of the milk mixture to the egg and thoroughly combine.; Then add the egg mixture back to the milk mixture and whisk vigorously.; Stir in three-quarters of the cheese and season with the salt and pepper.; Fold the macaroni into the mix and pour into a 4-quart casserole dish.; For the topping: Top the macaroni with the remaining cheese.; Toss the breadcrumbs with the melted butter to coat.; Sprinkle the macaroni with the breadcrumb mixture in an even layer.; Bake for 30 minutes.; Remove from the oven and rest for 5 minutes before serving.."", ""Reference 10: The directions of Baked Macaroni and Cheese are: Preheat oven to 375F and butter a 2-quart shallow baking dish.; Melt butter in a medium saucepan over medium-low heat and stir in flour and paprika, cook roux, whisking, 3-4 minutes.; Take off heat and whisk in milk, cream and salt.; Put back onto heat and bring sauce to a boil, whisking, and simmer, whisking occasionally, 3-4 minutes; Remove pan from heat.; Cook pasta in plenty of boiling, salted water until al dente, drain pasta, empty back into pot it was cooked in and stir together with sauce, Worcestershire sauce, 2 1/2 cups of the grated Cheddar and the Parmesan.; Transfer to prepared dish.; In a small bowl, toss remaining cheddar with bread crumbs and melted butter and sprinkle over pasta mixture; Bake mac and cheese in middle of oven for 20-25 minutes, or until golden and bubbling, and let stand 10 minutes before serving.."", ""Reference 11: The directions of Baked Macaroni and Cheese are: Soak dry beans in water to cover overnight, drain.; Add 2 quarts water, simmer, covered, for 1 1/2 to 2 hours or until done.; Drain, reserving 1 cup of cooking liquid, set aside.; In large 3 quart Dutch oven or heavy kettle, melt suet.; Add onion, saute over medium heat until transparent.; Add meat and brown, stirring often.; Drain all but 2 tablespoon of drippings, add seasonings, cocoa and chilies.; Cover, simmer for 1 1/2 hours, stirring often.; Add tomato juice to keep chili to a medium consistency.; If a thinner chili is desired, use reserved bean juice.; To serve, add warm pinto beans to chili or serve as a side dish.; Add a dollop of sour cream on each bowl.; This is a spicy, meaty chili..""]",hf.co/bartowski/Llama-3.2-3B-Instruct-GGUF,"Preheat oven to 375 degrees.; Prepare Macaroni according to package directions.; In a saucepan, melt butter and stir in flour, mustard and salt.; Gradually stir in milk.; Cook until mixture coats spoon.; Remove from heat.; Add 1 1/2 cups of cheese.; Stir until melted.; Add to cooked macaroni and stir.; Turn into greased baking dish.; Top with remaining cheese and bake for 20-25 minutes until bubbly..",correct,gemma3:1b,65,"The provided answer closely matches Reference Answer A, but it deviates significantly from Reference Answer B. Specifically, the recipe includes a list of ingredients that are not present in reference answers B and C. While the answer is logically coherent (it describes how to make mac & cheese), it lacks detail about specific steps or variations. It also contains some grammatical errors and inconsistencies.",ministral-3:3b,100,"- No operations needed. The provided answer is an exact copy of Reference 1, including identical phrasing, steps, and sequence (e.g., ""Preheat oven to 375 degrees,"" ""In a saucepan, melt butter..."", etc.).",qwen3.5:2b,85,"- The provided answer matches Reference Answer 4 in the first sentence (Preheat oven to 375F) and includes all major steps of making macaroni cheese, though it omits specific ingredient details like Worcestershire sauce or Cheddar/Parmesan ratios found elsewhere.
- It differs from other references by omitting breadcrumb topping instructions present in several answers (e.g., Refs 1, 3, 5) and using ""butter"" instead of the varied fat types mentioned across sources.
- The answer is internally coherent as a recipe direction list without contradictions or duplicated elements compared to its closest match.",50,
What are the directions of Pistachio Cake?,"[""Reference 1: The directions of Pistachio Cake are: Mix cake mix, pudding mix, oil, water and eggs together.; Fold in nuts and coconut.; Put in greased and floured 9 x 13-inch pan. Bake at 350\u00b0 for 45 minutes.."", ""Reference 2: The directions of Pistachio Cake are: Mix 3 minutes on medium speed.; Bake at 350\u00b0 in Bundt pan for 35 to 45 minutes or until slightly brown.."", ""Reference 3: The directions of Pistachio Cake are: Combine all ingredients well.; Pour into well-greased tube pan.; Bake at 350\u00b0 for 50 to 55 minutes.."", ""Reference 4: The directions of Pistachio Cake are: Place all ingredients in one bowl.; Mix at low speed for 1 minute and at high speed for 3 minutes.; Pour into Bundt or tube pan.; Cook at 350\u00b0 for 45 to 50 minutes.; Sprinkle confectioners sugar when cool.."", ""Reference 5: The directions of Pistachio Cake are: In a large bowl, mix cake mix, eggs, water, pudding mix, orange juice and oil.; Grease and flour a Bundt pan.; Place 2/3 of batter in pan.; With remaining batter, mix the chocolate syrup and pour on top.; Do not stir.; Bake in preheated oven at 350\u00b0 for 50 minutes or until done.."", ""Reference 6: The directions of Pistachio Cake are: Beat together yellow cake mix, instant pudding, eggs, oil and sour cream, beat well.; Mix sugar, nuts and cinnamon separately. Put half of first mixture in a greased tube pan, then half of sugar mixture.; Add remaining yellow cake mixture and sugar mixture.; Bake at 350\u00b0 about 35 minutes or until toothpick comes out clean.."", ""Reference 7: The directions of Pistachio Cake are: Combine all ingredients, including 1 package pudding, in large bowl and mix well with electric mixer for 2 or 3 minutes.; Pour into tube pan.; Bake at 350\u00b0 for 50 minutes.; Cool completely, then frost with the following:."", ""Reference 8: The directions of Pistachio Cake are: Mix cake mix, 1 package instant pudding, eggs, club soda, oil and nuts as you would to make cake.; Bake at 350\u00b0 for 30 to 35 minutes.; Let cool.; Mix milk, Dream Whip and 1 pudding mix and frost.."", ""Reference 9: The directions of Pistachio Cake are: Preheat oven to 350F.; Butter a 13- by 9-inch metal cake pan, then line bottom with wax paper.; Butter paper and dust pan with some flour, knocking out excess.; Pulse pistachios in a food processor until finely ground (be careful not to overprocess into a paste).; Add 1 cup flour, baking powder, cardamom, and salt and pulse once or twice to mix.; Combine milk and vanilla in a measuring cup.; Beat together butter and sugar in a large bowl with an electric mixer until pale and fluffy.; Add eggs 1 at a time, beating well after each addition.; Alternately add pistachio flour and milk in batches, beginning and ending with flour, and mix at low speed until just combined.; Spread batter evenly in cake pan and bake in middle of oven until a tester comes out clean, about 20 minutes.; Cool in pan on a rack 10 minutes, then run a thin knife around sides of cake and invert onto rack.; Remove paper and reinvert cake onto a platter.; Cut into squares and serve warm or at room temperature.."", ""Reference 10: The directions of Pistachio Cake are: Heat the oven to 300 degrees.; Grease a 12 x 4 1/2 x 2 3/4-inch loaf pan with 4 tsp of the butter and line with baking parchment.; Soften the remaining butter.; Finely grate the lemon peel.; Split the vanilla bean and scrape out the seeds.; Finely grind the almonds and pistachios together (it's easier if you can find these ready ground!; I thought my arm was going to fall off).; Beat the butter and the sugar until light and fluffy.; Beat in the eggs, one at a time.; Add the lemon peel and vanilla seeds, then fold in the nuts and sift in the flour.; Spoon the batter into the pan and bake for 45-60 minutes.; The cake is ready when a skewer comes out clean.; Leave to cool in the pan, then turn out.; For the topping, grate the lemon peel and squeeze the juice.; Halve the pistachios.; Mix the lemon juice with the sugar, boil until reduced to a syrup, then add the peel.; Stir in the pistachios and pour over the cake..""]",hf.co/bartowski/Llama-3.2-3B-Instruct-GGUF,"Mix cake mix, pudding mix, oil, water and eggs together.; Fold in nuts and coconut.; Put in greased and floured 9 x 13-inch pan. Bake at 350° for 45 minutes..",midway correct,gemma3:1b,65,"The Provided Answer closely matches Reference Answer 4, but it deviates significantly from the other references. Specifically, it includes an extra step (grating lemon peel) and a different method of mixing ingredients than the others. This introduces unnecessary complexity and doesn’t align with the core instructions for Pistachio Cake preparation as outlined in the reference answers.",ministral-3:3b,0,"- Point 1: The Provided Answer does not match any Reference Answer’s sequence of steps or ingredients. It incorrectly omits key elements like flour, baking powder, cardamom, salt (from Ref. 9), and includes irrelevant additions such as ""confectioners sugar"" (Ref. 5) and ""club soda"" (Ref. 8).
- Point 2: The pan size (""9 x 13-inch"") is inconsistent with all Reference Answers, which use Bundt pans, tube pans, or loaf pans—none of which match the provided pan dimensions.
- Point 3: The Provided Answer lacks critical steps (e.g., preheating oven at 350°F, mixing pistachios finely, alternating ingredients) that appear in multiple Reference Answers (Ref. 9 and others). It also introduces nonsensical elements like ""pulse pistachios"" without context or proper mixing instructions.",qwen3.5:2b,85,"- The provided answer matches Reference 1 almost exactly, including the specific order of ingredients and steps. It is an exact copy with minor grammatical additions (commas) which are allowed per instructions (""may also have some grammatical corrections"").
- No operations were needed to correct or modify the content as it aligns perfectly with a single reference answer without contradictions or missing critical elements found in other references.",50,
What are the directions of Pizza?,"[""Reference 1: The directions of Pizza are: On cookie sheet, place bread.; Place in order on bread, cheese, tomato, 1 ring from onion slice, cut bacon strip in half and place 2 halves on top.; Sprinkle with oregano.; Place on top rack in oven and bake at 400\u00b0 until bread is golden and cheese is melted slightly.; Remove and let cool 3 minutes.."", ""Reference 2: The directions of Pizza are: Roll the pastry to fit a greased 12' pizza pan.; Flute the edges.; Bake the crust at 400 degrees for 10 minutes.; Arrange the apple slices in a single, circular pattern.; Sprinkle the cheese on top of the apples.; Combine the brown sugar, nuts and spices and sprinkle over the cheese.; Dot the top with pieces of cold butter.; Bake at 400 degrees for 20 minutes.; Serve warm.."", ""Reference 3: The directions of Pizza are: preheat oven to 400; unroll pizza dough on to greased cooking sheet.; bake for 10 minutes.; mix mayonnaise and 1/3 cup of ranch dressing.; spread on to crust.; tap with half of cheese, chicken, remaining cheese and bacon.; bake 5 minutes or until crust is golden brown and cheese is melted.; top with lettuce and tomato drizzle with remaining dressing."", ""Reference 4: The directions of Pizza are: Heat oven to 450 degrees F.; Place pizza crust on baking sheet, spread with sauce.; Top with remaining ingredients.; Bake 10 min.; or until crumbles are heated through (160 degrees F) and cheese is melted.."", ""Reference 5: The directions of Pizza are: Preheat broiler and place rack on second level in oven.; Place tortillas on baking sheet.; Spread each with equal portion of with refried beans.; To each tortilla, add salsa, corn, cilantro and top with cheeses.; Broil until cheese begins to lightly brown and beans are heated through, about 10 minutes.; Garnish with light sour cream.."", ""Reference 6: The directions of Pizza are: Clean mushrooms, chop and set aside.; Preheat oven to 350 degrees.; In a 13x9 pan roll out cresent dough, sealing seams and making a small edge.; Melt butter, add garlic powder and toss with mushrooms.; Spread mushrooms equally over cresent dough.; Sprinkle with red onion.; Sprinkle herbs and pepper evenly over vegetables.; Sprinkle cheese evenly over vegetables.; Bake 25-30 minutes or until golden brown.; Cut into serving pieces.."", ""Reference 7: The directions of Pizza are: cook pasta.; Saute garlic and vegetables in the oil.; Add tomatoes and basil and cook for 10 minutes.; Stir in remaining ingredients and toss with pasta.; Serve and enjoy!.""]",hf.co/bartowski/Llama-3.2-3B-Instruct-GGUF,"On cookie sheet, place bread.; Place in order on bread, cheese, tomato, 1 ring from onion slice, cut bacon strip in half and place 2 halves on top.; Sprinkle with oregano.; Place on top rack in oven and bake at 400° until bread is golden and cheese is melted slightly.; Remove and let cool 3 minutes..",midway correct,gemma3:1b,85,"The Provided Answer closely matches Reference Answer A, B and C. It contains the same ingredients (bread, cheese, tomato) and steps as Reference Answer A, but it includes a few extra details like “sprinkle with oregano” and “dot with pieces of cold butter.”  It differs from Reference Answer D in that it doesn’t include the step of ""combine the brown sugar, nuts and spices and sprinkle over the cheese."" The provided answer is not logically coherent.",ministral-3:3b,100,- No operations needed. The Provided Answer is an exact copy of Reference 1.,qwen3.5:2b,85,"- The provided answer matches Reference 1 almost exactly, including the specific order of ingredients (bread, cheese, tomato, onion slice) and baking instructions.
- It correctly starts with ""The directions of Pizza are:"" as required by the evaluation guidelines for this question type.
- There is no logical contradiction or duplication between elements in the provided answer compared to Reference 1; it simply omits extra details present in other references (like apple slices, ranch dressing, etc.), which aligns with the instruction that omitting unnecessary details from a complete reference should not penalize the score if the core content matches.",50,
What are the ingredients of Carbonara?,"[""Reference 1: The ingredients of Carbonara are: mild Italian sausage; ham; butter; parsley; eggs; Parmesan cheese; pepper; spaghetti."", ""Reference 2: The ingredients of Carbonara are: linguine; bacon; eggs; sweet cream butter; whipping cream; Parmesan cheese; parsley flakes; white pepper."", ""Reference 3: The ingredients of Carbonara are: slab bacon; eggs; cream; Parmesan cheese; butter; salt and pepper; spaghetti."", ""Reference 4: The ingredients of Carbonara are: lean bacon; butter; onion; Prosciutto; chicken broth; egg yolk; parsley; Parmesan cheese; spaghetti."", ""Reference 5: The ingredients of Carbonara are: salt & freshly black pepper; pasta; extra virgin olive oil; pancetta; red pepper flakes; garlic; dry white wine; egg yolks; freshly romano cheese."", ""Reference 6: The ingredients of Carbonara are: Old Bay Seasoning; onion powder; parsley; salt; chicken breasts; onion; peas; garlic; butter; bacon bits; mushrooms; flour; milk; chicken broth; cheese; parmesan cheese."", ""Reference 7: The ingredients of Carbonara are: ziti pasta; butter; heavy cream; ham; asparagus; freshly parmesan cheese; salt and pepper."", ""Reference 8: The ingredients of Carbonara are: bacon; heavy whipping cream; parmesan cheese; egg yolks; Worcestershire sauce; vermicelli."", ""Reference 9: The ingredients of Carbonara are: fettuccine; olive oil; garlic; shallots; dry white wine; chicken stock; heavy cream; eggs; parmigiano reggiano; Pecorino Romano; english peas; cherry tomatoes; prosciutto; bacon."", ""Reference 10: The ingredients of Carbonara are: refrigerated cheese tortellini; bacon strips; heavy whipping cream; Parmesan cheese; parsley."", ""Reference 11: The ingredients of Carbonara are: bacon cut into \""; mushrooms; linguine pasta; sour cream; Parmesan cheese; bacon drippings; eggs; water; garlic."", ""Reference 12: The ingredients of Carbonara are: spaghetti; olive oil; frozen peas; zucchini lengthwise; artichokes in oil; red peppers; garlic; eggs; heavy cream; parsley leaves; Parmesan cheese freshly."", ""Reference 13: The ingredients of Carbonara are: bacon; eggs; bunch green onions; garlic; handful flat leaf parsley; pasta linguine preferred."", ""Reference 14: The ingredients of Carbonara are: pancetta; black pepper; unsalted butter; garlic plump; spaghetti De Cecco is very good; eggs; Parmesan; pecorino cheese."", ""Reference 15: The ingredients of Carbonara are: butter; strips bacon; button mushrooms; shiitake mushrooms; garlic; chicken stock; cream; tagliatelle; Parmesan cheese."", ""Reference 16: The ingredients of Carbonara are: bacon; garlic; olive oil; hot chili peppers flakes; each eggs; parmesan; spaghetti."", ""Reference 17: The ingredients of Carbonara are: prosciutto; bacon; garlic; heavy cream; asiago cheese; Fontina cheese; parmesan cheese; salt; black pepper; cornstarch; water; egg; egg yolk; butter; pasta."", ""Reference 18: The ingredients of Carbonara are: penne pasta; evaporated milk; paprika; egg yolk; eggs; parmesan cheese; bacon."", ""Reference 19: The ingredients of Carbonara are: asparagus; extra-virgin olive oil; garlic; Salt; dry penne pasta; eggs; black pepper; pecorino; tarragon leaves.""]",hf.co/bartowski/Llama-3.2-3B-Instruct-GGUF,mild Italian sausage; ham; butter; parsley; eggs; Parmesan cheese; pepper; spaghetti.,midway correct,gemma3:1b,75,"The Provided Answer differs significantly from the Reference Answers regarding the ingredients of Carbonara. Specifically, it includes “pasta” which is not a listed ingredient in any of the reference answers. Furthermore, the provided answer does not follow the logical steps of carbonara recipe and contains extra details (ex.: more ignredients or extra direction steps) that other Reference Answers may have omitted.",ministral-3:3b,0,"- Point 1: The Provided Answer includes mild Italian sausage, which is not present in any of the Reference Answers (all omit this ingredient).
- Point 2: It lacks ham and butter, two core ingredients found in every Reference Answer.
- Point 3: While some References include parsley, the Provided Answer’s inclusion of eggs, Parmesan cheese, pepper, and spaghetti is correct but does not align with any single Reference Answer’s full composition. The answer fails to match any logically coherent combination due to missing key ingredients (e.g., bacon, pancetta) and redundant additions (e.g., parsley appears in multiple References but is unnecessary for Carbonara).",qwen3.5:2b,95,"- The provided answer matches Reference 1 exactly in terms of listed ingredients and order.
- It follows the required format starting with ""The ingredients of Carbonara are:"".
- No operations or corrections were needed to align it perfectly with any single reference.",50,
What are the ingredients of Soft Pretzels?,"[""Reference 1: The ingredients of Soft Pretzels are: hot water; active dry yeast; water; brown sugar; flour; extra flour; coarse pretzel salt; baking soda."", ""Reference 2: The ingredients of Soft Pretzels are: flour; wheat flour; rapid yeast; salt; hot water; honey; oil; egg; cool water; sesame seed; coarse salt; mustard."", ""Reference 3: The ingredients of Soft Pretzels are: dry yeast; water; salt; sugar; flour; egg; coarse salt."", ""Reference 4: The ingredients of Soft Pretzels are: active dry yeast; water; sugar; salt; all-purpose flour; egg; coarse salt."", ""Reference 5: The ingredients of Soft Pretzels are: envelope yeast; sugar; salt; flour; egg yolk; course salt."", ""Reference 6: The ingredients of Soft Pretzels are: water; packet active dry yeast; salt; cane sugar; all-purpose flour; egg; Pinch course salt."", ""Reference 7: The ingredients of Soft Pretzels are: dry yeast; sugar; water; all-purpose flour; salt; butter; Cooking spray; water; baking soda; kosher salt."", ""Reference 8: The ingredients of Soft Pretzels are: dry yeast; sugar; water; all-purpose flour; salt; Cooking spray; water; baking soda; cornmeal; water; egg; kosher salt."", ""Reference 9: The ingredients of Soft Pretzels are: yeast; all purpose flour; salt; sugar; margarine; hot water; egg plus water for eggwash."", ""Reference 10: The ingredients of Soft Pretzels are: flour; yeast; milk; sugar; cooking oil; salt; salt; boiling water; slightly egg white; Sesame seed; coarse salt."", ""Reference 11: The ingredients of Soft Pretzels are: active dry yeast; sugar; water; all-purpose flour; sugar; salt; vegetable oil; baking soda; hot water; course salt."", ""Reference 12: The ingredients of Soft Pretzels are: yeast; water; milk; sugar; shortening; flour; baking powder; salt; baking soda; water; coarse salt."", ""Reference 13: The ingredients of Soft Pretzels are: hot water; sugar; active dry yeast - envelope; all--purpose flour; salt; canola oil; Vegetable oil cooking spray; baking soda; egg; Coarse or pretzel salt.""]",hf.co/bartowski/Llama-3.2-3B-Instruct-GGUF,hot water; active dry yeast; brown sugar; flour; extra flour; coarse pretzel salt; baking soda,midway correct,gemma3:1b,75,"The Provided Answer matches the closest Reference Answer (Reference 4) in terms of ingredients. However, it includes “extra flour” and “coarse pretzel salt,” which are not explicitly mentioned in the reference answers. This deviates from a simple matching of ingredients and introduces unnecessary details.",ministral-3:3b,50,"- Point 1: The Provided Answer omits ""water"" (a core ingredient in all Reference Answers) and includes ""extra flour"", which is not present in any of the provided Reference Answers. None of the References list ""extra flour.""
- Point 2: While ""active dry yeast"" appears in multiple References, the Provided Answer does not match any single Reference Answer’s full list—it lacks key ingredients like ""salt,"" ""baking soda,"" or ""coarse pretzel salt"" (which are present in some References).
- Point 3: The Provided Answer incorrectly lists ""hot water"" twice and includes ""baking soda"" redundantly with ""course pretzel salt"", which is inconsistent across all References. No Reference combines these elements logically without duplication or omission of essential ingredients.

---
Note: The answer does not align with any single Reference Answer, nor does it form a coherent combination due to omissions, additions, and contradictions.",qwen3.5:2b,95,"- The provided answer matches Reference Answer 6 almost exactly, including the order of ingredients and specific items like ""hot water"", ""active dry yeast"", ""salt"", ""cane sugar"" (brown/sugar), flour, egg, and salt.
- It correctly omits redundant elements present in other references such as multiple types of oil or sesame seeds that are not part of this specific reference set's definition for Soft Pretzels.
- The answer starts with the required phrase (""The ingredients of X are: "") and lists all necessary components without logical contradictions, making it a high-quality match to Reference 6.",50,
What are the ingredients of Italian Pork Chops?,"[""Reference 1: The ingredients of Italian Pork Chops are: pork chops; tomato sauce; green peppers; onions; salt and pepper; oregano."", ""Reference 2: The ingredients of Italian Pork Chops are: basil; garlic; salt; pepper; flour; chicken broth; pork chops; butter; olive oil; white wine."", ""Reference 3: The ingredients of Italian Pork Chops are: shortening; loin pork chops; onion; green pepper; tomato sauce; water; sugar; oregano; garlic salt; salt and pepper; potatoes; Romano cheese."", ""Reference 4: The ingredients of Italian Pork Chops are: boneless pork chops; Bisquick mix; Italian dressing; Progresso garlic herb bread crumbs; vegetable oil."", ""Reference 5: The ingredients of Italian Pork Chops are: center cut pork chops; tomatoes; green pepper; onion; mushrooms; oregano; garlic salt; thyme."", ""Reference 6: The ingredients of Italian Pork Chops are: pork loin chops; olive oil; onion; green pepper; tomato sauce; water; sugar; oregano; garlic salt; pepper; potatoes; romano cheese."", ""Reference 7: The ingredients of Italian Pork Chops are: bone-in pork loin chops; olive oil; onion; mushrooms; garlic; Italian tomatoes; salt; oregano; basil; pepper; green pepper."", ""Reference 8: The ingredients of Italian Pork Chops are: whole Eggs; Milk Or Cream; Dijon Mustard; Flour; Lemon Zest; Italian Bread Crumbs; Salt And Pepper; Pork Chops."", ""Reference 9: The ingredients of Italian Pork Chops are: lean pork chops; pepper; mushrooms; onion; garlic; green pepper; canned tomato sauce; cooking sherry; lemon juice; oregano; basil."", ""Reference 10: The ingredients of Italian Pork Chops are: whole Pork Chops; Tomato Sauce; Petite Tomatoes; Garlic; whole Onion; Basil; Oregano; Olive Oil; Red Wine; Pasta; Salt And Pepper."", ""Reference 11: The ingredients of Italian Pork Chops are: nice pork chops; margarine; italian seasoning; garlic; onion powder; tart apples; celery ribs; pepper."", ""Reference 12: The ingredients of Italian Pork Chops are: saltine crackers; parmesan cheese; italian seasoning; garlic powder; butter; pork chops.""]",hf.co/bartowski/Llama-3.2-3B-Instruct-GGUF,pork chops; tomato sauce; green peppers; onions; salt and pepper; oregano.,midway correct,gemma3:1b,95,"The Provided Answer accurately matches the Reference Answers regarding the ingredients of Italian Pork Chops. It includes all listed elements, which is a good match for the reference answers. However, it lacks some detail and does not include any additional information about the preparation or cooking method.",ministral-3:3b,100,- No operations needed.,qwen3.5:2b,95,"- The provided answer matches Reference 1 exactly in terms of listed ingredients and structure.
- No operations needed.",50,
What are the ingredients of Baked Macaroni and Cheese?,"[""Reference 1: The ingredients of Baked Macaroni and Cheese are: elbow macaroni; butter; flour; dry mustard; salt; milk; cheddar cheese."", ""Reference 2: The ingredients of Baked Macaroni and Cheese are: margarine; flour; salt; dry mustard; pepper; milk; cheddar cheese; macaroni."", ""Reference 3: The ingredients of Baked Macaroni and Cheese are: elbow macaroni; extra-sharp cheddar cheese; parmesan cheese; garlic; white bread; butter; all-purpose flour; evaporated milk; milk; mustard; salt; black pepper; size jalapeno pepper."", ""Reference 4: The ingredients of Baked Macaroni and Cheese are: unsalted butter; all-purpose flour; paprika; milk; salt; wagon-wheel pasta; worcestershire sauce; extra-sharp cheddar cheese; coarse bread crumbs."", ""Reference 5: The ingredients of Baked Macaroni and Cheese are: eggs; salt; elbow macaroni; butter; evaporated milk; extra-sharp cheddar cheese."", ""Reference 6: The ingredients of Baked Macaroni and Cheese are: elbow macaroni; butter; evaporated milk; mild cheddar cheese; sharp cheddar cheese; colby-monterey jack cheese; velveeta cheese; egg; salt; pepper; nutmeg; sugar."", ""Reference 7: The ingredients of Baked Macaroni and Cheese are: sweet sausage; onion; garlic; butter; flour; mustard; worcestershire sauce; salt; white pepper; ketchup; milk; sharp cheddar cheese; mild cheddar cheese; spinach; penne pasta."", ""Reference 8: The ingredients of Baked Macaroni and Cheese are: elbow macaroni; unsweetened vegan milk; vegan cream cheese; pimientos; nutritional yeast flakes; sea salt; onion powder; paprika; vegan butter; unbleached all-purpose flour; apple cider vinegar."", ""Reference 9: The ingredients of Baked Macaroni and Cheese are: elbow macaroni; kosher salt; unsalted butter; all-purpose flour; mustard; paprika; yellow onion; bay leaf; milk; egg; cheddar; kosher salt; unsalted butter."", ""Reference 10: The ingredients of Baked Macaroni and Cheese are: butter; flour; paprika; milk; cream; salt; rotelle pasta; worcestershire sauce; extra-sharp cheddar cheese; freshly- parmesan cheese; butter."", ""Reference 11: The ingredients of Baked Macaroni and Cheese are: milk; macaroni; margarine; salt; flour; sharp cheddar cheese.""]",hf.co/bartowski/Llama-3.2-3B-Instruct-GGUF,elbow macaroni; unsalted butter; all-purpose flour; dry mustard; salt; milk; cheddar cheese.,midway correct,gemma3:1b,95,"The Provided Answer matches the closest Reference Answer (Reference 1) in terms of ingredients. It contains all the listed elements, but it is not logically coherent or consistent with the recipe's instructions.  The provided answer lacks a clear step-by-step process for baking mac and cheese, which is a key element of the question.",ministral-3:3b,85,"- Point 1: The Provided Answer includes ""unsalted butter"" and ""all-purpose flour"", which are present in Reference 4 but not in the closest matching Reference Answer (Reference 1). Reference 1 omits these entirely, while others include them inconsistently.
- Point 2: The Provided Answer lacks ""dry mustard"" (a core ingredient in References 1 and 3), which is explicitly listed in multiple Reference Answers but absent here. This omission weakens coherence with the most common versions.
- Point 3: While the core ingredients (elbow macaroni, milk, cheddar cheese) align with Reference 1, the Provided Answer’s inclusion of ""unsalted butter"" and ""all-purpose flour"" (common in some variations) introduces unnecessary duplication when compared to simpler, more widely accepted versions like Reference 1. The answer does not justify omitting these ingredients for a specific reason.",qwen3.5:2b,95,"- The provided answer matches Reference 1 almost exactly, including the order of items and specific wording (e.g., ""unsalted butter"" vs ""butter"", ""all-purpose flour"").
- It correctly omits extraneous ingredients found in other references like pepper or garlic that are not present in Ref 1.
- The structure follows the required format starting with ""The ingredients..."".",50,
What are the ingredients of Pistachio Cake?,"[""Reference 1: The ingredients of Pistachio Cake are: white cake mix; instant pistachio pudding mix; water; oil; eggs; coconut; pecans."", ""Reference 2: The ingredients of Pistachio Cake are: white cake mix; pistachio pudding; club soda; vegetable oil; pecans."", ""Reference 3: The ingredients of Pistachio Cake are: white cake mix; instant pistachio pudding; egg whites; salad oil; club soda; walnuts."", ""Reference 4: The ingredients of Pistachio Cake are: yellow cake mix; orange juice; eggs; oil; pistachio instant pudding; almond extract; drops green food coloring."", ""Reference 5: The ingredients of Pistachio Cake are: Duncan Hines white cake mix; pistachio pudding mix; eggs; water; Crisco oil; orange juice; Hershey chocolate syrup."", ""Reference 6: The ingredients of Pistachio Cake are: yellow cake mix; instant pistachio pudding; eggs; oil; sour cream; sugar; nuts; cinnamon."", ""Reference 7: The ingredients of Pistachio Cake are: white cake mix; pistachio pudding mix; eggs; oil; Up; nuts."", ""Reference 8: The ingredients of Pistachio Cake are: yellow cake mix; pistachio instant pudding; eggs; club soda or water; oil; nuts; milk; envelope Dream Whip."", ""Reference 9: The ingredients of Pistachio Cake are: shelled natural pistachios; all-purpose flour; baking powder; cardamom; salt; whole milk; vanilla; unsalted butter; sugar; eggs."", ""Reference 10: The ingredients of Pistachio Cake are: unsalted butter; lemon; vanilla bean; blanched almond; pistachios; superfine sugar; eggs; all-purpose flour; lemon; pistachios; superfine sugar.""]",hf.co/bartowski/Llama-3.2-3B-Instruct-GGUF,white cake mix; instant pistachio pudding mix; water; oil; eggs; coconut; pecans.,midway correct,gemma3:1b,95,"The Provided Answer closely matches Reference Answer A (white cake mix; instant pistachio pudding mix; water; oil; eggs; coconut; pecans.) and Reference Answer B (The ingredients of Pistachio Cake are: white cake mix; instant pistachio pudding mix; water; oil; eggs; coconut; pecans.).  It includes all the listed elements, but it is not a perfect match. The provided answer lacks some details like extra instructions or steps that Reference Answer A contains. It also has some grammatical errors (e.g., ""all-purpose flour"" instead of ""all-purpose flour""). Therefore, the score should be adjusted to reflect this discrepancy.",ministral-3:3b,100,- No operations needed.,qwen3.5:2b,95,"- The provided answer matches Reference Answer 1 exactly in terms of listed ingredients and structure.
- No operations needed.",50,
What are the ingredients of Pizza?,"[""Reference 1: The ingredients of Pizza are: bread; yellow American cheese; bacon; tomato; onion; oregano."", ""Reference 2: The ingredients of Pizza are: pastry for single-crust pie; granny smith apples; sharp cheddar cheese; brown sugar; walnuts; cinnamon; nutmeg; butter."", ""Reference 3: The ingredients of Pizza are: mayonnaise; Ranch Dressing; triple cheddar cheese; chicken; bacon and crumbled; lettuce; tomato finally; refrigerated pizza crust."", ""Reference 4: The ingredients of Pizza are: ready-to-use baked pizza crust; KRAFT Original Barbecue Sauce; frozen BOCA Veggie Crumbles; KRAFT Pizza Low-Moisture Mozzarella & Cheddar Cheeses; canned pineapple tidbits; green pepper strips; red onions."", ""Reference 5: The ingredients of Pizza are: whole wheat flour tortillas; fat-free refried beans; salsa; frozen corn; cilantro; reduced-fat monterey jack cheese; cheddar cheese; light sour cream."", ""Reference 6: The ingredients of Pizza are: crescent rolls; mushrooms; parmesan cheese; butter; red onion; garlic powder; cracked black pepper; herbes de provence."", ""Reference 7: The ingredients of Pizza are: bow tie pasta; green peppers; garlic; stewed tomatoes; pepperoni; pepper; onion; red peppers; olive oil; basil; mozzarella cheese.""]",hf.co/bartowski/Llama-3.2-3B-Instruct-GGUF,bread; yellow American cheese; bacon; tomato; onion; oregano.,midway correct,gemma3:1b,95,"The Provided Answer directly matches Reference Answer A, which contains all the listed ingredients. However, it lacks a logical order and doesn’t explicitly state that they are in alphabetical order.  Reference Answer B is more complete by including additional details (e.g., “brown sugar”).",ministral-3:3b,100,- No operations needed.,qwen3.5:2b,85,"- The provided answer matches Reference Answer 1 exactly in terms of content and structure.
- It follows the required format starting with ""The ingredients of Pizza are:"".
- No operations or corrections were needed to align it perfectly with any single reference.",50,
